candidate_id,seed_id,analysis_group,congruency,n_subjects,n_human_trials,n_human_errors,n_model_errors,human_error_rate,model_error_rate,human_median_rt,model_median_rt,wasserstein_all_s,wasserstein_correct_s,wasserstein_error_s,estimability
current__factorial_gap_gate,0,young_20_29,0,12,1874,32,36,0.015306845167956282,0.02062319425098814,0.5725416666666666,0.5870667930803213,0.034753345495506835,0.03518573342220557,0.02709864088447311,ESTIMABLE
current__factorial_gap_gate,0,young_20_29,1,12,1870,136,261,0.07327093606478158,0.13303421598852083,0.6257499999999999,0.8315482904243212,0.2127502811206566,0.23232107357607173,0.12423212921841353,ESTIMABLE
current__factorial_gap_gate,0,older_80_89,0,4,1883,19,15,0.01011926280264358,0.007755986367670803,0.8423749999999999,0.804208573660173,0.08451710991604025,0.08758969198001706,0.21739208398276486,ESTIMABLE
current__factorial_gap_gate,0,older_80_89,1,4,1867,76,115,0.04088812742228673,0.061412874286012775,0.926375,1.1208469831922572,0.16526678434181208,0.16731976351811556,0.19987595854272738,ESTIMABLE
current__factorial_gap_gate,1,young_20_29,0,12,1874,32,43,0.015306845167956282,0.026461332367388606,0.5725416666666666,0.5835561211857906,0.03581744983753508,0.03628265946126971,0.033418003257704616,ESTIMABLE
current__factorial_gap_gate,1,young_20_29,1,12,1870,136,245,0.07327093606478158,0.12037997826196296,0.6257499999999999,0.8317374139731425,0.21236963746674936,0.22993850189352807,0.12571490315864356,ESTIMABLE
current__factorial_gap_gate,1,older_80_89,0,4,1883,19,14,0.01011926280264358,0.0073621912430778536,0.8423749999999999,0.8086001080462994,0.07953547586292613,0.08303714185804684,0.2851129830766268,ESTIMABLE
current__factorial_gap_gate,1,older_80_89,1,4,1867,76,121,0.04088812742228673,0.064579144768935,0.926375,1.1122616557315077,0.16399912469545136,0.16672204086514023,0.18535084065549068,ESTIMABLE
current__factorial_gap_gate,2,young_20_29,0,12,1874,32,33,0.015306845167956282,0.021746563596948515,0.5725416666666666,0.5820252018743283,0.033497552804322914,0.033987985115987406,0.02586169226002992,ESTIMABLE
current__factorial_gap_gate,2,young_20_29,1,12,1870,136,235,0.07327093606478158,0.11467849175174692,0.6257499999999999,0.8368450895105267,0.21303645278471176,0.23166396808191794,0.11147839924006465,ESTIMABLE
current__factorial_gap_gate,2,older_80_89,0,4,1883,19,12,0.01011926280264358,0.006390373026916779,0.8423749999999999,0.8119245118562443,0.08030908467981461,0.08355145961583565,0.25213703574338314,ESTIMABLE
current__factorial_gap_gate,2,older_80_89,1,4,1867,76,105,0.04088812742228673,0.05572418903826401,0.926375,1.1150917965909521,0.16433353395745276,0.1641592849480233,0.21552824048718747,ESTIMABLE
current__factorial_gap_gate,3,young_20_29,0,12,1874,32,34,0.015306845167956282,0.018940700213700933,0.5725416666666666,0.5839468419094446,0.03362092691780894,0.03396489829646923,0.042528211893747794,ESTIMABLE
current__factorial_gap_gate,3,young_20_29,1,12,1870,136,261,0.07327093606478158,0.12912328964710393,0.6257499999999999,0.8302417408492647,0.2126742608107577,0.23244893235163833,0.1220530694938248,ESTIMABLE
current__factorial_gap_gate,3,older_80_89,0,4,1883,19,16,0.01011926280264358,0.008497536361382119,0.8423749999999999,0.7962356152486245,0.08525328462062834,0.08856802754089599,0.2531557272367998,ESTIMABLE
current__factorial_gap_gate,3,older_80_89,1,4,1867,76,99,0.04088812742228673,0.053569083659013444,0.926375,1.1056686130139757,0.16778487788613866,0.16775624451918852,0.2188470002605074,ESTIMABLE
current__factorial_gap_gate,4,young_20_29,0,12,1874,32,33,0.015306845167956282,0.017473432177816745,0.5725416666666666,0.5845051721171136,0.034991749999281056,0.03546144379804869,0.03507207708321044,ESTIMABLE
current__factorial_gap_gate,4,young_20_29,1,12,1870,136,233,0.07327093606478158,0.12032302548535086,0.6257499999999999,0.8335406329231901,0.21158797127556722,0.2298303776296488,0.11324700612617031,ESTIMABLE
current__factorial_gap_gate,4,older_80_89,0,4,1883,19,20,0.01011926280264358,0.010400546273042072,0.8423749999999999,0.8089360170258343,0.08065253856415117,0.08367102077680552,0.22121036440002392,ESTIMABLE
current__factorial_gap_gate,4,older_80_89,1,4,1867,76,114,0.04088812742228673,0.060454270965460494,0.926375,1.1124314083435278,0.164247734848869,0.1640475386651642,0.22865805729919753,ESTIMABLE
current__factorial_gap_gate,5,young_20_29,0,12,1874,32,34,0.015306845167956282,0.014118490987542698,0.5725416666666666,0.5835271764058209,0.034497751461229145,0.03458060093128086,0.03704939713715388,ESTIMABLE
current__factorial_gap_gate,5,young_20_29,1,12,1870,136,249,0.07327093606478158,0.1255787019341183,0.6257499999999999,0.8332328548653388,0.2117123947727556,0.23016227620028396,0.12186294513924265,ESTIMABLE
current__factorial_gap_gate,5,older_80_89,0,4,1883,19,20,0.01011926280264358,0.010063103741469237,0.8423749999999999,0.8030200464028292,0.08202281191603547,0.08521641832406876,0.23952085166523499,ESTIMABLE
current__factorial_gap_gate,5,older_80_89,1,4,1867,76,119,0.04088812742228673,0.06430635947669447,0.926375,1.1157413536776382,0.16578231840755508,0.16833260740232334,0.19293612570976365,ESTIMABLE
current__factorial_gap_gate,6,young_20_29,0,12,1874,32,40,0.015306845167956282,0.02292937794555495,0.5725416666666666,0.5845870726642476,0.034110960904989905,0.034445042316040314,0.03997487555146773,ESTIMABLE
current__factorial_gap_gate,6,young_20_29,1,12,1870,136,253,0.07327093606478158,0.13164380646858145,0.6257499999999999,0.8347162944823966,0.21291953452453838,0.2313023290766098,0.12605028487871173,ESTIMABLE
current__factorial_gap_gate,6,older_80_89,0,4,1883,19,13,0.01011926280264358,0.006874865490367366,0.8423749999999999,0.8094277685580024,0.08153541104860113,0.08408932237406395,0.1719039289436291,ESTIMABLE
current__factorial_gap_gate,6,older_80_89,1,4,1867,76,111,0.04088812742228673,0.059368657578368234,0.926375,1.1080859645182235,0.1666238456305119,0.16859384353322773,0.19196096290617723,ESTIMABLE
current__factorial_gap_gate,7,young_20_29,0,12,1874,32,29,0.015306845167956282,0.014103522821371478,0.5725416666666666,0.5847372918509817,0.033302667845485925,0.03410246337509008,0.03110806098769093,ESTIMABLE
current__factorial_gap_gate,7,young_20_29,1,12,1870,136,246,0.07327093606478158,0.1283920673243498,0.6257499999999999,0.8343046573381634,0.2131526179198559,0.2315332391225305,0.12253056263630949,ESTIMABLE
current__factorial_gap_gate,7,older_80_89,0,4,1883,19,11,0.01011926280264358,0.005647878603452144,0.8423749999999999,0.8108200129645264,0.08135086598643734,0.08394778941024117,0.16088975806332736,ESTIMABLE
current__factorial_gap_gate,7,older_80_89,1,4,1867,76,116,0.04088812742228673,0.06218323221789726,0.926375,1.1072243526597743,0.1618222765904599,0.1630031039355388,0.2017469980077163,ESTIMABLE
current__factorial_gap_gate,8,young_20_29,0,12,1874,32,42,0.015306845167956282,0.022844495965610574,0.5725416666666666,0.5851320045635128,0.03386108495407864,0.03461265053387289,0.0192449243918668,ESTIMABLE
current__factorial_gap_gate,8,young_20_29,1,12,1870,136,251,0.07327093606478158,0.1292966531940473,0.6257499999999999,0.8313199849194096,0.21078587926088074,0.22870438807476956,0.12652133105505578,ESTIMABLE
current__factorial_gap_gate,8,older_80_89,0,4,1883,19,16,0.01011926280264358,0.008665785412291876,0.8423749999999999,0.8022540865061347,0.08189255009445509,0.08426445953938849,0.15338746645429652,ESTIMABLE
current__factorial_gap_gate,8,older_80_89,1,4,1867,76,102,0.04088812742228673,0.054365897789320855,0.926375,1.1120664437163459,0.16658511535651793,0.167207830508253,0.20758011781163435,ESTIMABLE
current__factorial_gap_gate,9,young_20_29,0,12,1874,32,36,0.015306845167956282,0.015272335428424183,0.5725416666666666,0.5843900223360904,0.03353031112119441,0.033373828585121695,0.05502670432667084,ESTIMABLE
current__factorial_gap_gate,9,young_20_29,1,12,1870,136,250,0.07327093606478158,0.1271356150965386,0.6257499999999999,0.8349354488358046,0.2126096274467436,0.23179019036262655,0.11841158866446574,ESTIMABLE
current__factorial_gap_gate,9,older_80_89,0,4,1883,19,24,0.01011926280264358,0.012554002706689493,0.8423749999999999,0.803180402184968,0.08903304725930031,0.09294706729296977,0.29051721226042304,ESTIMABLE
current__factorial_gap_gate,9,older_80_89,1,4,1867,76,123,0.04088812742228673,0.06612879688784706,0.926375,1.119737789227035,0.16861200912227622,0.17077465697769162,0.21177144262206088,ESTIMABLE
current__factorial_joint_first_passage,0,young_20_29,0,12,1874,32,0,0.015306845167956282,0.0,0.5725416666666666,0.5870667930803213,0.034753345495506835,0.035035841729400524,,ESTIMABLE
current__factorial_joint_first_passage,0,young_20_29,1,12,1870,136,269,0.07327093606478158,0.13740590214091322,0.6257499999999999,0.8194132028454927,0.20231645498336062,0.22580385574620032,0.0968557856146666,ESTIMABLE
current__factorial_joint_first_passage,0,older_80_89,0,4,1883,19,0,0.01011926280264358,0.0,0.8423749999999999,0.804208573660173,0.08453835261386287,0.08771701407318144,,ESTIMABLE
current__factorial_joint_first_passage,0,older_80_89,1,4,1867,76,85,0.04088812742228673,0.0452873022631364,0.926375,1.1186404729617592,0.16343258877990788,0.1653490393505535,0.1528430695274913,ESTIMABLE
current__factorial_joint_first_passage,1,young_20_29,0,12,1874,32,0,0.015306845167956282,0.0,0.5725416666666666,0.5835561211857906,0.03581744983753508,0.03605345898787646,,ESTIMABLE
current__factorial_joint_first_passage,1,young_20_29,1,12,1870,136,268,0.07327093606478158,0.13595163940752897,0.6257499999999999,0.8220854637273177,0.20148506744075204,0.22465361402901957,0.09686924753801789,ESTIMABLE
current__factorial_joint_first_passage,1,older_80_89,0,4,1883,19,0,0.01011926280264358,0.0,0.8423749999999999,0.8086001080462994,0.07955671856074875,0.08266338050740074,,ESTIMABLE
current__factorial_joint_first_passage,1,older_80_89,1,4,1867,76,87,0.04088812742228673,0.04632873832070519,0.926375,1.1109181410352047,0.16259848059683543,0.16417110050952666,0.1487435671708394,ESTIMABLE
current__factorial_joint_first_passage,2,young_20_29,0,12,1874,32,0,0.015306845167956282,0.0,0.5725416666666666,0.5820252018743283,0.033497552804322914,0.033748173362240196,,ESTIMABLE
current__factorial_joint_first_passage,2,young_20_29,1,12,1870,136,274,0.07327093606478158,0.13501724914707405,0.6257499999999999,0.8241621575439618,0.20189278189598697,0.225028180233508,0.10074808108323322,ESTIMABLE
current__factorial_joint_first_passage,2,older_80_89,0,4,1883,19,0,0.01011926280264358,0.0,0.8423749999999999,0.8119245118562443,0.08031970602872593,0.0834303778424299,,ESTIMABLE
current__factorial_joint_first_passage,2,older_80_89,1,4,1867,76,77,0.04088812742228673,0.04096117715736142,0.926375,1.1149075725050182,0.16292887177009555,0.16351038202695184,0.1570152731859562,ESTIMABLE
current__factorial_joint_first_passage,3,young_20_29,0,12,1874,32,0,0.015306845167956282,0.0,0.5725416666666666,0.5839468419094446,0.03362092691780894,0.0338991840923315,,ESTIMABLE
current__factorial_joint_first_passage,3,young_20_29,1,12,1870,136,276,0.07327093606478158,0.1418089016662998,0.6257499999999999,0.8237473467382944,0.20177586508883258,0.2253000875750335,0.09959348110301872,ESTIMABLE
current__factorial_joint_first_passage,3,older_80_89,0,4,1883,19,0,0.01011926280264358,0.0,0.8423749999999999,0.7962356152486245,0.08525328462062834,0.0883411413009634,,ESTIMABLE
current__factorial_joint_first_passage,3,older_80_89,1,4,1867,76,85,0.04088812742228673,0.04565471126598275,0.926375,1.1044038741282314,0.16563721368318332,0.16750245633341504,0.15382126579599303,ESTIMABLE
current__factorial_joint_first_passage,4,young_20_29,0,12,1874,32,0,0.015306845167956282,0.0,0.5725416666666666,0.5845051721171136,0.034991749999281056,0.03524422724105327,,ESTIMABLE
current__factorial_joint_first_passage,4,young_20_29,1,12,1870,136,275,0.07327093606478158,0.13680182207434705,0.6257499999999999,0.8201774759503521,0.2007856612786642,0.22434677944024958,0.09924449090426757,ESTIMABLE
current__factorial_joint_first_passage,4,older_80_89,0,4,1883,19,0,0.01011926280264358,0.0,0.8423749999999999,0.8089360170258343,0.08066315991306247,0.08378934998805143,,ESTIMABLE
current__factorial_joint_first_passage,4,older_80_89,1,4,1867,76,86,0.04088812742228673,0.045747480337406415,0.926375,1.111799020586811,0.16225818606000506,0.16354856707679422,0.1617834767037112,ESTIMABLE
current__factorial_joint_first_passage,5,young_20_29,0,12,1874,32,0,0.015306845167956282,0.0,0.5725416666666666,0.5835271764058209,0.034497751461229145,0.03476580798404445,,ESTIMABLE
current__factorial_joint_first_passage,5,young_20_29,1,12,1870,136,270,0.07327093606478158,0.13788491417083912,0.6257499999999999,0.8236974060236951,0.20130114081702283,0.2241916876068421,0.10011124683528835,ESTIMABLE
current__factorial_joint_first_passage,5,older_80_89,0,4,1883,19,0,0.01011926280264358,0.0,0.8423749999999999,0.8030200464028292,0.08202281191603547,0.08511322990586724,,ESTIMABLE
current__factorial_joint_first_passage,5,older_80_89,1,4,1867,76,81,0.04088812742228673,0.04308551154308285,0.926375,1.1136708149123233,0.16403471640312084,0.16571682773724267,0.14092489675874925,ESTIMABLE
current__factorial_joint_first_passage,6,young_20_29,0,12,1874,32,0,0.015306845167956282,0.0,0.5725416666666666,0.5845870726642476,0.034110960904989905,0.03435285494845598,,ESTIMABLE
current__factorial_joint_first_passage,6,young_20_29,1,12,1870,136,271,0.07327093606478158,0.1400134781078222,0.6257499999999999,0.8217991850946054,0.20173236874913728,0.22413090789721374,0.102970025750688,ESTIMABLE
current__factorial_joint_first_passage,6,older_80_89,0,4,1883,19,0,0.01011926280264358,0.0,0.8423749999999999,0.8094277685580024,0.08153541104860113,0.08449685013735295,,ESTIMABLE
current__factorial_joint_first_passage,6,older_80_89,1,4,1867,76,83,0.04088812742228673,0.04433195994323144,0.926375,1.1038775351495436,0.16475431837073595,0.1652695583779618,0.1704700286710661,ESTIMABLE
current__factorial_joint_first_passage,7,young_20_29,0,12,1874,32,0,0.015306845167956282,0.0,0.5725416666666666,0.5847372918509817,0.033302667845485925,0.03354931412483575,,ESTIMABLE
current__factorial_joint_first_passage,7,young_20_29,1,12,1870,136,269,0.07327093606478158,0.14255742636940097,0.6257499999999999,0.8246702968501397,0.20257621736889658,0.2249233223678754,0.10389976701760734,ESTIMABLE
current__factorial_joint_first_passage,7,older_80_89,0,4,1883,19,0,0.01011926280264358,0.0,0.8423749999999999,0.8108200129645264,0.08135086598643734,0.08450129880776594,,ESTIMABLE
current__factorial_joint_first_passage,7,older_80_89,1,4,1867,76,87,0.04088812742228673,0.046627473911897144,0.926375,1.1062130793779121,0.16014958698263207,0.16022831837655466,0.17819318236315673,ESTIMABLE
current__factorial_joint_first_passage,8,young_20_29,0,12,1874,32,0,0.015306845167956282,0.0,0.5725416666666666,0.5851320045635128,0.03386108495407864,0.03411068538347982,,ESTIMABLE
current__factorial_joint_first_passage,8,young_20_29,1,12,1870,136,271,0.07327093606478158,0.13421197398615226,0.6257499999999999,0.8227719499408884,0.20061206132933382,0.22307866662621212,0.1024859863665315,ESTIMABLE
current__factorial_joint_first_passage,8,older_80_89,0,4,1883,19,0,0.01011926280264358,0.0,0.8423749999999999,0.8022540865061347,0.0819031714433664,0.08493250121264986,,ESTIMABLE
current__factorial_joint_first_passage,8,older_80_89,1,4,1867,76,85,0.04088812742228673,0.04555717326189643,0.926375,1.1091551520830127,0.1644879446000659,0.16538587648054517,0.16594980665053596,ESTIMABLE
current__factorial_joint_first_passage,9,young_20_29,0,12,1874,32,0,0.015306845167956282,0.0,0.5725416666666666,0.5843900223360904,0.03353031112119441,0.03379051678093431,,ESTIMABLE
current__factorial_joint_first_passage,9,young_20_29,1,12,1870,136,264,0.07327093606478158,0.1343328428187918,0.6257499999999999,0.8243616318126872,0.20262482993426062,0.22399253627751994,0.10490126603527343,ESTIMABLE
current__factorial_joint_first_passage,9,older_80_89,0,4,1883,19,0,0.01011926280264358,0.0,0.8423749999999999,0.803180402184968,0.08904366860821161,0.0920853504691215,,ESTIMABLE
current__factorial_joint_first_passage,9,older_80_89,1,4,1867,76,100,0.04088812742228673,0.05347059147773858,0.926375,1.1187176605933602,0.167096319841952,0.16976812156532303,0.16763915910138077,ESTIMABLE
current__snapshot_nonaccum_exploratory,0,young_20_29,0,12,1874,32,13,0.015306845167956282,0.005341479810434054,0.5725416666666666,0.5662372568723201,0.031863534801596476,0.032202036917978544,0.05514763995462951,ESTIMABLE
current__snapshot_nonaccum_exploratory,0,young_20_29,1,12,1870,136,1310,0.07327093606478158,0.7010314403442424,0.6257499999999999,0.6232549427309877,0.03372364856253628,0.0324788610918221,0.08125065751317848,ESTIMABLE
current__snapshot_nonaccum_exploratory,0,older_80_89,0,4,1883,19,18,0.01011926280264358,0.009925919771583663,0.8423749999999999,0.8682519854487035,0.044022918007265474,0.04396630024651642,0.33842873978603477,ESTIMABLE
current__snapshot_nonaccum_exploratory,0,older_80_89,1,4,1867,76,1299,0.04088812742228673,0.694964900733734,0.926375,0.9403678375881357,0.029329970996172343,0.0335639192087506,0.18714974505608434,ESTIMABLE
current__snapshot_nonaccum_exploratory,1,young_20_29,0,12,1874,32,16,0.015306845167956282,0.006723618583640363,0.5725416666666666,0.5601636214964538,0.03148478269642672,0.03183156729936666,0.034157178637201524,ESTIMABLE
current__snapshot_nonaccum_exploratory,1,young_20_29,1,12,1870,136,1237,0.07327093606478158,0.6455359611987295,0.6257499999999999,0.6188117336671027,0.03699555750133729,0.028571151063869496,0.08520247869049284,ESTIMABLE
current__snapshot_nonaccum_exploratory,1,older_80_89,0,4,1883,19,10,0.01011926280264358,0.004948843989909718,0.8423749999999999,0.8741621483794146,0.04398517615294666,0.04413080533161155,0.30379638949164034,ESTIMABLE
current__snapshot_nonaccum_exploratory,1,older_80_89,1,4,1867,76,1323,0.04088812742228673,0.7108516676966312,0.926375,0.9429839198759842,0.029048850777951267,0.03230645822354359,0.18666546703214154,ESTIMABLE
current__snapshot_nonaccum_exploratory,2,young_20_29,0,12,1874,32,16,0.015306845167956282,0.007485468188082563,0.5725416666666666,0.5638920644385859,0.03063045742999217,0.031163267371567323,0.040086556756147765,ESTIMABLE
current__snapshot_nonaccum_exploratory,2,young_20_29,1,12,1870,136,1265,0.07327093606478158,0.6664177954394536,0.6257499999999999,0.623931279722424,0.03670977057810626,0.030112684825650965,0.08518301018536986,ESTIMABLE
current__snapshot_nonaccum_exploratory,2,older_80_89,0,4,1883,19,14,0.01011926280264358,0.007936934669832696,0.8423749999999999,0.8721087790384086,0.046372431395634066,0.046198469527497135,0.40768285563025214,ESTIMABLE
current__snapshot_nonaccum_exploratory,2,older_80_89,1,4,1867,76,1295,0.04088812742228673,0.6955467525140958,0.926375,0.9467313389565646,0.03085591690854135,0.0394380318411575,0.18716477557324668,ESTIMABLE
current__snapshot_nonaccum_exploratory,3,young_20_29,0,12,1874,32,11,0.015306845167956282,0.005756362281945149,0.5725416666666666,0.5675220766324112,0.030955316696232728,0.03148182788864891,0.05299053412889501,ESTIMABLE
current__snapshot_nonaccum_exploratory,3,young_20_29,1,12,1870,136,1255,0.07327093606478158,0.6712648441127244,0.6257499999999999,0.614368021688582,0.03430829680188406,0.03367332781557862,0.0816285223220102,ESTIMABLE
current__snapshot_nonaccum_exploratory,3,older_80_89,0,4,1883,19,14,0.01011926280264358,0.007513516948168847,0.8423749999999999,0.8599637021822886,0.04437864213668491,0.04444185753360199,0.34323043480293913,ESTIMABLE
current__snapshot_nonaccum_exploratory,3,older_80_89,1,4,1867,76,1321,0.04088812742228673,0.7071106670915441,0.926375,0.9573966166751018,0.038734346045451354,0.04165412719942445,0.1929251936076107,ESTIMABLE
current__snapshot_nonaccum_exploratory,4,young_20_29,0,12,1874,32,10,0.015306845167956282,0.005952407735659693,0.5725416666666666,0.5655505400398549,0.03308155607993426,0.03337496684894206,0.060906449551470315,ESTIMABLE
current__snapshot_nonaccum_exploratory,4,young_20_29,1,12,1870,136,1270,0.07327093606478158,0.6799564959244129,0.6257499999999999,0.6204352014782669,0.03706412919510719,0.038984872361921025,0.08261712905326173,ESTIMABLE
current__snapshot_nonaccum_exploratory,4,older_80_89,0,4,1883,19,15,0.01011926280264358,0.007709693268488693,0.8423749999999999,0.8762730796881952,0.04582408140640493,0.04578113867568776,0.3746921033095979,ESTIMABLE
current__snapshot_nonaccum_exploratory,4,older_80_89,1,4,1867,76,1266,0.04088812742228673,0.6775263144879726,0.926375,0.937658908684994,0.03329096820230829,0.03195969266007894,0.17651653932769518,ESTIMABLE
current__snapshot_nonaccum_exploratory,5,young_20_29,0,12,1874,32,10,0.015306845167956282,0.00600032724847525,0.5725416666666666,0.5686069767582154,0.03475600815835114,0.034931438390744037,0.09172542191029126,ESTIMABLE
current__snapshot_nonaccum_exploratory,5,young_20_29,1,12,1870,136,1268,0.07327093606478158,0.6799378361484596,0.6257499999999999,0.6228505297685022,0.03678994157147708,0.03948468644443309,0.08138181312214525,ESTIMABLE
current__snapshot_nonaccum_exploratory,5,older_80_89,0,4,1883,19,12,0.01011926280264358,0.006342191068228031,0.8423749999999999,0.8673680709074123,0.042429765955965856,0.04212549465402371,0.3611168615940639,ESTIMABLE
current__snapshot_nonaccum_exploratory,5,older_80_89,1,4,1867,76,1297,0.04088812742228673,0.6935409421707682,0.926375,0.9421683995643035,0.034389864057446526,0.04010750299280168,0.18745579070436696,ESTIMABLE
current__snapshot_nonaccum_exploratory,6,young_20_29,0,12,1874,32,15,0.015306845167956282,0.008328588421181024,0.5725416666666666,0.572760876966618,0.03230423308593401,0.03278971716868753,0.05525456136630706,ESTIMABLE
current__snapshot_nonaccum_exploratory,6,young_20_29,1,12,1870,136,1289,0.07327093606478158,0.6936792017717971,0.6257499999999999,0.6187622604306536,0.02961852834476214,0.031680510776383466,0.07621059671321757,ESTIMABLE
current__snapshot_nonaccum_exploratory,6,older_80_89,0,4,1883,19,12,0.01011926280264358,0.00658799183118991,0.8423749999999999,0.8684311179760613,0.0432599422528914,0.04296380123653979,0.36316240650989545,ESTIMABLE
current__snapshot_nonaccum_exploratory,6,older_80_89,1,4,1867,76,1317,0.04088812742228673,0.7060596951219298,0.926375,0.9311871525638915,0.03608691671306125,0.05392093606260302,0.17674277764331048,ESTIMABLE
current__snapshot_nonaccum_exploratory,7,young_20_29,0,12,1874,32,14,0.015306845167956282,0.0058418266918428,0.5725416666666666,0.5688039648294653,0.03382745445141348,0.0340786431267051,0.048704184250967585,ESTIMABLE
current__snapshot_nonaccum_exploratory,7,young_20_29,1,12,1870,136,1249,0.07327093606478158,0.6740736374026984,0.6257499999999999,0.6203974892591798,0.03648369605930339,0.03812640812283717,0.07918597905176908,ESTIMABLE
current__snapshot_nonaccum_exploratory,7,older_80_89,0,4,1883,19,14,0.01011926280264358,0.007895363719417126,0.8423749999999999,0.8693330297303933,0.04172661497402601,0.041421180387140426,0.3106790456410166,ESTIMABLE
current__snapshot_nonaccum_exploratory,7,older_80_89,1,4,1867,76,1278,0.04088812742228673,0.6859501579246261,0.926375,0.9468450424044822,0.033629242130927196,0.038532237574148705,0.18634967365731264,ESTIMABLE
current__snapshot_nonaccum_exploratory,8,young_20_29,0,12,1874,32,24,0.015306845167956282,0.011570863462530806,0.5725416666666666,0.5761015893929454,0.032310040773949195,0.03289505014856978,0.03704308850007169,ESTIMABLE
current__snapshot_nonaccum_exploratory,8,young_20_29,1,12,1870,136,1268,0.07327093606478158,0.6634457558477894,0.6257499999999999,0.6139200540619255,0.03371434527831876,0.03022151294608582,0.07967991804261203,ESTIMABLE
current__snapshot_nonaccum_exploratory,8,older_80_89,0,4,1883,19,17,0.01011926280264358,0.009018954016222575,0.8423749999999999,0.878707655971062,0.04665290398989018,0.046118798098290045,0.27984395238558035,ESTIMABLE
current__snapshot_nonaccum_exploratory,8,older_80_89,1,4,1867,76,1304,0.04088812742228673,0.6975731006180139,0.926375,0.9455187081733277,0.03518290257979314,0.04195337023033971,0.18744652564999642,ESTIMABLE
current__snapshot_nonaccum_exploratory,9,young_20_29,0,12,1874,32,12,0.015306845167956282,0.003111583204175807,0.5725416666666666,0.5525570118085195,0.030278174343150322,0.030577101260763677,0.059174341487551435,ESTIMABLE
current__snapshot_nonaccum_exploratory,9,young_20_29,1,12,1870,136,1284,0.07327093606478158,0.6888017606312239,0.6257499999999999,0.6132269975290338,0.03171479374740683,0.03708470291466132,0.0739831233929699,ESTIMABLE
current__snapshot_nonaccum_exploratory,9,older_80_89,0,4,1883,19,12,0.01011926280264358,0.006753407592839683,0.8423749999999999,0.8686118191644578,0.04456381673642268,0.044459196175325316,0.3688686944583154,ESTIMABLE
current__snapshot_nonaccum_exploratory,9,older_80_89,1,4,1867,76,1265,0.04088812742228673,0.6799358726517817,0.926375,0.9431011397777207,0.03005311013881827,0.03212470118063814,0.18432972430921893,ESTIMABLE
saved_current_gate_execution_reference,0,young_20_29,0,12,1874,32,41,0.015306845167956282,0.022359051208304653,0.5725416666666666,0.5865806837409938,0.03650703042147298,0.03700694162744232,0.05200943728186022,ESTIMABLE
saved_current_gate_execution_reference,0,young_20_29,1,12,1870,136,253,0.07327093606478158,0.128708543502293,0.6257499999999999,0.8305730924400653,0.20840816214161534,0.22783837353020828,0.11814912969694451,ESTIMABLE
saved_current_gate_execution_reference,0,older_80_89,0,4,1883,19,21,0.01011926280264358,0.010885038736492603,0.8423749999999999,0.8076960746758552,0.08361257848121087,0.08508676222719755,0.10193006701995258,ESTIMABLE
saved_current_gate_execution_reference,0,older_80_89,1,4,1867,76,97,0.04088812742228673,0.051591632008646304,0.926375,1.1154125571853089,0.16728565657030708,0.16838146101999696,0.19094363051731963,ESTIMABLE
saved_current_gate_execution_reference,1,young_20_29,0,12,1874,32,38,0.015306845167956282,0.01960988075864331,0.5725416666666666,0.582956444566397,0.03754195298445965,0.03815854608026706,0.02591534294312108,ESTIMABLE
saved_current_gate_execution_reference,1,young_20_29,1,12,1870,136,250,0.07327093606478158,0.1271264949820725,0.6257499999999999,0.8254891348871234,0.2101473448249902,0.22905086324840934,0.1194111421272713,ESTIMABLE
saved_current_gate_execution_reference,1,older_80_89,0,4,1883,19,15,0.01011926280264358,0.007589626176267683,0.8423749999999999,0.8120213586798641,0.07694103111694894,0.08097866353009994,0.3504815361282832,ESTIMABLE
saved_current_gate_execution_reference,1,older_80_89,1,4,1867,76,119,0.04088812742228673,0.06299365191873998,0.926375,1.1081874090707111,0.162844203043691,0.1652252536613876,0.19217425778343933,ESTIMABLE
saved_current_gate_execution_reference,2,young_20_29,0,12,1874,32,38,0.015306845167956282,0.019895633130132057,0.5725416666666666,0.5848286350312778,0.03652526925571768,0.03720293382588765,0.0224778102959477,ESTIMABLE
saved_current_gate_execution_reference,2,young_20_29,1,12,1870,136,271,0.07327093606478158,0.1326258027742095,0.6257499999999999,0.8257193275602406,0.20915782500218572,0.22711849326319555,0.1379541040343658,ESTIMABLE
saved_current_gate_execution_reference,2,older_80_89,0,4,1883,19,22,0.01011926280264358,0.011503688348722979,0.8423749999999999,0.8080166665048757,0.08356910594725606,0.08582604261930454,0.1598939055397177,ESTIMABLE
saved_current_gate_execution_reference,2,older_80_89,1,4,1867,76,117,0.04088812742228673,0.06190859228647458,0.926375,1.1109384064472565,0.1657117270900172,0.1672492980375333,0.20429715814763943,ESTIMABLE
saved_current_gate_execution_reference,3,young_20_29,0,12,1874,32,39,0.015306845167956282,0.01951504886948069,0.5725416666666666,0.5823381053132449,0.035021749075760125,0.035610898430390246,0.028077363379389216,ESTIMABLE
saved_current_gate_execution_reference,3,young_20_29,1,12,1870,136,261,0.07327093606478158,0.13877359828143723,0.6257499999999999,0.826430675888057,0.21000887405528573,0.22813226313237567,0.13205814092580043,ESTIMABLE
saved_current_gate_execution_reference,3,older_80_89,0,4,1883,19,19,0.01011926280264358,0.010123984951410148,0.8423749999999999,0.805426735533015,0.0847934892971634,0.08751752282033462,0.19331715051947848,ESTIMABLE
saved_current_gate_execution_reference,3,older_80_89,1,4,1867,76,116,0.04088812742228673,0.061687113795073856,0.926375,1.1125006940718318,0.16972823262967932,0.1731272250128415,0.18287691049456298,ESTIMABLE
saved_current_gate_execution_reference,4,young_20_29,0,12,1874,32,28,0.015306845167956282,0.014383139306723728,0.5725416666666666,0.5846976613860059,0.0346161011508684,0.03440045340188826,0.08805970726609073,ESTIMABLE
saved_current_gate_execution_reference,4,young_20_29,1,12,1870,136,245,0.07327093606478158,0.12620399294315301,0.6257499999999999,0.8229215090046104,0.20868706624718303,0.22709559089979836,0.11868335406385239,ESTIMABLE
saved_current_gate_execution_reference,4,older_80_89,0,4,1883,19,18,0.01011926280264358,0.009470299007296512,0.8423749999999999,0.8098834752815526,0.08365283749864653,0.08731602158490401,0.28416478436420006,ESTIMABLE
saved_current_gate_execution_reference,4,older_80_89,1,4,1867,76,102,0.04088812742228673,0.05470875699484151,0.926375,1.1133662770414159,0.16677771207370048,0.16933604363578708,0.17379742159115602,ESTIMABLE
saved_current_gate_execution_reference,5,young_20_29,0,12,1874,32,32,0.015306845167956282,0.018998430180690307,0.5725416666666666,0.5832558388628707,0.03612467734678192,0.03654537992195661,0.03416572458331307,ESTIMABLE
saved_current_gate_execution_reference,5,young_20_29,1,12,1870,136,259,0.07327093606478158,0.13320123904764167,0.6257499999999999,0.8239870728620446,0.20841010321550799,0.2256054467588126,0.1350263880735172,ESTIMABLE
saved_current_gate_execution_reference,5,older_80_89,0,4,1883,19,19,0.01011926280264358,0.009836613238032726,0.8423749999999999,0.8073162115550793,0.08398219307859445,0.08648568807111257,0.16614721004996227,ESTIMABLE
saved_current_gate_execution_reference,5,older_80_89,1,4,1867,76,120,0.04088812742228673,0.06500704391766052,0.926375,1.1159770112382865,0.16611147057354492,0.1694811174575827,0.18135805212822464,ESTIMABLE
saved_current_gate_execution_reference,6,young_20_29,0,12,1874,32,35,0.015306845167956282,0.017449042301477712,0.5725416666666666,0.5848735205155324,0.03718984534515661,0.037432080244185525,0.039440954626435556,ESTIMABLE
saved_current_gate_execution_reference,6,young_20_29,1,12,1870,136,252,0.07327093606478158,0.13177478792054897,0.6257499999999999,0.8286969501738982,0.21132186563937738,0.2306420884292331,0.11785590538545068,ESTIMABLE
saved_current_gate_execution_reference,6,older_80_89,0,4,1883,19,14,0.01011926280264358,0.007803721950806197,0.8423749999999999,0.8058961480647262,0.082113742695409,0.0852115613244542,0.2189371584194108,ESTIMABLE
saved_current_gate_execution_reference,6,older_80_89,1,4,1867,76,113,0.04088812742228673,0.0612888800835035,0.926375,1.1140483181838405,0.16780922350326977,0.16910218163414265,0.19992041823281553,ESTIMABLE
saved_current_gate_execution_reference,7,young_20_29,0,12,1874,32,43,0.015306845167956282,0.02365992625715896,0.5725416666666666,0.5844224639255936,0.037582990644208294,0.038032138505640446,0.03160601869204206,ESTIMABLE
saved_current_gate_execution_reference,7,young_20_29,1,12,1870,136,248,0.07327093606478158,0.13278488485014764,0.6257499999999999,0.829444676013524,0.21178665200536584,0.22914816570581198,0.12902383661462294,ESTIMABLE
saved_current_gate_execution_reference,7,older_80_89,0,4,1883,19,10,0.01011926280264358,0.005282508802469277,0.8423749999999999,0.8080745484622573,0.08103753282824305,0.08462130419652471,0.3165364369833176,ESTIMABLE
saved_current_gate_execution_reference,7,older_80_89,1,4,1867,76,106,0.04088812742228673,0.057488945119908125,0.926375,1.1105314584057382,0.16480841814925068,0.16867543926268708,0.15421302606543094,ESTIMABLE
saved_current_gate_execution_reference,8,young_20_29,0,12,1874,32,48,0.015306845167956282,0.0261574687892278,0.5725416666666666,0.5852287310972781,0.037389935205235994,0.03772559762560979,0.03868331854540829,ESTIMABLE
saved_current_gate_execution_reference,8,young_20_29,1,12,1870,136,260,0.07327093606478158,0.13480737748355356,0.6257499999999999,0.8215654567604186,0.20834609861053882,0.22645875530304335,0.12845285476094453,ESTIMABLE
saved_current_gate_execution_reference,8,older_80_89,0,4,1883,19,19,0.01011926280264358,0.010123040521656829,0.8423749999999999,0.8092079364107159,0.08115187836649408,0.08527835982751006,0.3236776712826598,ESTIMABLE
saved_current_gate_execution_reference,8,older_80_89,1,4,1867,76,111,0.04088812742228673,0.05882510082537401,0.926375,1.1157642863647017,0.16628869533743776,0.16787047710334696,0.1988366499860585,ESTIMABLE
saved_current_gate_execution_reference,9,young_20_29,0,12,1874,32,38,0.015306845167956282,0.02438168827384295,0.5725416666666666,0.5832315892406205,0.03628067288831893,0.03679179041049389,0.019702242415857107,ESTIMABLE
saved_current_gate_execution_reference,9,young_20_29,1,12,1870,136,251,0.07327093606478158,0.12116838458607555,0.6257499999999999,0.825043311884908,0.20866516056125822,0.22732160575666052,0.12112381015572757,ESTIMABLE
saved_current_gate_execution_reference,9,older_80_89,0,4,1883,19,13,0.01011926280264358,0.007072484294640469,0.8423749999999999,0.8093567221218991,0.08323742986646211,0.08638902368338619,0.2251372798093062,ESTIMABLE
saved_current_gate_execution_reference,9,older_80_89,1,4,1867,76,132,0.04088812742228673,0.07048167899713617,0.926375,1.115538619863968,0.1677045908949159,0.16962708852721292,0.21349161177458797,ESTIMABLE
upstream_selected__factorial_gap_gate,0,young_20_29,0,12,1874,32,0,0.015306845167956282,0.0,0.5725416666666666,0.7761405090000005,0.20350450826953415,0.20318053455782542,,ESTIMABLE
upstream_selected__factorial_gap_gate,0,young_20_29,1,12,1870,136,4,0.07327093606478158,0.0018087194013119978,0.6257499999999999,0.8972403941879225,0.2825458629684297,0.27805902906518754,0.26145524075341475,ESTIMABLE
upstream_selected__factorial_gap_gate,0,older_80_89,0,4,1883,19,0,0.01011926280264358,0.0,0.8423749999999999,1.0216360934945523,0.16093581808252444,0.16010115774571032,,ESTIMABLE
upstream_selected__factorial_gap_gate,0,older_80_89,1,4,1867,76,2,0.04088812742228673,0.0010752688172042946,0.926375,1.1598982594621576,0.20468711099929202,0.197809529124361,0.18008960219081094,ESTIMABLE
upstream_selected__factorial_gap_gate,1,young_20_29,0,12,1874,32,0,0.015306845167956282,0.0,0.5725416666666666,0.7762012800802801,0.2062310810269683,0.20591002608411088,,ESTIMABLE
upstream_selected__factorial_gap_gate,1,young_20_29,1,12,1870,136,2,0.07327093606478158,0.0009884612281126452,0.6257499999999999,0.9004065641977639,0.2805858989770562,0.27581747771770393,0.44321153841323996,ESTIMABLE
upstream_selected__factorial_gap_gate,1,older_80_89,0,4,1883,19,0,0.01011926280264358,0.0,0.8423749999999999,1.024440720425161,0.16191879751318727,0.16066190313305512,,ESTIMABLE
upstream_selected__factorial_gap_gate,1,older_80_89,1,4,1867,76,4,0.04088812742228673,0.0020005931329479254,0.926375,1.1469858754447493,0.2033138945371247,0.19649518376754815,0.4310796259994968,ESTIMABLE
upstream_selected__factorial_gap_gate,2,young_20_29,0,12,1874,32,0,0.015306845167956282,0.0,0.5725416666666666,0.7719021113434792,0.20519419514388984,0.20486809398192565,,ESTIMABLE
upstream_selected__factorial_gap_gate,2,young_20_29,1,12,1870,136,3,0.07327093606478158,0.0007237890060367754,0.6257499999999999,0.9010931230864179,0.28132306008943203,0.2768654983289308,0.22309079617810731,ESTIMABLE
upstream_selected__factorial_gap_gate,2,older_80_89,0,4,1883,19,0,0.01011926280264358,0.0,0.8423749999999999,1.0257240005028783,0.16276854837323473,0.16154309178788517,,ESTIMABLE
upstream_selected__factorial_gap_gate,2,older_80_89,1,4,1867,76,0,0.04088812742228673,0.0,0.926375,1.1510181119848846,0.2024294485330681,0.19532681656595366,,ESTIMABLE
upstream_selected__factorial_gap_gate,3,young_20_29,0,12,1874,32,0,0.015306845167956282,0.0,0.5725416666666666,0.7739383729172428,0.20467528762102752,0.20434767081858152,,ESTIMABLE
upstream_selected__factorial_gap_gate,3,young_20_29,1,12,1870,136,5,0.07327093606478158,0.0012761102480131903,0.6257499999999999,0.9038211905108641,0.28199697467866347,0.27736787737893187,0.32418686365314564,ESTIMABLE
upstream_selected__factorial_gap_gate,3,older_80_89,0,4,1883,19,0,0.01011926280264358,0.0,0.8423749999999999,1.008580415844525,0.15692426926597602,0.15581121695170413,,ESTIMABLE
upstream_selected__factorial_gap_gate,3,older_80_89,1,4,1867,76,3,0.04088812742228673,0.0015654648956356654,0.926375,1.1450537787324073,0.2053178101456155,0.19873397870259152,0.3071700183335044,ESTIMABLE
upstream_selected__factorial_gap_gate,4,young_20_29,0,12,1874,32,0,0.015306845167956282,0.0,0.5725416666666666,0.7753012211780378,0.20578751435263498,0.2054591888442842,,ESTIMABLE
upstream_selected__factorial_gap_gate,4,young_20_29,1,12,1870,136,4,0.07327093606478158,0.0022147813128480984,0.6257499999999999,0.9020743856827264,0.28077942726787647,0.27608195531506685,0.3517148319821727,ESTIMABLE
upstream_selected__factorial_gap_gate,4,older_80_89,0,4,1883,19,0,0.01011926280264358,0.0,0.8423749999999999,1.023703691790421,0.16137962285968227,0.16008047260655142,,ESTIMABLE
upstream_selected__factorial_gap_gate,4,older_80_89,1,4,1867,76,2,0.04088812742228673,0.0009727626459143934,0.926375,1.1459439248079808,0.20334309952746332,0.19655806456911087,0.30629605841204327,ESTIMABLE
upstream_selected__factorial_gap_gate,5,young_20_29,0,12,1874,32,3,0.015306845167956282,0.0027472527472527466,0.5725416666666666,0.7566032002639974,0.1951539405469322,0.19495580287054137,0.13541760855149423,ESTIMABLE
upstream_selected__factorial_gap_gate,5,young_20_29,1,12,1870,136,20,0.07327093606478158,0.016356894134671913,0.6257499999999999,0.889108327951361,0.27733902902076624,0.2749454203547427,0.12997320818692562,ESTIMABLE
upstream_selected__factorial_gap_gate,5,older_80_89,0,4,1883,19,0,0.01011926280264358,0.0,0.8423749999999999,1.0206126078348694,0.1613083655365657,0.16014240708828437,,ESTIMABLE
upstream_selected__factorial_gap_gate,5,older_80_89,1,4,1867,76,2,0.04088812742228673,0.001151571739807039,0.926375,1.1541627867149495,0.20455005370120727,0.19735928162291033,0.8377780506465369,ESTIMABLE
upstream_selected__factorial_gap_gate,6,young_20_29,0,12,1874,32,0,0.015306845167956282,0.0,0.5725416666666666,0.7761963365962486,0.20474009300840784,0.20441421681629474,,ESTIMABLE
upstream_selected__factorial_gap_gate,6,young_20_29,1,12,1870,136,7,0.07327093606478158,0.003074194188685958,0.6257499999999999,0.9024562360856859,0.2815087483602659,0.2766942455850131,0.3769267407411686,ESTIMABLE
upstream_selected__factorial_gap_gate,6,older_80_89,0,4,1883,19,0,0.01011926280264358,0.0,0.8423749999999999,1.028799464914677,0.16349556498401985,0.1621359397865063,,ESTIMABLE
upstream_selected__factorial_gap_gate,6,older_80_89,1,4,1867,76,3,0.04088812742228673,0.0015142118099907287,0.926375,1.148452602766814,0.20342697122314968,0.1971182142643133,0.20912009774260226,ESTIMABLE
upstream_selected__factorial_gap_gate,7,young_20_29,0,12,1874,32,0,0.015306845167956282,0.0,0.5725416666666666,0.7756865925540358,0.2043208299913192,0.20398901648251536,,ESTIMABLE
upstream_selected__factorial_gap_gate,7,young_20_29,1,12,1870,136,4,0.07327093606478158,0.0022708530531008186,0.6257499999999999,0.9041480725300778,0.28201855707953555,0.2774148169989383,0.3157668379525571,ESTIMABLE
upstream_selected__factorial_gap_gate,7,older_80_89,0,4,1883,19,0,0.01011926280264358,0.0,0.8423749999999999,1.0251366511158313,0.16226006249686775,0.16099264835437854,,ESTIMABLE
upstream_selected__factorial_gap_gate,7,older_80_89,1,4,1867,76,2,0.04088812742228673,0.0009765774013885675,0.926375,1.1475446897078134,0.20181714547738905,0.19447311355920505,0.4646055568293318,ESTIMABLE
upstream_selected__factorial_gap_gate,8,young_20_29,0,12,1874,32,0,0.015306845167956282,0.0,0.5725416666666666,0.775751824393113,0.2054192614322965,0.20509184065368025,,ESTIMABLE
upstream_selected__factorial_gap_gate,8,young_20_29,1,12,1870,136,5,0.07327093606478158,0.002056912398678353,0.6257499999999999,0.8995570568276922,0.2808074161534112,0.276168577206204,0.3269769603209296,ESTIMABLE
upstream_selected__factorial_gap_gate,8,older_80_89,0,4,1883,19,0,0.01011926280264358,0.0,0.8423749999999999,1.0171421173441186,0.16018370987245092,0.15881929140847487,,ESTIMABLE
upstream_selected__factorial_gap_gate,8,older_80_89,1,4,1867,76,0,0.04088812742228673,0.0,0.926375,1.1513432736181506,0.20403456041271603,0.19696728196787777,,ESTIMABLE
upstream_selected__factorial_gap_gate,9,young_20_29,0,12,1874,32,0,0.015306845167956282,0.0,0.5725416666666666,0.7766076766166878,0.20443514118608946,0.2041148927310905,,ESTIMABLE
upstream_selected__factorial_gap_gate,9,young_20_29,1,12,1870,136,6,0.07327093606478158,0.0030912982764834582,0.6257499999999999,0.9046961986304796,0.2822005842606745,0.27759147821184016,0.32016728851882204,ESTIMABLE
upstream_selected__factorial_gap_gate,9,older_80_89,0,4,1883,19,0,0.01011926280264358,0.0,0.8423749999999999,1.0182339681919617,0.15595493175653408,0.1548255044914551,,ESTIMABLE
upstream_selected__factorial_gap_gate,9,older_80_89,1,4,1867,76,1,0.04088812742228673,0.0004901960784313708,0.926375,1.1580718337320381,0.20980330463049424,0.20266498105885616,,ESTIMABLE
upstream_selected__factorial_joint_first_passage,0,young_20_29,0,12,1874,32,0,0.015306845167956282,0.0,0.5725416666666666,0.7761405090000005,0.20350450826953415,0.20318053455782542,,ESTIMABLE
upstream_selected__factorial_joint_first_passage,0,young_20_29,1,12,1870,136,0,0.07327093606478158,0.0,0.6257499999999999,0.8972403941879225,0.28240147794169174,0.27774211042244956,,ESTIMABLE
upstream_selected__factorial_joint_first_passage,0,older_80_89,0,4,1883,19,0,0.01011926280264358,0.0,0.8423749999999999,1.0216360934945523,0.16094643943143572,0.16011177909462165,,ESTIMABLE
upstream_selected__factorial_joint_first_passage,0,older_80_89,1,4,1867,76,0,0.04088812742228673,0.0,0.926375,1.1598982594621576,0.20462283676254855,0.19748840276708737,,ESTIMABLE
upstream_selected__factorial_joint_first_passage,1,young_20_29,0,12,1874,32,0,0.015306845167956282,0.0,0.5725416666666666,0.7762012800802801,0.2062310810269683,0.20591002608411088,,ESTIMABLE
upstream_selected__factorial_joint_first_passage,1,young_20_29,1,12,1870,136,0,0.07327093606478158,0.0,0.6257499999999999,0.9004065641977639,0.28048964229256423,0.27583175554066686,,ESTIMABLE
upstream_selected__factorial_joint_first_passage,1,older_80_89,0,4,1883,19,0,0.01011926280264358,0.0,0.8423749999999999,1.024440720425161,0.16191879751318727,0.16066190313305512,,ESTIMABLE
upstream_selected__factorial_joint_first_passage,1,older_80_89,1,4,1867,76,0,0.04088812742228673,0.0,0.926375,1.1469858754447493,0.20326033267317184,0.19654770073067562,,ESTIMABLE
upstream_selected__factorial_joint_first_passage,2,young_20_29,0,12,1874,32,0,0.015306845167956282,0.0,0.5725416666666666,0.7719021113434792,0.20519419514388984,0.20486809398192565,,ESTIMABLE
upstream_selected__factorial_joint_first_passage,2,young_20_29,1,12,1870,136,0,0.07327093606478158,0.0,0.6257499999999999,0.9010204706094379,0.28114658950119675,0.2764990237340523,,ESTIMABLE
upstream_selected__factorial_joint_first_passage,2,older_80_89,0,4,1883,19,0,0.01011926280264358,0.0,0.8423749999999999,1.0257240005028783,0.16276854837323473,0.16154309178788517,,ESTIMABLE
upstream_selected__factorial_joint_first_passage,2,older_80_89,1,4,1867,76,0,0.04088812742228673,0.0,0.926375,1.1510181119848846,0.20234910573713877,0.19524647377002435,,ESTIMABLE
upstream_selected__factorial_joint_first_passage,3,young_20_29,0,12,1874,32,0,0.015306845167956282,0.0,0.5725416666666666,0.7739383729172428,0.20467528762102752,0.20434767081858152,,ESTIMABLE
upstream_selected__factorial_joint_first_passage,3,young_20_29,1,12,1870,136,0,0.07327093606478158,0.0,0.6257499999999999,0.9037358294622307,0.2818686324326742,0.2771928145178222,,ESTIMABLE
upstream_selected__factorial_joint_first_passage,3,older_80_89,0,4,1883,19,0,0.01011926280264358,0.0,0.8423749999999999,1.008580415844525,0.15691364791706472,0.15580059560279286,,ESTIMABLE
upstream_selected__factorial_joint_first_passage,3,older_80_89,1,4,1867,76,0,0.04088812742228673,0.0,0.926375,1.1450537787324073,0.20517854929933807,0.19845100706496804,,ESTIMABLE
upstream_selected__factorial_joint_first_passage,4,young_20_29,0,12,1874,32,0,0.015306845167956282,0.0,0.5725416666666666,0.7753012211780378,0.20578751435263498,0.2054591888442842,,ESTIMABLE
upstream_selected__factorial_joint_first_passage,4,young_20_29,1,12,1870,136,0,0.07327093606478158,0.0,0.6257499999999999,0.9020191985936026,0.28064573742830423,0.27597260186627365,,ESTIMABLE
upstream_selected__factorial_joint_first_passage,4,older_80_89,0,4,1883,19,0,0.01011926280264358,0.0,0.8423749999999999,1.023703691790421,0.16135838016185963,0.1600592299087288,,ESTIMABLE
upstream_selected__factorial_joint_first_passage,4,older_80_89,1,4,1867,76,0,0.04088812742228673,0.0,0.926375,1.1459439248079808,0.20320919486758118,0.196335296007069,,ESTIMABLE
upstream_selected__factorial_joint_first_passage,5,young_20_29,0,12,1874,32,0,0.015306845167956282,0.0,0.5725416666666666,0.7566032002639974,0.1951539405469322,0.19482794222420713,,ESTIMABLE
upstream_selected__factorial_joint_first_passage,5,young_20_29,1,12,1870,136,19,0.07327093606478158,0.017399267399267403,0.6257499999999999,0.8883103132853857,0.27667057982290527,0.2748396809718028,0.069022926857738,ESTIMABLE
upstream_selected__factorial_joint_first_passage,5,older_80_89,0,4,1883,19,0,0.01011926280264358,0.0,0.8423749999999999,1.0206126078348694,0.16126588014092047,0.16009992169263912,,ESTIMABLE
upstream_selected__factorial_joint_first_passage,5,older_80_89,1,4,1867,76,0,0.04088812742228673,0.0,0.926375,1.1541627867149495,0.20443757378690625,0.19771617074255451,,ESTIMABLE
upstream_selected__factorial_joint_first_passage,6,young_20_29,0,12,1874,32,0,0.015306845167956282,0.0,0.5725416666666666,0.7761963365962486,0.20474009300840784,0.20441421681629474,,ESTIMABLE
upstream_selected__factorial_joint_first_passage,6,young_20_29,1,12,1870,136,0,0.07327093606478158,0.0,0.6257499999999999,0.9024313482561234,0.2814071440821911,0.27672695086238575,,ESTIMABLE
upstream_selected__factorial_joint_first_passage,6,older_80_89,0,4,1883,19,0,0.01011926280264358,0.0,0.8423749999999999,1.028799464914677,0.16347432228619724,0.1621146970886837,,ESTIMABLE
upstream_selected__factorial_joint_first_passage,6,older_80_89,1,4,1867,76,0,0.04088812742228673,0.0,0.926375,1.1479857886217544,0.2033412722408251,0.19672257583066113,,ESTIMABLE
upstream_selected__factorial_joint_first_passage,7,young_20_29,0,12,1874,32,0,0.015306845167956282,0.0,0.5725416666666666,0.7756865925540358,0.2043208299913192,0.20398901648251536,,ESTIMABLE
upstream_selected__factorial_joint_first_passage,7,young_20_29,1,12,1870,136,0,0.07327093606478158,0.0,0.6257499999999999,0.9040496726502923,0.2818837437650157,0.27723483780857644,,ESTIMABLE
upstream_selected__factorial_joint_first_passage,7,older_80_89,0,4,1883,19,0,0.01011926280264358,0.0,0.8423749999999999,1.0251366511158313,0.16223881979904514,0.1609714056565559,,ESTIMABLE
upstream_selected__factorial_joint_first_passage,7,older_80_89,1,4,1867,76,0,0.04088812742228673,0.0,0.926375,1.147082564282691,0.20170466556308803,0.19444643852651253,,ESTIMABLE
upstream_selected__factorial_joint_first_passage,8,young_20_29,0,12,1874,32,0,0.015306845167956282,0.0,0.5725416666666666,0.775751824393113,0.2054192614322965,0.20509184065368025,,ESTIMABLE
upstream_selected__factorial_joint_first_passage,8,young_20_29,1,12,1870,136,0,0.07327093606478158,0.0,0.6257499999999999,0.8994723613418826,0.280673726313839,0.2759988689005406,,ESTIMABLE
upstream_selected__factorial_joint_first_passage,8,older_80_89,0,4,1883,19,0,0.01011926280264358,0.0,0.8423749999999999,1.0171421173441186,0.16018370987245092,0.15881929140847487,,ESTIMABLE
upstream_selected__factorial_joint_first_passage,8,older_80_89,1,4,1867,76,0,0.04088812742228673,0.0,0.926375,1.1513432736181506,0.20399706710794901,0.19692978866311076,,ESTIMABLE
upstream_selected__factorial_joint_first_passage,9,young_20_29,0,12,1874,32,0,0.015306845167956282,0.0,0.5725416666666666,0.7766076766166878,0.20443514118608946,0.2041148927310905,,ESTIMABLE
upstream_selected__factorial_joint_first_passage,9,young_20_29,1,12,1870,136,0,0.07327093606478158,0.0,0.6257499999999999,0.9027686475439555,0.28198133292377614,0.27730241071427775,,ESTIMABLE
upstream_selected__factorial_joint_first_passage,9,older_80_89,0,4,1883,19,0,0.01011926280264358,0.0,0.8423749999999999,1.0182339681919617,0.15595493175653408,0.1548255044914551,,ESTIMABLE
upstream_selected__factorial_joint_first_passage,9,older_80_89,1,4,1867,76,0,0.04088812742228673,0.0,0.926375,1.1580718337320381,0.20977116751212252,0.20265023402951576,,ESTIMABLE
upstream_selected__snapshot_nonaccum_exploratory,0,young_20_29,0,12,1874,32,4,0.015306845167956282,0.003745332196824732,0.5725416666666666,0.5655269841404843,0.029369310441729145,0.029793188558995532,0.04674401079568832,ESTIMABLE
upstream_selected__snapshot_nonaccum_exploratory,0,young_20_29,1,12,1870,136,1257,0.07327093606478158,0.6827369709341542,0.6257499999999999,0.608430279595208,0.030454486520797498,0.035007600976290326,0.07880949455803782,ESTIMABLE
upstream_selected__snapshot_nonaccum_exploratory,0,older_80_89,0,4,1883,19,10,0.01011926280264358,0.004863813229571995,0.8423749999999999,0.8604655798886018,0.04358350698701621,0.04332963708325412,0.29093239116003317,ESTIMABLE
upstream_selected__snapshot_nonaccum_exploratory,0,older_80_89,1,4,1867,76,1259,0.04088812742228673,0.6713660127593708,0.926375,0.9452351313259261,0.029944422323439614,0.03300000227593737,0.1850441168989668,ESTIMABLE
upstream_selected__snapshot_nonaccum_exploratory,1,young_20_29,0,12,1874,32,6,0.015306845167956282,0.006517381762864881,0.5725416666666666,0.57080855734116,0.033236446445134,0.03359889405790578,0.049342176562884296,ESTIMABLE
upstream_selected__snapshot_nonaccum_exploratory,1,young_20_29,1,12,1870,136,1261,0.07327093606478158,0.6806262389784284,0.6257499999999999,0.6289583508763602,0.03346138773922911,0.04041182949335366,0.07757902414421916,ESTIMABLE
upstream_selected__snapshot_nonaccum_exploratory,1,older_80_89,0,4,1883,19,6,0.01011926280264358,0.0029182879377431803,0.8423749999999999,0.8718192504109997,0.0468420464278469,0.04670655793227997,0.2013168839520825,ESTIMABLE
upstream_selected__snapshot_nonaccum_exploratory,1,older_80_89,1,4,1867,76,1265,0.04088812742228673,0.6767234305406472,0.926375,0.9461848043825681,0.030143280526076007,0.03374356418441076,0.1948050107578948,ESTIMABLE
upstream_selected__snapshot_nonaccum_exploratory,2,young_20_29,0,12,1874,32,6,0.015306845167956282,0.004201237745322874,0.5725416666666666,0.5717336954907577,0.03139798511330835,0.03149981266363465,0.09771872940447773,ESTIMABLE
upstream_selected__snapshot_nonaccum_exploratory,2,young_20_29,1,12,1870,136,1221,0.07327093606478158,0.6478846347692392,0.6257499999999999,0.631093738728461,0.03572245890912243,0.030913518216521125,0.08612404210496727,ESTIMABLE
upstream_selected__snapshot_nonaccum_exploratory,2,older_80_89,0,4,1883,19,12,0.01011926280264358,0.005836575875486388,0.8423749999999999,0.8740820520485755,0.047487739313609265,0.047209731636716046,0.23514648967708413,ESTIMABLE
upstream_selected__snapshot_nonaccum_exploratory,2,older_80_89,1,4,1867,76,1261,0.04088812742228673,0.6721805480207786,0.926375,0.9437670185622108,0.031756852979064026,0.03547010093507271,0.17332283271280519,ESTIMABLE
upstream_selected__snapshot_nonaccum_exploratory,3,young_20_29,0,12,1874,32,3,0.015306845167956282,0.0032279080786543532,0.5725416666666666,0.5769860791693632,0.03436795429323193,0.03465061879970373,0.11560513675714858,ESTIMABLE
upstream_selected__snapshot_nonaccum_exploratory,3,young_20_29,1,12,1870,136,1281,0.07327093606478158,0.6863995230312495,0.6257499999999999,0.6287032904846769,0.038946512336644847,0.03783188159228924,0.08615965978474417,ESTIMABLE
upstream_selected__snapshot_nonaccum_exploratory,3,older_80_89,0,4,1883,19,9,0.01011926280264358,0.00454379209801789,0.8423749999999999,0.8683094875489059,0.0444564749515738,0.04399475529543462,0.24823118681939935,ESTIMABLE
upstream_selected__snapshot_nonaccum_exploratory,3,older_80_89,1,4,1867,76,1274,0.04088812742228673,0.6811355419536963,0.926375,0.9455767319130783,0.03545555086783285,0.0429066091327196,0.19030979758875033,ESTIMABLE
upstream_selected__snapshot_nonaccum_exploratory,4,young_20_29,0,12,1874,32,4,0.015306845167956282,0.0027190602013854224,0.5725416666666666,0.5636374311672038,0.032227739577838935,0.03259130876375557,0.07441303785109767,ESTIMABLE
upstream_selected__snapshot_nonaccum_exploratory,4,young_20_29,1,12,1870,136,1226,0.07327093606478158,0.6633872265119996,0.6257499999999999,0.6207406520513095,0.03581766192999042,0.03799316726304902,0.0780462389987294,ESTIMABLE
upstream_selected__snapshot_nonaccum_exploratory,4,older_80_89,0,4,1883,19,13,0.01011926280264358,0.006655677581249825,0.8423749999999999,0.8689481776009165,0.04840043118564989,0.04842233786412489,0.21267443770126973,ESTIMABLE
upstream_selected__snapshot_nonaccum_exploratory,4,older_80_89,1,4,1867,76,1286,0.04088812742228673,0.6891485139583915,0.926375,0.9362294186705533,0.03342610045242146,0.04155427579854022,0.18244605876104522,ESTIMABLE
upstream_selected__snapshot_nonaccum_exploratory,5,young_20_29,0,12,1874,32,5,0.015306845167956282,0.004576582074730079,0.5725416666666666,0.5727951506500902,0.03157955201680186,0.0317665040720902,0.07621369348769985,ESTIMABLE
upstream_selected__snapshot_nonaccum_exploratory,5,young_20_29,1,12,1870,136,1233,0.07327093606478158,0.6744754658303579,0.6257499999999999,0.6119735750017665,0.033914155839014665,0.0333589651861394,0.07466989993798576,ESTIMABLE
upstream_selected__snapshot_nonaccum_exploratory,5,older_80_89,0,4,1883,19,5,0.01011926280264358,0.0024319066147859836,0.8423749999999999,0.8607244675429747,0.039824955535672155,0.039774143381961065,0.2722104414038472,ESTIMABLE
upstream_selected__snapshot_nonaccum_exploratory,5,older_80_89,1,4,1867,76,1261,0.04088812742228673,0.6726051861688569,0.926375,0.9558460957471714,0.03776210945425962,0.036800348991646206,0.19608784420135325,ESTIMABLE
upstream_selected__snapshot_nonaccum_exploratory,6,young_20_29,0,12,1874,32,7,0.015306845167956282,0.0049790826855794406,0.5725416666666666,0.567082923615715,0.03314952853184663,0.03355624980268027,0.04058850330660396,ESTIMABLE
upstream_selected__snapshot_nonaccum_exploratory,6,young_20_29,1,12,1870,136,1264,0.07327093606478158,0.6940073934195469,0.6257499999999999,0.6151840307893768,0.03313279181500782,0.026832016899009013,0.0784343102955863,ESTIMABLE
upstream_selected__snapshot_nonaccum_exploratory,6,older_80_89,0,4,1883,19,12,0.01011926280264358,0.006002936066889508,0.8423749999999999,0.8694124523713153,0.04186460771553609,0.04183529151574836,0.2450118695894593,ESTIMABLE
upstream_selected__snapshot_nonaccum_exploratory,6,older_80_89,1,4,1867,76,1285,0.04088812742228673,0.6862311323424815,0.926375,0.9420469194810912,0.028511882830678542,0.03723947351501667,0.18042827061696542,ESTIMABLE
upstream_selected__snapshot_nonaccum_exploratory,7,young_20_29,0,12,1874,32,6,0.015306845167956282,0.005671991772738046,0.5725416666666666,0.5569800055199868,0.032366002170508404,0.03265996611840817,0.05716627390437069,ESTIMABLE
upstream_selected__snapshot_nonaccum_exploratory,7,young_20_29,1,12,1870,136,1241,0.07327093606478158,0.6723349368671293,0.6257499999999999,0.6205108772407765,0.036622942144640826,0.03254103104893821,0.08366743165019203,ESTIMABLE
upstream_selected__snapshot_nonaccum_exploratory,7,older_80_89,0,4,1883,19,6,0.01011926280264358,0.0029173435079898613,0.8423749999999999,0.8714396732388566,0.04526814397868402,0.0446137960861776,0.3968081100085895,ESTIMABLE
upstream_selected__snapshot_nonaccum_exploratory,7,older_80_89,1,4,1867,76,1300,0.04088812742228673,0.6936965238377681,0.926375,0.9440043950510436,0.030375922671476402,0.03037683535327009,0.18609001693114086,ESTIMABLE
upstream_selected__snapshot_nonaccum_exploratory,8,young_20_29,0,12,1874,32,5,0.015306845167956282,0.004391439334778202,0.5725416666666666,0.570235402094123,0.03376166224288424,0.0339667122252146,0.05976873265256291,ESTIMABLE
upstream_selected__snapshot_nonaccum_exploratory,8,young_20_29,1,12,1870,136,1215,0.07327093606478158,0.6613177844096744,0.6257499999999999,0.623480935222144,0.03444733916534882,0.036627386370795725,0.08041555028823628,ESTIMABLE
upstream_selected__snapshot_nonaccum_exploratory,8,older_80_89,0,4,1883,19,12,0.01011926280264358,0.006047340306565008,0.8423749999999999,0.8666009728850359,0.04090806798049569,0.04083512832986627,0.27219817409754155,ESTIMABLE
upstream_selected__snapshot_nonaccum_exploratory,8,older_80_89,1,4,1867,76,1257,0.04088812742228673,0.6713073772526736,0.926375,0.943037317468536,0.03296350934315823,0.034986219493382265,0.1888293505451118,ESTIMABLE
upstream_selected__snapshot_nonaccum_exploratory,9,young_20_29,0,12,1874,32,8,0.015306845167956282,0.007741701324772819,0.5725416666666666,0.5686795318984963,0.028244073837369765,0.02870423208465578,0.08322259786538445,ESTIMABLE
upstream_selected__snapshot_nonaccum_exploratory,9,young_20_29,1,12,1870,136,1204,0.07327093606478158,0.6597855382895295,0.6257499999999999,0.6172377627842119,0.03569279759143818,0.034213095929396295,0.08285824261139656,ESTIMABLE
upstream_selected__snapshot_nonaccum_exploratory,9,older_80_89,0,4,1883,19,13,0.01011926280264358,0.006489317389846705,0.8423749999999999,0.8785992689734737,0.04677596292473637,0.04636305291715784,0.23219914513756382,ESTIMABLE
upstream_selected__snapshot_nonaccum_exploratory,9,older_80_89,1,4,1867,76,1286,0.04088812742228673,0.6877943363167338,0.926375,0.9437226028107975,0.03233854669771308,0.033774135576592465,0.18999798697751696,ESTIMABLE
