candidate_id,seed_id,scheme,distribution_score,error_rate_score,joint_score,rank
current__factorial_gap_gate,0,raw,0.1243218798920295,0.02299819705705644,0.14732007694908594,1.0
current__factorial_gap_gate,0,presentation_floor_60hz,0.1242880901402502,0.02299819705705644,0.14728628719730663,1.0
current__factorial_gap_gate,0,combined_60hz_125hz,0.12450341794717643,0.02299819705705644,0.14750161500423287,1.0
current__factorial_gap_gate,1,raw,0.12293042179758362,0.022729185821320025,0.14565960761890365,1.0
current__factorial_gap_gate,1,presentation_floor_60hz,0.12284491512067211,0.022729185821320025,0.14557410094199214,1.0
current__factorial_gap_gate,1,combined_60hz_125hz,0.1230936624522501,0.022729185821320025,0.14582284827357012,1.0
current__factorial_gap_gate,2,raw,0.12279415582503816,0.01818130176636018,0.14097545759139835,1.0
current__factorial_gap_gate,2,presentation_floor_60hz,0.1226537267867713,0.01818130176636018,0.14083502855313149,1.0
current__factorial_gap_gate,2,combined_60hz_125hz,0.12285756872583056,0.01818130176636018,0.14103887049219074,1.0
current__factorial_gap_gate,3,raw,0.12483333720292901,0.02045614667276921,0.14528948387569823,1.0
current__factorial_gap_gate,3,presentation_floor_60hz,0.12472095559271928,0.02045614667276921,0.1451771022654885,1.0
current__factorial_gap_gate,3,combined_60hz_125hz,0.12498489799180432,0.02045614667276921,0.14544104466457353,1.0
current__factorial_gap_gate,4,raw,0.12286999838108117,0.018322462857806893,0.14119246123888807,1.0
current__factorial_gap_gate,4,presentation_floor_60hz,0.12276143314136485,0.018322462857806893,0.14108389599917176,1.0
current__factorial_gap_gate,4,combined_60hz_125hz,0.1229853749402757,0.018322462857806893,0.1413078377980826,1.0
current__factorial_gap_gate,5,raw,0.12350381885880005,0.02126442807276338,0.14476824693156343,1.0
current__factorial_gap_gate,5,presentation_floor_60hz,0.12337920881620824,0.02126442807276338,0.14464363688897164,1.0
current__factorial_gap_gate,5,combined_60hz_125hz,0.12375272495946933,0.02126442807276338,0.14501715303223273,1.0
current__factorial_gap_gate,6,raw,0.12379743781591707,0.022192211353295493,0.14598964916921256,1.0
current__factorial_gap_gate,6,presentation_floor_60hz,0.12367049751286407,0.022192211353295493,0.14586270886615957,1.0
current__factorial_gap_gate,6,combined_60hz_125hz,0.12390549997153988,0.022192211353295493,0.14609771132483537,1.0
current__factorial_gap_gate,7,raw,0.12240710679809808,0.021524417086530745,0.14393152388462882,1.0
current__factorial_gap_gate,7,presentation_floor_60hz,0.12231455348480774,0.021524417086530745,0.1438389705713385,1.0
current__factorial_gap_gate,7,combined_60hz_125hz,0.12262303426887441,0.021524417086530745,0.14414745135540516,1.0
current__factorial_gap_gate,8,raw,0.1232811571914125,0.02058819811581869,0.1438693553072312,1.0
current__factorial_gap_gate,8,presentation_floor_60hz,0.12311947039647443,0.02058819811581869,0.1437076685122931,1.0
current__factorial_gap_gate,8,combined_60hz_125hz,0.12332828444228063,0.02058819811581869,0.1439164825580993,1.0
current__factorial_gap_gate,9,raw,0.12594624849564845,0.022731612962211017,0.14867786145785947,1.0
current__factorial_gap_gate,9,presentation_floor_60hz,0.12588213453399316,0.022731612962211017,0.14861374749620418,1.0
current__factorial_gap_gate,9,combined_60hz_125hz,0.1261817904675772,0.022731612962211017,0.1489134034297882,1.0
current__factorial_joint_first_passage,0,raw,0.12126018514118393,0.025777404404977083,0.14703758954616103,3.0
current__factorial_joint_first_passage,0,presentation_floor_60hz,0.12120802424880327,0.025777404404977083,0.14698542865378034,3.0
current__factorial_joint_first_passage,0,combined_60hz_125hz,0.12144118452834946,0.025777404404977083,0.14721858893332654,3.0
current__factorial_joint_first_passage,1,raw,0.11986442895248814,0.025911523885169208,0.14577595283765735,3.0
current__factorial_joint_first_passage,1,presentation_floor_60hz,0.119785031597347,0.025911523885169208,0.1456965554825162,3.0
current__factorial_joint_first_passage,1,combined_60hz_125hz,0.1200471908769442,0.025911523885169208,0.14595871476211342,3.0
current__factorial_joint_first_passage,2,raw,0.11965972788940972,0.02537461632378074,0.14503434421319045,3.0
current__factorial_joint_first_passage,2,presentation_floor_60hz,0.11947576595479376,0.02537461632378074,0.1448503822785745,3.0
current__factorial_joint_first_passage,2,combined_60hz_125hz,0.11971528358010845,0.02537461632378074,0.1450898999038892,3.0
current__factorial_joint_first_passage,3,raw,0.12157182222553993,0.02671323328198244,0.14828505550752236,3.0
current__factorial_joint_first_passage,3,presentation_floor_60hz,0.12143800716964356,0.02671323328198244,0.148151240451626,3.0
current__factorial_joint_first_passage,3,combined_60hz_125hz,0.12169302617174163,0.02671323328198244,0.14840625945372407,3.0
current__factorial_joint_first_passage,4,raw,0.11967468904176289,0.026713448102292425,0.1463881371440553,3.0
current__factorial_joint_first_passage,4,presentation_floor_60hz,0.11954314695686717,0.026713448102292425,0.1462565950591596,3.0
current__factorial_joint_first_passage,4,combined_60hz_125hz,0.11983841506591934,0.026713448102292425,0.14655186316821178,3.0
current__factorial_joint_first_passage,5,raw,0.12046410487276582,0.025375475605020625,0.14583958047778645,3.0
current__factorial_joint_first_passage,5,presentation_floor_60hz,0.12031921284528249,0.025375475605020625,0.14569468845030312,3.0
current__factorial_joint_first_passage,5,combined_60hz_125hz,0.12074400540308758,0.025375475605020625,0.1461194810081082,3.0
current__factorial_joint_first_passage,6,raw,0.12053326455444106,0.02577697476435714,0.14631023931879822,3.0
current__factorial_joint_first_passage,6,presentation_floor_60hz,0.12040995246122604,0.02577697476435714,0.14618692722558319,3.0
current__factorial_joint_first_passage,6,combined_60hz_125hz,0.12065608857918919,0.02577697476435714,0.14643306334354633,3.0
current__factorial_joint_first_passage,7,raw,0.11934483426949759,0.02604521372474139,0.145390047994239,3.0
current__factorial_joint_first_passage,7,presentation_floor_60hz,0.11929249716751526,0.02604521372474139,0.14533771089225667,3.0
current__factorial_joint_first_passage,7,combined_60hz_125hz,0.11953189054644899,0.02604521372474139,0.14557710427119036,3.0
current__factorial_joint_first_passage,8,raw,0.12021606537029789,0.026044784084121475,0.14626084945441936,3.0
current__factorial_joint_first_passage,8,presentation_floor_60hz,0.12008830344297736,0.026044784084121475,0.14613308752709883,3.0
current__factorial_joint_first_passage,8,combined_60hz_125hz,0.12027483226851632,0.026044784084121475,0.1463196163526378,3.0
current__factorial_joint_first_passage,9,raw,0.1230737821101558,0.027117525105348594,0.1501913072155044,3.0
current__factorial_joint_first_passage,9,presentation_floor_60hz,0.1230094035263308,0.027117525105348594,0.1501269286316794,3.0
current__factorial_joint_first_passage,9,combined_60hz_125hz,0.12328454965599325,0.027117525105348594,0.15040207476134185,3.0
current__snapshot_nonaccum_exploratory,0,raw,0.03473501823612244,0.32338472272045343,0.3581197409565759,7.0
current__snapshot_nonaccum_exploratory,0,presentation_floor_60hz,0.034579810447038756,0.32338472272045343,0.3579645331674922,7.0
current__snapshot_nonaccum_exploratory,0,combined_60hz_125hz,0.034770673939837224,0.32338472272045343,0.35815539666029067,7.0
current__snapshot_nonaccum_exploratory,1,raw,0.035378592241387244,0.31750099771281465,0.3528795899542019,7.0
current__snapshot_nonaccum_exploratory,1,presentation_floor_60hz,0.035355699122043005,0.31750099771281465,0.35285669683485765,7.0
current__snapshot_nonaccum_exploratory,1,combined_60hz_125hz,0.03533473381460052,0.31750099771281465,0.35283573152741515,7.0
current__snapshot_nonaccum_exploratory,2,raw,0.03614214437836858,0.3169639152985698,0.3531060596769384,7.0
current__snapshot_nonaccum_exploratory,2,presentation_floor_60hz,0.03603004664709752,0.3169639152985698,0.35299396194566734,7.0
current__snapshot_nonaccum_exploratory,2,combined_60hz_125hz,0.03613848083642583,0.3169639152985698,0.35310239613499567,7.0
current__snapshot_nonaccum_exploratory,3,raw,0.03709415022066908,0.3197755604717373,0.35686971069240636,7.0
current__snapshot_nonaccum_exploratory,3,presentation_floor_60hz,0.03693467278849009,0.3197755604717373,0.3567102332602274,7.0
current__snapshot_nonaccum_exploratory,3,combined_60hz_125hz,0.037076173164180916,0.3197755604717373,0.3568517336359182,7.0
current__snapshot_nonaccum_exploratory,4,raw,0.0373151840658498,0.3144167893928004,0.35173197345865015,7.0
current__snapshot_nonaccum_exploratory,4,presentation_floor_60hz,0.037189752505063865,0.3144167893928004,0.3516065418978642,7.0
current__snapshot_nonaccum_exploratory,4,combined_60hz_125hz,0.037302540803144324,0.3144167893928004,0.3517193301959447,7.0
current__snapshot_nonaccum_exploratory,5,raw,0.037091395124857526,0.3186987547541772,0.35579014987903473,7.0
current__snapshot_nonaccum_exploratory,5,presentation_floor_60hz,0.03706983093869041,0.3186987547541772,0.3557685856928676,7.0
current__snapshot_nonaccum_exploratory,5,combined_60hz_125hz,0.03694909707567326,0.3186987547541772,0.3556478518298505,7.0
current__snapshot_nonaccum_exploratory,6,raw,0.03531740543082146,0.3235173121708835,0.35883471760170493,7.0
current__snapshot_nonaccum_exploratory,6,presentation_floor_60hz,0.0353081433208042,0.3235173121708835,0.35882545549168765,7.0
current__snapshot_nonaccum_exploratory,6,combined_60hz_125hz,0.035313808303758194,0.3235173121708835,0.35883112047464166,7.0
current__snapshot_nonaccum_exploratory,7,raw,0.03641675207824899,0.3128153076121992,0.34923205969044824,7.0
current__snapshot_nonaccum_exploratory,7,presentation_floor_60hz,0.036269096858341184,0.3128153076121992,0.3490844044705404,7.0
current__snapshot_nonaccum_exploratory,7,combined_60hz_125hz,0.036413346295762636,0.3128153076121992,0.3492286539079619,7.0
current__snapshot_nonaccum_exploratory,8,raw,0.03696504805535401,0.3171045903129269,0.3540696383682809,7.0
current__snapshot_nonaccum_exploratory,8,presentation_floor_60hz,0.036867882279858134,0.3171045903129269,0.3539724725927851,7.0
current__snapshot_nonaccum_exploratory,8,combined_60hz_125hz,0.03689404004078725,0.3171045903129269,0.35399863035371415,7.0
current__snapshot_nonaccum_exploratory,9,raw,0.034152474062279725,0.31628603410632183,0.35043850816860156,7.0
current__snapshot_nonaccum_exploratory,9,presentation_floor_60hz,0.034036581469577686,0.31628603410632183,0.3503226155758995,7.0
current__snapshot_nonaccum_exploratory,9,combined_60hz_125hz,0.03406921988204847,0.31628603410632183,0.3503552539883703,7.0
saved_current_gate_execution_reference,0,raw,0.12395335656963483,0.01991988315177018,0.143873239721405,2.0
saved_current_gate_execution_reference,0,presentation_floor_60hz,0.12384847380464575,0.01991988315177018,0.14376835695641593,2.0
saved_current_gate_execution_reference,0,combined_60hz_125hz,0.12419044333643724,0.01991988315177018,0.14411032648820743,2.0
saved_current_gate_execution_reference,1,raw,0.12186863263193964,0.02233003642607223,0.14419866905801187,2.0
saved_current_gate_execution_reference,1,presentation_floor_60hz,0.12171895048135542,0.02233003642607223,0.14404898690742765,2.0
saved_current_gate_execution_reference,1,combined_60hz_125hz,0.122020471045325,0.02233003642607223,0.14435050747139722,2.0
saved_current_gate_execution_reference,2,raw,0.12374098150699123,0.024736946875932503,0.14847792838292373,2.0
saved_current_gate_execution_reference,2,presentation_floor_60hz,0.12362717923454644,0.024736946875932503,0.14836412611047894,2.0
saved_current_gate_execution_reference,2,combined_60hz_125hz,0.1238312829655829,0.024736946875932503,0.1485682298415154,2.0
saved_current_gate_execution_reference,3,raw,0.12488808589854207,0.023001247718544837,0.1478893336170869,2.0
saved_current_gate_execution_reference,3,presentation_floor_60hz,0.1247194038011781,0.023001247718544837,0.14772065151972294,2.0
saved_current_gate_execution_reference,3,combined_60hz_125hz,0.12500820548064281,0.023001247718544837,0.14800945319918765,2.0
saved_current_gate_execution_reference,4,raw,0.12343342896568363,0.018720098461259077,0.1421535274269427,2.0
saved_current_gate_execution_reference,4,presentation_floor_60hz,0.12346786260388057,0.018720098461259077,0.14218796106513965,2.0
saved_current_gate_execution_reference,4,combined_60hz_125hz,0.12354950731855133,0.018720098461259077,0.1422696057798104,2.0
saved_current_gate_execution_reference,5,raw,0.1236571107747821,0.02233565530219489,0.14599276607697698,2.0
saved_current_gate_execution_reference,5,presentation_floor_60hz,0.12359343595877213,0.02233565530219489,0.14592909126096704,2.0
saved_current_gate_execution_reference,5,combined_60hz_125hz,0.1237021000876447,0.02233565530219489,0.1460377553898396,2.0
saved_current_gate_execution_reference,6,raw,0.12460866895870823,0.021526541560143192,0.14613521051885142,2.0
saved_current_gate_execution_reference,6,presentation_floor_60hz,0.12452838104605216,0.021526541560143192,0.14605492260619535,2.0
saved_current_gate_execution_reference,6,combined_60hz_125hz,0.12476132786684653,0.021526541560143192,0.14628786942698974,2.0
saved_current_gate_execution_reference,7,raw,0.12380389807521189,0.021652752887369703,0.1454566509625816,2.0
saved_current_gate_execution_reference,7,presentation_floor_60hz,0.12361984580031868,0.021652752887369703,0.14527259868768838,2.0
saved_current_gate_execution_reference,7,combined_60hz_125hz,0.1239328931258997,0.021652752887369703,0.1455856460132694,2.0
saved_current_gate_execution_reference,8,raw,0.1232941515691208,0.023398674921077334,0.14669282649019813,2.0
saved_current_gate_execution_reference,8,presentation_floor_60hz,0.12313896049028514,0.023398674921077334,0.14653763541136247,2.0
saved_current_gate_execution_reference,8,combined_60hz_125hz,0.12342324987784836,0.023398674921077334,0.1468219247989257,2.0
saved_current_gate_execution_reference,9,raw,0.12397196320738488,0.024470020566895373,0.14844198377428025,2.0
saved_current_gate_execution_reference,9,presentation_floor_60hz,0.12391187830679395,0.024470020566895373,0.14838189887368933,2.0
saved_current_gate_execution_reference,9,combined_60hz_125hz,0.12415587475725516,0.024470020566895373,0.14862589532415055,2.0
upstream_selected__factorial_gap_gate,0,raw,0.21291832551016673,0.03434751745774556,0.2472658429679123,4.0
upstream_selected__factorial_gap_gate,0,presentation_floor_60hz,0.21286866890871114,0.03434751745774556,0.2472161863664567,4.0
upstream_selected__factorial_gap_gate,0,combined_60hz_125hz,0.21287114090949377,0.03434751745774556,0.24721865836723933,4.0
upstream_selected__factorial_gap_gate,1,raw,0.2130124184019964,0.034347087817125616,0.247359506219122,4.0
upstream_selected__factorial_gap_gate,1,presentation_floor_60hz,0.21298302031833277,0.034347087817125616,0.2473301081354584,4.0
upstream_selected__factorial_gap_gate,1,combined_60hz_125hz,0.2129143709855486,0.034347087817125616,0.24726145880267422,4.0
upstream_selected__factorial_gap_gate,2,raw,0.21292881345289597,0.0347490166170821,0.24767783006997807,4.0
upstream_selected__factorial_gap_gate,2,presentation_floor_60hz,0.21289215206449386,0.0347490166170821,0.24764116868157596,4.0
upstream_selected__factorial_gap_gate,2,combined_60hz_125hz,0.21278826864148853,0.0347490166170821,0.24753728525857063,4.0
upstream_selected__factorial_gap_gate,3,raw,0.21222858582425136,0.03407992295829121,0.24630850878254257,4.0
upstream_selected__factorial_gap_gate,3,presentation_floor_60hz,0.212135832115992,0.03407992295829121,0.2462157550742832,4.0
upstream_selected__factorial_gap_gate,3,combined_60hz_125hz,0.21209147529142436,0.03407992295829121,0.24617139824971557,4.0
upstream_selected__factorial_gap_gate,4,raw,0.21282241639741234,0.03434751745774556,0.2471699338551579,4.0
upstream_selected__factorial_gap_gate,4,presentation_floor_60hz,0.212678939153258,0.03434751745774556,0.24702645661100356,4.0
upstream_selected__factorial_gap_gate,4,combined_60hz_125hz,0.21277948505858235,0.03434751745774556,0.2471270025163279,4.0
upstream_selected__factorial_gap_gate,5,raw,0.20958784761936053,0.03180826657741864,0.24139611419677917,4.0
upstream_selected__factorial_gap_gate,5,presentation_floor_60hz,0.209499238193265,0.03180826657741864,0.24130750477068363,4.0
upstream_selected__factorial_gap_gate,5,combined_60hz_125hz,0.209634884027442,0.03180826657741864,0.24144315060486063,4.0
upstream_selected__factorial_gap_gate,6,raw,0.2132928447745579,0.03381254327914682,0.24710538805370472,4.0
upstream_selected__factorial_gap_gate,6,presentation_floor_60hz,0.21323080547420306,0.03381254327914682,0.24704334875334988,4.0
upstream_selected__factorial_gap_gate,6,combined_60hz_125hz,0.21319106514138597,0.03381254327914682,0.2470036084205328,4.0
upstream_selected__factorial_gap_gate,7,raw,0.2126041491743729,0.03434751745774556,0.24695166663211846,4.0
upstream_selected__factorial_gap_gate,7,presentation_floor_60hz,0.21258177020471758,0.03434751745774556,0.24692928766246314,4.0
upstream_selected__factorial_gap_gate,7,combined_60hz_125hz,0.21259100321683577,0.03434751745774556,0.24693852067458133,4.0
upstream_selected__factorial_gap_gate,8,raw,0.2126112374014624,0.03448163693793771,0.2470928743394001,4.0
upstream_selected__factorial_gap_gate,8,presentation_floor_60hz,0.2124921627056764,0.03448163693793771,0.2469737996436141,4.0
upstream_selected__factorial_gap_gate,8,combined_60hz_125hz,0.21247932764418856,0.03448163693793771,0.24696096458212627,4.0
upstream_selected__factorial_gap_gate,9,raw,0.21309849087862442,0.03421404243848336,0.24731253331710779,4.0
upstream_selected__factorial_gap_gate,9,presentation_floor_60hz,0.21304573939418442,0.03421404243848336,0.24725978183266778,4.0
upstream_selected__factorial_gap_gate,9,combined_60hz_125hz,0.2129773038378518,0.03421404243848336,0.24719134627633516,4.0
upstream_selected__factorial_joint_first_passage,0,raw,0.21286881603152422,0.035150086135798675,0.2480189021673229,5.0
upstream_selected__factorial_joint_first_passage,0,presentation_floor_60hz,0.2128195863118822,0.035150086135798675,0.24796967244768087,5.0
upstream_selected__factorial_joint_first_passage,0,combined_60hz_125hz,0.21281984553164163,0.035150086135798675,0.2479699316674403,5.0
upstream_selected__factorial_joint_first_passage,1,raw,0.2129749637648852,0.035150086135798675,0.24812504990068388,5.0
upstream_selected__factorial_joint_first_passage,1,presentation_floor_60hz,0.21294512004842298,0.035150086135798675,0.24809520618422165,5.0
upstream_selected__factorial_joint_first_passage,1,combined_60hz_125hz,0.21287646713530034,0.035150086135798675,0.24802655327109902,5.0
upstream_selected__factorial_joint_first_passage,2,raw,0.2128646101068548,0.035150086135798675,0.2480146962426535,5.0
upstream_selected__factorial_joint_first_passage,2,presentation_floor_60hz,0.21283195941363986,0.035150086135798675,0.24798204554943853,5.0
upstream_selected__factorial_joint_first_passage,2,combined_60hz_125hz,0.2127303077349659,0.035150086135798675,0.24788039387076458,5.0
upstream_selected__factorial_joint_first_passage,3,raw,0.21215902971395684,0.035150086135798675,0.2473091158497555,5.0
upstream_selected__factorial_joint_first_passage,3,presentation_floor_60hz,0.21206672787078218,0.035150086135798675,0.24721681400658085,5.0
upstream_selected__factorial_joint_first_passage,3,combined_60hz_125hz,0.21202905553819323,0.035150086135798675,0.2471791416739919,5.0
upstream_selected__factorial_joint_first_passage,4,raw,0.21275020709809306,0.035150086135798675,0.24790029323389173,5.0
upstream_selected__factorial_joint_first_passage,4,presentation_floor_60hz,0.21261209383798046,0.035150086135798675,0.24776217997377914,5.0
upstream_selected__factorial_joint_first_passage,4,combined_60hz_125hz,0.21270815371099538,0.035150086135798675,0.24785823984679406,5.0
upstream_selected__factorial_joint_first_passage,5,raw,0.20938199399240867,0.032609979183927024,0.2419919731763357,5.0
upstream_selected__factorial_joint_first_passage,5,presentation_floor_60hz,0.2092987373846931,0.032609979183927024,0.24190871656862012,5.0
upstream_selected__factorial_joint_first_passage,5,combined_60hz_125hz,0.20944105590821754,0.032609979183927024,0.24205103509214457,5.0
upstream_selected__factorial_joint_first_passage,6,raw,0.2132407082850024,0.035150086135798675,0.2483907944208011,5.0
upstream_selected__factorial_joint_first_passage,6,presentation_floor_60hz,0.2131884724815699,0.035150086135798675,0.2483385586173686,5.0
upstream_selected__factorial_joint_first_passage,6,combined_60hz_125hz,0.21314427582076712,0.035150086135798675,0.2482943619565658,5.0
upstream_selected__factorial_joint_first_passage,7,raw,0.212537015192712,0.035150086135798675,0.24768710132851068,5.0
upstream_selected__factorial_joint_first_passage,7,presentation_floor_60hz,0.2125193622541176,0.035150086135798675,0.24766944838991628,5.0
upstream_selected__factorial_joint_first_passage,7,combined_60hz_125hz,0.21251745086593293,0.035150086135798675,0.2476675370017316,5.0
upstream_selected__factorial_joint_first_passage,8,raw,0.21256844161537758,0.035150086135798675,0.24771852775117625,5.0
upstream_selected__factorial_joint_first_passage,8,presentation_floor_60hz,0.21245649776043649,0.035150086135798675,0.24760658389623516,5.0
upstream_selected__factorial_joint_first_passage,8,combined_60hz_125hz,0.21243697820697002,0.035150086135798675,0.2475870643427687,5.0
upstream_selected__factorial_joint_first_passage,9,raw,0.2130356437648069,0.035150086135798675,0.24818572990060558,5.0
upstream_selected__factorial_joint_first_passage,9,presentation_floor_60hz,0.21299002455334715,0.035150086135798675,0.24814011068914582,5.0
upstream_selected__factorial_joint_first_passage,9,combined_60hz_125hz,0.21291267634104305,0.035150086135798675,0.24806276247684172,5.0
upstream_selected__snapshot_nonaccum_exploratory,0,raw,0.03333793156106816,0.31320575006048723,0.3465436816215554,6.0
upstream_selected__snapshot_nonaccum_exploratory,0,presentation_floor_60hz,0.03324282007877365,0.31320575006048723,0.3464485701392609,6.0
upstream_selected__snapshot_nonaccum_exploratory,0,combined_60hz_125hz,0.03336898412599686,0.31320575006048723,0.3465747341864841,6.0
upstream_selected__snapshot_nonaccum_exploratory,1,raw,0.035920790497467624,0.31480819585885345,0.35072898635632105,6.0
upstream_selected__snapshot_nonaccum_exploratory,1,presentation_floor_60hz,0.035844521660451836,0.31480819585885345,0.35065271751930527,6.0
upstream_selected__snapshot_nonaccum_exploratory,1,combined_60hz_125hz,0.03584612772202208,0.31480819585885345,0.3506543235808755,6.0
upstream_selected__snapshot_nonaccum_exploratory,2,raw,0.036591259067248534,0.3081283824680887,0.34471964153533724,6.0
upstream_selected__snapshot_nonaccum_exploratory,2,presentation_floor_60hz,0.036526679255753945,0.3081283824680887,0.34465506172384264,6.0
upstream_selected__snapshot_nonaccum_exploratory,2,combined_60hz_125hz,0.0366042827578924,0.3081283824680887,0.3447326652259811,6.0
upstream_selected__snapshot_nonaccum_exploratory,3,raw,0.038306623054866845,0.31868904745223436,0.35699567050710124,6.0
upstream_selected__snapshot_nonaccum_exploratory,3,presentation_floor_60hz,0.03819239486669374,0.31868904745223436,0.3568814423189281,6.0
upstream_selected__snapshot_nonaccum_exploratory,3,combined_60hz_125hz,0.03827598080188968,0.31868904745223436,0.356965028254124,6.0
upstream_selected__snapshot_nonaccum_exploratory,4,raw,0.037467983346522564,0.3122784902663936,0.34974647361291616,6.0
upstream_selected__snapshot_nonaccum_exploratory,4,presentation_floor_60hz,0.03744594265066861,0.3122784902663936,0.34972443291706223,6.0
upstream_selected__snapshot_nonaccum_exploratory,4,combined_60hz_125hz,0.03751831384679703,0.3122784902663936,0.34979680411319064,6.0
upstream_selected__snapshot_nonaccum_exploratory,5,raw,0.035770193195989106,0.3107954330550854,0.3465656262510745,6.0
upstream_selected__snapshot_nonaccum_exploratory,5,presentation_floor_60hz,0.03571602690686809,0.3107954330550854,0.3465114599619535,6.0
upstream_selected__snapshot_nonaccum_exploratory,5,combined_60hz_125hz,0.035639643840721005,0.3107954330550854,0.3464350768958064,6.0
upstream_selected__snapshot_nonaccum_exploratory,6,raw,0.03416470273091636,0.31695735292447436,0.35112205565539073,6.0
upstream_selected__snapshot_nonaccum_exploratory,6,presentation_floor_60hz,0.03408379310342163,0.31695735292447436,0.351041146027896,6.0
upstream_selected__snapshot_nonaccum_exploratory,6,combined_60hz_125hz,0.034096271730894176,0.31695735292447436,0.35105362465536855,6.0
upstream_selected__snapshot_nonaccum_exploratory,7,raw,0.036158252903687634,0.3168210621632853,0.35297931506697294,6.0
upstream_selected__snapshot_nonaccum_exploratory,7,presentation_floor_60hz,0.03611999640843371,0.3168210621632853,0.35294105857171904,6.0
upstream_selected__snapshot_nonaccum_exploratory,7,combined_60hz_125hz,0.03609052840201972,0.3168210621632853,0.352911590565305,6.0
upstream_selected__snapshot_nonaccum_exploratory,8,raw,0.035520145100792544,0.3069240292735175,0.34244417437431,6.0
upstream_selected__snapshot_nonaccum_exploratory,8,presentation_floor_60hz,0.035367788534915026,0.3069240292735175,0.3422918178084325,6.0
upstream_selected__snapshot_nonaccum_exploratory,8,combined_60hz_125hz,0.03554312668907221,0.3069240292735175,0.3424671559625897,6.0
upstream_selected__snapshot_nonaccum_exploratory,9,raw,0.03576284549958621,0.3088036958662429,0.3445665413658291,6.0
upstream_selected__snapshot_nonaccum_exploratory,9,presentation_floor_60hz,0.035628161518867246,0.3088036958662429,0.3444318573851102,6.0
upstream_selected__snapshot_nonaccum_exploratory,9,combined_60hz_125hz,0.03559609812752472,0.3088036958662429,0.34439979399376763,6.0
