candidate_id,scheme,seed_id,analysis_group,congruency,accuracy,n_human,n_model,human_median_rt,model_median_rt,wasserstein_s
current_evidence__saved_gate_execution,raw,0,young_20_29,0,all,2502,2502,0.5600000023841858,0.5882192056485196,0.03714305600565583
current_evidence__saved_gate_execution,raw,0,young_20_29,0,correct,2457,2450,0.5609999895095825,0.5873657312822806,0.03726235080717176
current_evidence__saved_gate_execution,raw,0,young_20_29,0,error,45,52,0.5450000166893005,0.6144067437523761,0.05518677801339858
current_evidence__saved_gate_execution,raw,0,young_20_29,1,all,2498,2498,0.6039999723434448,0.83026563005219,0.2081539798625146
current_evidence__saved_gate_execution,raw,0,young_20_29,1,correct,2290,2162,0.609000027179718,0.8507101157939698,0.2272239396221824
current_evidence__saved_gate_execution,raw,0,young_20_29,1,error,208,336,0.5509999990463257,0.6673230725291099,0.11463945523378605
current_evidence__saved_gate_execution,raw,0,older_80_89,0,all,2509,2509,0.8230000138282776,0.8048588298446964,0.07869887317368811
current_evidence__saved_gate_execution,raw,0,older_80_89,0,correct,2484,2484,0.8230000138282776,0.8062200368378554,0.08042846869272967
current_evidence__saved_gate_execution,raw,0,older_80_89,0,error,25,25,0.6899999976158142,0.6828288844368842,0.10001862840909134
current_evidence__saved_gate_execution,raw,0,older_80_89,1,all,2491,2491,0.9330000281333924,1.114306781562111,0.16865645679108482
current_evidence__saved_gate_execution,raw,0,older_80_89,1,correct,2394,2347,0.9404999911785126,1.1221961153225828,0.1704301855178716
current_evidence__saved_gate_execution,raw,0,older_80_89,1,error,97,144,0.7599999904632568,0.9846914350274105,0.20123517342094274
current_evidence__saved_gate_execution,raw,1,young_20_29,0,all,2502,2502,0.5600000023841858,0.5922969302370322,0.038323304380279755
current_evidence__saved_gate_execution,raw,1,young_20_29,0,correct,2457,2453,0.5609999895095825,0.5926457451558415,0.038817321134511376
current_evidence__saved_gate_execution,raw,1,young_20_29,0,error,45,49,0.5450000166893005,0.5461104995684275,0.027166822957294612
current_evidence__saved_gate_execution,raw,1,young_20_29,1,all,2498,2498,0.6039999723434448,0.8301109690257639,0.20924100953430347
current_evidence__saved_gate_execution,raw,1,young_20_29,1,correct,2290,2164,0.609000027179718,0.8507421711499026,0.22774870873549824
current_evidence__saved_gate_execution,raw,1,young_20_29,1,error,208,334,0.5509999990463257,0.6671803718434794,0.11792830378821381
current_evidence__saved_gate_execution,raw,1,older_80_89,0,all,2509,2509,0.8230000138282776,0.8087556042630459,0.07747957012441693
current_evidence__saved_gate_execution,raw,1,older_80_89,0,correct,2484,2488,0.8230000138282776,0.8089242492010765,0.08076172118829503
current_evidence__saved_gate_execution,raw,1,older_80_89,0,error,25,21,0.6899999976158142,0.8083907067147057,0.2646673486137021
current_evidence__saved_gate_execution,raw,1,older_80_89,1,all,2491,2491,0.9330000281333924,1.1130664980436074,0.16440597699333326
current_evidence__saved_gate_execution,raw,1,older_80_89,1,correct,2394,2326,0.9404999911785126,1.1224026592876868,0.16814303757571597
current_evidence__saved_gate_execution,raw,1,older_80_89,1,error,97,165,0.7599999904632568,0.9361540650912308,0.18772688853930414
current_evidence__saved_gate_execution,raw,2,young_20_29,0,all,2502,2502,0.5600000023841858,0.5888327151242663,0.037272472683095983
current_evidence__saved_gate_execution,raw,2,young_20_29,0,correct,2457,2448,0.5609999895095825,0.5896485495858874,0.03766565035996985
current_evidence__saved_gate_execution,raw,2,young_20_29,0,error,45,54,0.5450000166893005,0.5578013559923658,0.029773488747283475
current_evidence__saved_gate_execution,raw,2,young_20_29,1,all,2498,2498,0.6039999723434448,0.8288746105914311,0.20901087248118816
current_evidence__saved_gate_execution,raw,2,young_20_29,1,correct,2290,2139,0.609000027179718,0.8496615607128457,0.22653583200147373
current_evidence__saved_gate_execution,raw,2,young_20_29,1,error,208,359,0.5509999990463257,0.6911849495342859,0.1357023476442719
current_evidence__saved_gate_execution,raw,2,older_80_89,0,all,2509,2509,0.8230000138282776,0.8054866754211406,0.0784038246768768
current_evidence__saved_gate_execution,raw,2,older_80_89,0,correct,2484,2480,0.8230000138282776,0.8061838100155757,0.08042744991231897
current_evidence__saved_gate_execution,raw,2,older_80_89,0,error,25,29,0.6899999976158142,0.7241990844297047,0.14100887260078268
current_evidence__saved_gate_execution,raw,2,older_80_89,1,all,2491,2491,0.9330000281333924,1.1128950587722597,0.16628542381637537
current_evidence__saved_gate_execution,raw,2,older_80_89,1,correct,2394,2329,0.9404999911785126,1.1214305693366928,0.16898729800230702
current_evidence__saved_gate_execution,raw,2,older_80_89,1,error,97,162,0.7599999904632568,0.9684767497542073,0.20327645488560614
current_evidence__saved_gate_execution,raw,3,young_20_29,0,all,2502,2502,0.5600000023841858,0.5860725975768846,0.035701550525760115
current_evidence__saved_gate_execution,raw,3,young_20_29,0,correct,2457,2447,0.5609999895095825,0.5869092678111323,0.03606413884146459
current_evidence__saved_gate_execution,raw,3,young_20_29,0,error,45,55,0.5450000166893005,0.5491098433480917,0.026346881244739946
current_evidence__saved_gate_execution,raw,3,young_20_29,1,all,2498,2498,0.6039999723434448,0.8295067320700776,0.20980837619018733
current_evidence__saved_gate_execution,raw,3,young_20_29,1,correct,2290,2156,0.609000027179718,0.8530057936484153,0.22721536880356505
current_evidence__saved_gate_execution,raw,3,young_20_29,1,error,208,342,0.5509999990463257,0.683289310908703,0.13085581532765228
current_evidence__saved_gate_execution,raw,3,older_80_89,0,all,2509,2509,0.8230000138282776,0.8077325284295656,0.07779853640459991
current_evidence__saved_gate_execution,raw,3,older_80_89,0,correct,2484,2482,0.8230000138282776,0.8087470877976293,0.08034279618901949
current_evidence__saved_gate_execution,raw,3,older_80_89,0,error,25,27,0.6899999976158142,0.7431549510362166,0.18254050827068127
current_evidence__saved_gate_execution,raw,3,older_80_89,1,all,2491,2491,0.9330000281333924,1.113357099696355,0.16841085881664886
current_evidence__saved_gate_execution,raw,3,older_80_89,1,correct,2394,2331,0.9404999911785126,1.1230309788683912,0.17296633229645048
current_evidence__saved_gate_execution,raw,3,older_80_89,1,error,97,160,0.7599999904632568,0.9603492986595419,0.17343416228422529
current_evidence__saved_gate_execution,raw,4,young_20_29,0,all,2502,2502,0.5600000023841858,0.5918886741130316,0.03557380727194432
current_evidence__saved_gate_execution,raw,4,young_20_29,0,correct,2457,2463,0.5609999895095825,0.5913745569128295,0.03525238311296369
current_evidence__saved_gate_execution,raw,4,young_20_29,0,error,45,39,0.5450000166893005,0.6275872821990565,0.08291131770968553
current_evidence__saved_gate_execution,raw,4,young_20_29,1,all,2498,2498,0.6039999723434448,0.8274875975471493,0.20809429357171222
current_evidence__saved_gate_execution,raw,4,young_20_29,1,correct,2290,2163,0.609000027179718,0.8501017743443264,0.2264068300676047
current_evidence__saved_gate_execution,raw,4,young_20_29,1,error,208,335,0.5509999990463257,0.666880740356582,0.11911260637295498
current_evidence__saved_gate_execution,raw,4,older_80_89,0,all,2509,2509,0.8230000138282776,0.8090980929190715,0.07794017271569294
current_evidence__saved_gate_execution,raw,4,older_80_89,0,correct,2484,2484,0.8230000138282776,0.8071023307327982,0.08149626915477304
current_evidence__saved_gate_execution,raw,4,older_80_89,0,error,25,25,0.6899999976158142,0.9063877483125552,0.2803236623876285
current_evidence__saved_gate_execution,raw,4,older_80_89,1,all,2491,2491,0.9330000281333924,1.1185509562505105,0.16717335631327399
current_evidence__saved_gate_execution,raw,4,older_80_89,1,correct,2394,2349,0.9404999911785126,1.125874552417711,0.16986010908689333
current_evidence__saved_gate_execution,raw,4,older_80_89,1,error,97,142,0.7599999904632568,0.9319317749166827,0.17938647602365587
current_evidence__saved_gate_execution,raw,5,young_20_29,0,all,2502,2502,0.5600000023841858,0.5902901748897873,0.036964742638208474
current_evidence__saved_gate_execution,raw,5,young_20_29,0,correct,2457,2456,0.5609999895095825,0.5906775780454373,0.03725284289148126
current_evidence__saved_gate_execution,raw,5,young_20_29,0,error,45,46,0.5450000166893005,0.5670516899884164,0.03817422660487479
current_evidence__saved_gate_execution,raw,5,young_20_29,1,all,2498,2498,0.6039999723434448,0.8266053703501874,0.20822808650738162
current_evidence__saved_gate_execution,raw,5,young_20_29,1,correct,2290,2157,0.609000027179718,0.8453247523239124,0.22541493289344838
current_evidence__saved_gate_execution,raw,5,young_20_29,1,error,208,341,0.5509999990463257,0.6815184712412806,0.12868194754206164
current_evidence__saved_gate_execution,raw,5,older_80_89,0,all,2509,2509,0.8230000138282776,0.8083831768868801,0.0790537393194882
current_evidence__saved_gate_execution,raw,5,older_80_89,0,correct,2484,2483,0.8230000138282776,0.8084205061689197,0.0816552921008191
current_evidence__saved_gate_execution,raw,5,older_80_89,0,error,25,26,0.6899999976158142,0.7738664946249767,0.1818571550090771
current_evidence__saved_gate_execution,raw,5,older_80_89,1,all,2491,2491,0.9330000281333924,1.1188356651883198,0.16670419822931112
current_evidence__saved_gate_execution,raw,5,older_80_89,1,correct,2394,2331,0.9404999911785126,1.1281982365560008,0.17052689629704046
current_evidence__saved_gate_execution,raw,5,older_80_89,1,error,97,160,0.7599999904632568,0.946931726596595,0.182330770024557
current_evidence__saved_gate_execution,raw,6,young_20_29,0,all,2502,2502,0.5600000023841858,0.5879752985669287,0.03757844026855092
current_evidence__saved_gate_execution,raw,6,young_20_29,0,correct,2457,2453,0.5609999895095825,0.5874697833493192,0.03754913722121618
current_evidence__saved_gate_execution,raw,6,young_20_29,0,error,45,49,0.5450000166893005,0.6106560570638077,0.043232211940088264
current_evidence__saved_gate_execution,raw,6,young_20_29,1,all,2498,2498,0.6039999723434448,0.8306759699433959,0.20988011895974595
current_evidence__saved_gate_execution,raw,6,young_20_29,1,correct,2290,2163,0.609000027179718,0.8536447377819997,0.22870755337959586
current_evidence__saved_gate_execution,raw,6,young_20_29,1,error,208,335,0.5509999990463257,0.6636523749485063,0.11623456939603755
current_evidence__saved_gate_execution,raw,6,older_80_89,0,all,2509,2509,0.8230000138282776,0.80577543138478,0.07943771225360474
current_evidence__saved_gate_execution,raw,6,older_80_89,0,correct,2484,2491,0.8230000138282776,0.80577543138478,0.08248289451427068
current_evidence__saved_gate_execution,raw,6,older_80_89,0,error,25,18,0.6899999976158142,0.8017723085598178,0.22634812707906365
current_evidence__saved_gate_execution,raw,6,older_80_89,1,all,2491,2491,0.9330000281333924,1.1190431968930767,0.16910619674147973
current_evidence__saved_gate_execution,raw,6,older_80_89,1,correct,2394,2339,0.9404999911785126,1.1281990337752474,0.17059115770477035
current_evidence__saved_gate_execution,raw,6,older_80_89,1,error,97,152,0.7599999904632568,0.9578905851011565,0.20686071111016896
current_evidence__saved_gate_execution,raw,7,young_20_29,0,all,2502,2502,0.5600000023841858,0.5876532669179668,0.038099454597147385
current_evidence__saved_gate_execution,raw,7,young_20_29,0,correct,2457,2447,0.5609999895095825,0.5876701351933016,0.03835230999446171
current_evidence__saved_gate_execution,raw,7,young_20_29,0,error,45,55,0.5450000166893005,0.578215631081902,0.03645725080492697
current_evidence__saved_gate_execution,raw,7,young_20_29,1,all,2498,2498,0.6039999723434448,0.8321507225789281,0.20993486786534715
current_evidence__saved_gate_execution,raw,7,young_20_29,1,correct,2290,2169,0.609000027179718,0.8508726342231424,0.22681129119240306
current_evidence__saved_gate_execution,raw,7,young_20_29,1,error,208,329,0.5509999990463257,0.6763728199966504,0.12433151507837811
current_evidence__saved_gate_execution,raw,7,older_80_89,0,all,2509,2509,0.8230000138282776,0.8060494107487897,0.07803423258255149
current_evidence__saved_gate_execution,raw,7,older_80_89,0,correct,2484,2493,0.8230000138282776,0.8060297990243939,0.08094229525763169
current_evidence__saved_gate_execution,raw,7,older_80_89,0,error,25,16,0.6899999976158142,0.8418507661393946,0.2304562282147305
current_evidence__saved_gate_execution,raw,7,older_80_89,1,all,2491,2491,0.9330000281333924,1.116054807992004,0.16529245915622623
current_evidence__saved_gate_execution,raw,7,older_80_89,1,correct,2394,2351,0.9404999911785126,1.12529696748242,0.16860383505179938
current_evidence__saved_gate_execution,raw,7,older_80_89,1,error,97,140,0.7599999904632568,0.9294284808675926,0.16731046992099
current_evidence__saved_gate_execution,raw,8,young_20_29,0,all,2502,2502,0.5600000023841858,0.5887187646174794,0.03748736613865818
current_evidence__saved_gate_execution,raw,8,young_20_29,0,correct,2457,2442,0.5609999895095825,0.5887187646174794,0.03767308731668353
current_evidence__saved_gate_execution,raw,8,young_20_29,0,error,45,60,0.5450000166893005,0.5797568359889915,0.033468001433196524
current_evidence__saved_gate_execution,raw,8,young_20_29,1,all,2498,2498,0.6039999723434448,0.8281875026060724,0.20796384512505378
current_evidence__saved_gate_execution,raw,8,young_20_29,1,correct,2290,2161,0.609000027179718,0.8469305926078674,0.22542152772561394
current_evidence__saved_gate_execution,raw,8,young_20_29,1,error,208,337,0.5509999990463257,0.6704044706422366,0.12416357478071034
current_evidence__saved_gate_execution,raw,8,older_80_89,0,all,2509,2509,0.8230000138282776,0.8081392481508166,0.0777261717365655
current_evidence__saved_gate_execution,raw,8,older_80_89,0,correct,2484,2484,0.8230000138282776,0.8077925960831219,0.08130873543577799
current_evidence__saved_gate_execution,raw,8,older_80_89,0,error,25,25,0.6899999976158142,0.8731295534881305,0.27823735741718747
current_evidence__saved_gate_execution,raw,8,older_80_89,1,all,2491,2491,0.9330000281333924,1.1156213692450687,0.16611144419074864
current_evidence__saved_gate_execution,raw,8,older_80_89,1,correct,2394,2339,0.9404999911785126,1.1238940606558034,0.16947616908164434
current_evidence__saved_gate_execution,raw,8,older_80_89,1,error,97,152,0.7599999904632568,0.941586540505482,0.18016564287880704
current_evidence__saved_gate_execution,raw,9,young_20_29,0,all,2502,2502,0.5600000023841858,0.5861354324689337,0.03696151350560627
current_evidence__saved_gate_execution,raw,9,young_20_29,0,correct,2457,2450,0.5609999895095825,0.5868695646943389,0.037436356579251484
current_evidence__saved_gate_execution,raw,9,young_20_29,0,error,45,52,0.5450000166893005,0.5506160363195514,0.018946400462782637
current_evidence__saved_gate_execution,raw,9,young_20_29,1,all,2498,2498,0.6039999723434448,0.8287355945909651,0.20939519267675316
current_evidence__saved_gate_execution,raw,9,young_20_29,1,correct,2290,2160,0.609000027179718,0.8514703139297,0.22722152916690036
current_evidence__saved_gate_execution,raw,9,young_20_29,1,error,208,338,0.5509999990463257,0.675544107743105,0.12526857005912784
current_evidence__saved_gate_execution,raw,9,older_80_89,0,all,2509,2509,0.8230000138282776,0.8059725662021121,0.0792626690040658
current_evidence__saved_gate_execution,raw,9,older_80_89,0,correct,2484,2493,0.8230000138282776,0.8057787557301154,0.08249759390593094
current_evidence__saved_gate_execution,raw,9,older_80_89,0,error,25,16,0.6899999976158142,0.8958309751426068,0.2611069379385347
current_evidence__saved_gate_execution,raw,9,older_80_89,1,all,2491,2491,0.9330000281333924,1.1162511821099683,0.16720057015506878
current_evidence__saved_gate_execution,raw,9,older_80_89,1,correct,2394,2314,0.9404999911785126,1.1260350535222907,0.16969715251551176
current_evidence__saved_gate_execution,raw,9,older_80_89,1,error,97,177,0.7599999904632568,0.98732192759673,0.212648667665005
current_evidence__saved_gate_execution,presentation_floor_60hz,0,young_20_29,0,all,2502,2502,0.55,0.5833333333333334,0.03729682920330403
current_evidence__saved_gate_execution,presentation_floor_60hz,0,young_20_29,0,correct,2457,2450,0.55,0.5833333333333334,0.037415372986801546
current_evidence__saved_gate_execution,presentation_floor_60hz,0,young_20_29,0,error,45,52,0.5333333333333333,0.6,0.055334757834757824
current_evidence__saved_gate_execution,presentation_floor_60hz,0,young_20_29,1,all,2498,2498,0.6,0.8166666666666667,0.2081331732052308
current_evidence__saved_gate_execution,presentation_floor_60hz,0,young_20_29,1,correct,2290,2162,0.6,0.85,0.22715461046769195
current_evidence__saved_gate_execution,presentation_floor_60hz,0,young_20_29,1,error,208,336,0.55,0.6666666666666666,0.11438873626373626
current_evidence__saved_gate_execution,presentation_floor_60hz,0,older_80_89,0,all,2509,2509,0.8166666666666667,0.8,0.07859040786501931
current_evidence__saved_gate_execution,presentation_floor_60hz,0,older_80_89,0,correct,2484,2484,0.8166666666666667,0.8,0.08030059044551802
current_evidence__saved_gate_execution,presentation_floor_60hz,0,older_80_89,0,error,25,25,0.6833333333333333,0.6666666666666666,0.09933333333333334
current_evidence__saved_gate_execution,presentation_floor_60hz,0,older_80_89,1,all,2491,2491,0.9166666666666666,1.1,0.16854676836611807
current_evidence__saved_gate_execution,presentation_floor_60hz,0,older_80_89,1,correct,2394,2347,0.9333333333333333,1.1166666666666667,0.17025500597585919
current_evidence__saved_gate_execution,presentation_floor_60hz,0,older_80_89,1,error,97,144,0.75,0.9833333333333333,0.2014294578083238
current_evidence__saved_gate_execution,presentation_floor_60hz,1,young_20_29,0,all,2502,2502,0.55,0.5833333333333334,0.03833599786837198
current_evidence__saved_gate_execution,presentation_floor_60hz,1,young_20_29,0,correct,2457,2453,0.55,0.5833333333333334,0.0388331482501886
current_evidence__saved_gate_execution,presentation_floor_60hz,1,young_20_29,0,error,45,49,0.5333333333333333,0.5333333333333333,0.026613756613756614
current_evidence__saved_gate_execution,presentation_floor_60hz,1,young_20_29,1,all,2498,2498,0.6,0.8166666666666667,0.20915398985855346
current_evidence__saved_gate_execution,presentation_floor_60hz,1,young_20_29,1,correct,2290,2164,0.6,0.85,0.22762155370264245
current_evidence__saved_gate_execution,presentation_floor_60hz,1,young_20_29,1,error,208,334,0.55,0.6666666666666666,0.11788298403193612
current_evidence__saved_gate_execution,presentation_floor_60hz,1,older_80_89,0,all,2509,2509,0.8166666666666667,0.8,0.077129002258536
current_evidence__saved_gate_execution,presentation_floor_60hz,1,older_80_89,0,correct,2484,2488,0.8166666666666667,0.8,0.08038694159232168
current_evidence__saved_gate_execution,presentation_floor_60hz,1,older_80_89,0,error,25,21,0.6833333333333333,0.8,0.2636507936507937
current_evidence__saved_gate_execution,presentation_floor_60hz,1,older_80_89,1,all,2491,2491,0.9166666666666666,1.1,0.16428475846380303
current_evidence__saved_gate_execution,presentation_floor_60hz,1,older_80_89,1,correct,2394,2326,0.9333333333333333,1.1166666666666667,0.16800344345146823
current_evidence__saved_gate_execution,presentation_floor_60hz,1,older_80_89,1,error,97,165,0.75,0.9333333333333333,0.18792564823492655
current_evidence__saved_gate_execution,presentation_floor_60hz,2,young_20_29,0,all,2502,2502,0.55,0.5833333333333334,0.0373834265920597
current_evidence__saved_gate_execution,presentation_floor_60hz,2,young_20_29,0,correct,2457,2448,0.55,0.5833333333333334,0.037798142761378044
current_evidence__saved_gate_execution,presentation_floor_60hz,2,young_20_29,0,error,45,54,0.5333333333333333,0.55,0.02814814814814815
current_evidence__saved_gate_execution,presentation_floor_60hz,2,young_20_29,1,all,2498,2498,0.6,0.8166666666666667,0.2090405657859621
current_evidence__saved_gate_execution,presentation_floor_60hz,2,young_20_29,1,correct,2290,2139,0.6,0.8333333333333334,0.22664523070201767
current_evidence__saved_gate_execution,presentation_floor_60hz,2,young_20_29,1,error,208,359,0.55,0.6833333333333333,0.13477720341404184
current_evidence__saved_gate_execution,presentation_floor_60hz,2,older_80_89,0,all,2509,2509,0.8166666666666667,0.8,0.07834462601301985
current_evidence__saved_gate_execution,presentation_floor_60hz,2,older_80_89,0,correct,2484,2480,0.8166666666666667,0.8,0.0803819931432134
current_evidence__saved_gate_execution,presentation_floor_60hz,2,older_80_89,0,error,25,29,0.6833333333333333,0.7166666666666667,0.14144827586206898
current_evidence__saved_gate_execution,presentation_floor_60hz,2,older_80_89,1,all,2491,2491,0.9166666666666666,1.1,0.16611133413622378
current_evidence__saved_gate_execution,presentation_floor_60hz,2,older_80_89,1,correct,2394,2329,0.9333333333333333,1.1166666666666667,0.16875204087696477
current_evidence__saved_gate_execution,presentation_floor_60hz,2,older_80_89,1,error,97,162,0.75,0.9666666666666667,0.20282974841966822
current_evidence__saved_gate_execution,presentation_floor_60hz,3,young_20_29,0,all,2502,2502,0.55,0.5833333333333334,0.035718092192912346
current_evidence__saved_gate_execution,presentation_floor_60hz,3,young_20_29,0,correct,2457,2447,0.55,0.5833333333333334,0.03608365480045086
current_evidence__saved_gate_execution,presentation_floor_60hz,3,young_20_29,0,error,45,55,0.5333333333333333,0.5333333333333333,0.02545454545454545
current_evidence__saved_gate_execution,presentation_floor_60hz,3,young_20_29,1,all,2498,2498,0.6,0.8166666666666667,0.20962770216172938
current_evidence__saved_gate_execution,presentation_floor_60hz,3,young_20_29,1,correct,2290,2156,0.6,0.85,0.22701680831125626
current_evidence__saved_gate_execution,presentation_floor_60hz,3,young_20_29,1,error,208,342,0.55,0.6666666666666666,0.13081280926675662
current_evidence__saved_gate_execution,presentation_floor_60hz,3,older_80_89,0,all,2509,2509,0.8166666666666667,0.8,0.07760063770426467
current_evidence__saved_gate_execution,presentation_floor_60hz,3,older_80_89,0,correct,2484,2482,0.8166666666666667,0.8,0.08014988107611522
current_evidence__saved_gate_execution,presentation_floor_60hz,3,older_80_89,0,error,25,27,0.6833333333333333,0.7333333333333333,0.18244444444444444
current_evidence__saved_gate_execution,presentation_floor_60hz,3,older_80_89,1,all,2491,2491,0.9166666666666666,1.1,0.1682925197377225
current_evidence__saved_gate_execution,presentation_floor_60hz,3,older_80_89,1,correct,2394,2331,0.9333333333333333,1.1166666666666667,0.17282696230064665
current_evidence__saved_gate_execution,presentation_floor_60hz,3,older_80_89,1,error,97,160,0.75,0.95,0.17346971649484533
current_evidence__saved_gate_execution,presentation_floor_60hz,4,young_20_29,0,all,2502,2502,0.55,0.5833333333333334,0.03567812416733281
current_evidence__saved_gate_execution,presentation_floor_60hz,4,young_20_29,0,correct,2457,2463,0.55,0.5833333333333334,0.035362064290200695
current_evidence__saved_gate_execution,presentation_floor_60hz,4,young_20_29,0,error,45,39,0.5333333333333333,0.6166666666666667,0.08339031339031339
current_evidence__saved_gate_execution,presentation_floor_60hz,4,young_20_29,1,all,2498,2498,0.6,0.8166666666666667,0.20812650120096074
current_evidence__saved_gate_execution,presentation_floor_60hz,4,young_20_29,1,correct,2290,2163,0.6,0.85,0.22642581567328252
current_evidence__saved_gate_execution,presentation_floor_60hz,4,young_20_29,1,error,208,335,0.55,0.6666666666666666,0.11895450631458095
current_evidence__saved_gate_execution,presentation_floor_60hz,4,older_80_89,0,all,2509,2509,0.8166666666666667,0.8,0.07795270360037204
current_evidence__saved_gate_execution,presentation_floor_60hz,4,older_80_89,0,correct,2484,2484,0.8166666666666667,0.8,0.08150161030595818
current_evidence__saved_gate_execution,presentation_floor_60hz,4,older_80_89,0,error,25,25,0.6833333333333333,0.9,0.2800000000000001
current_evidence__saved_gate_execution,presentation_floor_60hz,4,older_80_89,1,all,2491,2491,0.9166666666666666,1.1166666666666667,0.16726214371738263
current_evidence__saved_gate_execution,presentation_floor_60hz,4,older_80_89,1,correct,2394,2349,0.9333333333333333,1.1166666666666667,0.1699347346655273
current_evidence__saved_gate_execution,presentation_floor_60hz,4,older_80_89,1,error,97,142,0.75,0.9166666666666666,0.17996950776825904
current_evidence__saved_gate_execution,presentation_floor_60hz,5,young_20_29,0,all,2502,2502,0.55,0.5833333333333334,0.0372501998401279
current_evidence__saved_gate_execution,presentation_floor_60hz,5,young_20_29,0,correct,2457,2456,0.55,0.5833333333333334,0.03753922516137499
current_evidence__saved_gate_execution,presentation_floor_60hz,5,young_20_29,0,error,45,46,0.5333333333333333,0.5583333333333333,0.03656199677938809
current_evidence__saved_gate_execution,presentation_floor_60hz,5,young_20_29,1,all,2498,2498,0.6,0.8166666666666667,0.2081265012009607
current_evidence__saved_gate_execution,presentation_floor_60hz,5,young_20_29,1,correct,2290,2157,0.6,0.8333333333333334,0.2252692260194796
current_evidence__saved_gate_execution,presentation_floor_60hz,5,young_20_29,1,error,208,341,0.55,0.6666666666666666,0.12859449018723212
current_evidence__saved_gate_execution,presentation_floor_60hz,5,older_80_89,0,all,2509,2509,0.8166666666666667,0.8,0.07891590275009971
current_evidence__saved_gate_execution,presentation_floor_60hz,5,older_80_89,0,correct,2484,2483,0.8166666666666667,0.8,0.081497248925544
current_evidence__saved_gate_execution,presentation_floor_60hz,5,older_80_89,0,error,25,26,0.6833333333333333,0.7583333333333333,0.18030769230769234
current_evidence__saved_gate_execution,presentation_floor_60hz,5,older_80_89,1,all,2491,2491,0.9166666666666666,1.1166666666666667,0.16656630536598424
current_evidence__saved_gate_execution,presentation_floor_60hz,5,older_80_89,1,correct,2394,2331,0.9333333333333333,1.1166666666666667,0.1703338677022889
current_evidence__saved_gate_execution,presentation_floor_60hz,5,older_80_89,1,error,97,160,0.75,0.9333333333333333,0.18278135738831616
current_evidence__saved_gate_execution,presentation_floor_60hz,6,young_20_29,0,all,2502,2502,0.55,0.5833333333333334,0.03765654143351986
current_evidence__saved_gate_execution,presentation_floor_60hz,6,young_20_29,0,correct,2457,2453,0.55,0.5833333333333334,0.037637355724052274
current_evidence__saved_gate_execution,presentation_floor_60hz,6,young_20_29,0,error,45,49,0.5333333333333333,0.6,0.04142857142857144
current_evidence__saved_gate_execution,presentation_floor_60hz,6,young_20_29,1,all,2498,2498,0.6,0.8166666666666667,0.2099946623965839
current_evidence__saved_gate_execution,presentation_floor_60hz,6,young_20_29,1,correct,2290,2163,0.6,0.85,0.22884445359664762
current_evidence__saved_gate_execution,presentation_floor_60hz,6,young_20_29,1,error,208,335,0.55,0.65,0.11594694795254497
current_evidence__saved_gate_execution,presentation_floor_60hz,6,older_80_89,0,all,2509,2509,0.8166666666666667,0.8,0.0791816128603694
current_evidence__saved_gate_execution,presentation_floor_60hz,6,older_80_89,0,correct,2484,2491,0.8166666666666667,0.8,0.08220111725884688
current_evidence__saved_gate_execution,presentation_floor_60hz,6,older_80_89,0,error,25,18,0.6833333333333333,0.7916666666666667,0.2231851851851852
current_evidence__saved_gate_execution,presentation_floor_60hz,6,older_80_89,1,all,2491,2491,0.9166666666666666,1.1166666666666667,0.16903519336277267
current_evidence__saved_gate_execution,presentation_floor_60hz,6,older_80_89,1,correct,2394,2339,0.9333333333333333,1.1166666666666667,0.17050554156042344
current_evidence__saved_gate_execution,presentation_floor_60hz,6,older_80_89,1,error,97,152,0.75,0.95,0.20656425212515828
current_evidence__saved_gate_execution,presentation_floor_60hz,7,young_20_29,0,all,2502,2502,0.55,0.5833333333333334,0.03808286703970158
current_evidence__saved_gate_execution,presentation_floor_60hz,7,young_20_29,0,correct,2457,2447,0.55,0.5833333333333334,0.03832449392318619
current_evidence__saved_gate_execution,presentation_floor_60hz,7,young_20_29,0,error,45,55,0.5333333333333333,0.5666666666666667,0.03683501683501684
current_evidence__saved_gate_execution,presentation_floor_60hz,7,young_20_29,1,all,2498,2498,0.6,0.8166666666666667,0.20987456631972243
current_evidence__saved_gate_execution,presentation_floor_60hz,7,young_20_29,1,correct,2290,2169,0.6,0.85,0.2267409903879128
current_evidence__saved_gate_execution,presentation_floor_60hz,7,young_20_29,1,error,208,329,0.55,0.6666666666666666,0.12407036669004753
current_evidence__saved_gate_execution,presentation_floor_60hz,7,older_80_89,0,all,2509,2509,0.8166666666666667,0.8,0.07780656303972372
current_evidence__saved_gate_execution,presentation_floor_60hz,7,older_80_89,0,correct,2484,2493,0.8166666666666667,0.8,0.08073187049342029
current_evidence__saved_gate_execution,presentation_floor_60hz,7,older_80_89,0,error,25,16,0.6833333333333333,0.8333333333333333,0.23175
current_evidence__saved_gate_execution,presentation_floor_60hz,7,older_80_89,1,all,2491,2491,0.9166666666666666,1.1,0.16514786564967215
current_evidence__saved_gate_execution,presentation_floor_60hz,7,older_80_89,1,correct,2394,2351,0.9333333333333333,1.1166666666666667,0.16845905704286251
current_evidence__saved_gate_execution,presentation_floor_60hz,7,older_80_89,1,error,97,140,0.75,0.9166666666666666,0.1675490918016691
current_evidence__saved_gate_execution,presentation_floor_60hz,8,young_20_29,0,all,2502,2502,0.55,0.5833333333333334,0.037583266719957376
current_evidence__saved_gate_execution,presentation_floor_60hz,8,young_20_29,0,correct,2457,2442,0.55,0.5833333333333334,0.03778812112145444
current_evidence__saved_gate_execution,presentation_floor_60hz,8,young_20_29,0,error,45,60,0.5333333333333333,0.575,0.03416666666666668
current_evidence__saved_gate_execution,presentation_floor_60hz,8,young_20_29,1,all,2498,2498,0.6,0.8166666666666667,0.2077595409661062
current_evidence__saved_gate_execution,presentation_floor_60hz,8,young_20_29,1,correct,2290,2161,0.6,0.8333333333333334,0.22520947968048113
current_evidence__saved_gate_execution,presentation_floor_60hz,8,young_20_29,1,error,208,337,0.55,0.6666666666666666,0.1237985524613863
current_evidence__saved_gate_execution,presentation_floor_60hz,8,older_80_89,0,all,2509,2509,0.8166666666666667,0.8,0.07749435366015682
current_evidence__saved_gate_execution,presentation_floor_60hz,8,older_80_89,0,correct,2484,2484,0.8166666666666667,0.8,0.08109232420826627
current_evidence__saved_gate_execution,presentation_floor_60hz,8,older_80_89,0,error,25,25,0.6833333333333333,0.8666666666666667,0.28
current_evidence__saved_gate_execution,presentation_floor_60hz,8,older_80_89,1,all,2491,2491,0.9166666666666666,1.1,0.16592399304161648
current_evidence__saved_gate_execution,presentation_floor_60hz,8,older_80_89,1,correct,2394,2339,0.9333333333333333,1.1166666666666667,0.16927380324356106
current_evidence__saved_gate_execution,presentation_floor_60hz,8,older_80_89,1,error,97,152,0.75,0.9333333333333333,0.18057175800325553
current_evidence__saved_gate_execution,presentation_floor_60hz,9,young_20_29,0,all,2502,2502,0.55,0.5833333333333334,0.037243538502531315
current_evidence__saved_gate_execution,presentation_floor_60hz,9,young_20_29,0,correct,2457,2450,0.55,0.5833333333333334,0.03772837568075661
current_evidence__saved_gate_execution,presentation_floor_60hz,9,young_20_29,0,error,45,52,0.5333333333333333,0.5416666666666667,0.018739316239316232
current_evidence__saved_gate_execution,presentation_floor_60hz,9,young_20_29,1,all,2498,2498,0.6,0.8166666666666667,0.20937416599946623
current_evidence__saved_gate_execution,presentation_floor_60hz,9,young_20_29,1,correct,2290,2160,0.6,0.85,0.22718044099412368
current_evidence__saved_gate_execution,presentation_floor_60hz,9,young_20_29,1,error,208,338,0.55,0.6666666666666666,0.12517874753451677
current_evidence__saved_gate_execution,presentation_floor_60hz,9,older_80_89,0,all,2509,2509,0.8166666666666667,0.8,0.07902218679420758
current_evidence__saved_gate_execution,presentation_floor_60hz,9,older_80_89,0,correct,2484,2493,0.8166666666666667,0.8,0.0822560415540325
current_evidence__saved_gate_execution,presentation_floor_60hz,9,older_80_89,0,error,25,16,0.6833333333333333,0.8833333333333333,0.259875
current_evidence__saved_gate_execution,presentation_floor_60hz,9,older_80_89,1,all,2491,2491,0.9166666666666666,1.1,0.1671082563896695
current_evidence__saved_gate_execution,presentation_floor_60hz,9,older_80_89,1,correct,2394,2314,0.9333333333333333,1.1166666666666667,0.16958712925596442
current_evidence__saved_gate_execution,presentation_floor_60hz,9,older_80_89,1,error,97,177,0.75,0.9833333333333333,0.21320208903644167
current_evidence__saved_gate_execution,combined_60hz_125hz,0,young_20_29,0,all,2502,2502,0.55,0.5833333333333334,0.03735678124167333
current_evidence__saved_gate_execution,combined_60hz_125hz,0,young_20_29,0,correct,2457,2450,0.55,0.5666666666666667,0.0374701629939725
current_evidence__saved_gate_execution,combined_60hz_125hz,0,young_20_29,0,error,45,52,0.5333333333333333,0.6,0.05519230769230768
current_evidence__saved_gate_execution,combined_60hz_125hz,0,young_20_29,1,all,2498,2498,0.5833333333333334,0.8166666666666667,0.20831998932479312
current_evidence__saved_gate_execution,combined_60hz_125hz,0,young_20_29,1,correct,2290,2162,0.6,0.8333333333333334,0.22731173087617676
current_evidence__saved_gate_execution,combined_60hz_125hz,0,young_20_29,1,error,208,336,0.5333333333333333,0.65,0.11535409035409036
current_evidence__saved_gate_execution,combined_60hz_125hz,0,older_80_89,0,all,2509,2509,0.8166666666666667,0.8,0.07918161286036939
current_evidence__saved_gate_execution,combined_60hz_125hz,0,older_80_89,0,correct,2484,2484,0.8166666666666667,0.8,0.08090445517981754
current_evidence__saved_gate_execution,combined_60hz_125hz,0,older_80_89,0,error,25,25,0.6833333333333333,0.6666666666666666,0.1
current_evidence__saved_gate_execution,combined_60hz_125hz,0,older_80_89,1,all,2491,2491,0.9166666666666666,1.1,0.16864043891342168
current_evidence__saved_gate_execution,combined_60hz_125hz,0,older_80_89,1,correct,2394,2347,0.925,1.1,0.17042854496939233
current_evidence__saved_gate_execution,combined_60hz_125hz,0,older_80_89,1,error,97,144,0.75,0.9666666666666667,0.20145332187857962
current_evidence__saved_gate_execution,combined_60hz_125hz,1,young_20_29,0,all,2502,2502,0.55,0.5833333333333334,0.03890221156408208
current_evidence__saved_gate_execution,combined_60hz_125hz,1,young_20_29,0,correct,2457,2453,0.55,0.5833333333333334,0.0393843160659304
current_evidence__saved_gate_execution,combined_60hz_125hz,1,young_20_29,0,error,45,49,0.5333333333333333,0.5333333333333333,0.027981859410430833
current_evidence__saved_gate_execution,combined_60hz_125hz,1,young_20_29,1,all,2498,2498,0.5833333333333334,0.8166666666666667,0.20925406992260476
current_evidence__saved_gate_execution,combined_60hz_125hz,1,young_20_29,1,correct,2290,2164,0.6,0.8333333333333334,0.2278589907094254
current_evidence__saved_gate_execution,combined_60hz_125hz,1,young_20_29,1,error,208,334,0.5333333333333333,0.65,0.11751976815599571
current_evidence__saved_gate_execution,combined_60hz_125hz,1,older_80_89,0,all,2509,2509,0.8166666666666667,0.8,0.07790620433107485
current_evidence__saved_gate_execution,combined_60hz_125hz,1,older_80_89,0,correct,2484,2488,0.8166666666666667,0.8,0.08118568700346747
current_evidence__saved_gate_execution,combined_60hz_125hz,1,older_80_89,0,error,25,21,0.6833333333333333,0.8,0.2638095238095239
current_evidence__saved_gate_execution,combined_60hz_125hz,1,older_80_89,1,all,2491,2491,0.9166666666666666,1.1,0.1641375618894688
current_evidence__saved_gate_execution,combined_60hz_125hz,1,older_80_89,1,correct,2394,2326,0.925,1.1,0.1678559995096178
current_evidence__saved_gate_execution,combined_60hz_125hz,1,older_80_89,1,error,97,165,0.75,0.9166666666666666,0.18819952098302614
current_evidence__saved_gate_execution,combined_60hz_125hz,2,young_20_29,0,all,2502,2502,0.55,0.5833333333333334,0.03752331468158808
current_evidence__saved_gate_execution,combined_60hz_125hz,2,young_20_29,0,correct,2457,2448,0.55,0.5833333333333334,0.03792602867357768
current_evidence__saved_gate_execution,combined_60hz_125hz,2,young_20_29,0,error,45,54,0.5333333333333333,0.5416666666666667,0.03067901234567901
current_evidence__saved_gate_execution,combined_60hz_125hz,2,young_20_29,1,all,2498,2498,0.5833333333333334,0.8166666666666667,0.20904723779023218
current_evidence__saved_gate_execution,combined_60hz_125hz,2,young_20_29,1,correct,2290,2139,0.6,0.8333333333333334,0.22653801004836363
current_evidence__saved_gate_execution,combined_60hz_125hz,2,young_20_29,1,error,208,359,0.5333333333333333,0.6833333333333333,0.13592689807870864
current_evidence__saved_gate_execution,combined_60hz_125hz,2,older_80_89,0,all,2509,2509,0.8166666666666667,0.8,0.07883618971701876
current_evidence__saved_gate_execution,combined_60hz_125hz,2,older_80_89,0,correct,2484,2480,0.8166666666666667,0.8,0.08084413363807946
current_evidence__saved_gate_execution,combined_60hz_125hz,2,older_80_89,0,error,25,29,0.6833333333333333,0.7166666666666667,0.1407586206896552
current_evidence__saved_gate_execution,combined_60hz_125hz,2,older_80_89,1,all,2491,2491,0.9166666666666666,1.1,0.16608457112270847
current_evidence__saved_gate_execution,combined_60hz_125hz,2,older_80_89,1,correct,2394,2329,0.925,1.1,0.16874808317487594
current_evidence__saved_gate_execution,combined_60hz_125hz,2,older_80_89,1,error,97,162,0.75,0.95,0.20338657672563745
current_evidence__saved_gate_execution,combined_60hz_125hz,3,young_20_29,0,all,2502,2502,0.55,0.5666666666666667,0.035917932320810024
current_evidence__saved_gate_execution,combined_60hz_125hz,3,young_20_29,0,correct,2457,2447,0.55,0.5666666666666667,0.03628564975111766
current_evidence__saved_gate_execution,combined_60hz_125hz,3,young_20_29,0,error,45,55,0.5333333333333333,0.5333333333333333,0.026767676767676763
current_evidence__saved_gate_execution,combined_60hz_125hz,3,young_20_29,1,all,2498,2498,0.5833333333333334,0.8166666666666667,0.20994795836669333
current_evidence__saved_gate_execution,combined_60hz_125hz,3,young_20_29,1,correct,2290,2156,0.6,0.85,0.22740412997275133
current_evidence__saved_gate_execution,combined_60hz_125hz,3,young_20_29,1,error,208,342,0.5333333333333333,0.6666666666666666,0.13105038236617184
current_evidence__saved_gate_execution,combined_60hz_125hz,3,older_80_89,0,all,2509,2509,0.8166666666666667,0.8,0.07821841371064171
current_evidence__saved_gate_execution,combined_60hz_125hz,3,older_80_89,0,correct,2484,2482,0.8166666666666667,0.8,0.08072994589493092
current_evidence__saved_gate_execution,combined_60hz_125hz,3,older_80_89,0,error,25,27,0.6833333333333333,0.7333333333333333,0.18083950617283956
current_evidence__saved_gate_execution,combined_60hz_125hz,3,older_80_89,1,all,2491,2491,0.9166666666666666,1.1,0.16827244747758602
current_evidence__saved_gate_execution,combined_60hz_125hz,3,older_80_89,1,correct,2394,2331,0.925,1.1,0.17278293330924924
current_evidence__saved_gate_execution,combined_60hz_125hz,3,older_80_89,1,error,97,160,0.75,0.95,0.1747540807560137
current_evidence__saved_gate_execution,combined_60hz_125hz,4,young_20_29,0,all,2502,2502,0.55,0.5833333333333334,0.03573141486810553
current_evidence__saved_gate_execution,combined_60hz_125hz,4,young_20_29,0,correct,2457,2463,0.55,0.5833333333333334,0.03546572298094831
current_evidence__saved_gate_execution,combined_60hz_125hz,4,young_20_29,0,error,45,39,0.5333333333333333,0.6166666666666667,0.08207977207977207
current_evidence__saved_gate_execution,combined_60hz_125hz,4,young_20_29,1,all,2498,2498,0.5833333333333334,0.8166666666666667,0.20815986122231117
current_evidence__saved_gate_execution,combined_60hz_125hz,4,young_20_29,1,correct,2290,2163,0.6,0.8333333333333334,0.22647671134422315
current_evidence__saved_gate_execution,combined_60hz_125hz,4,young_20_29,1,error,208,335,0.5333333333333333,0.65,0.119365193264447
current_evidence__saved_gate_execution,combined_60hz_125hz,4,older_80_89,0,all,2509,2509,0.8166666666666667,0.8,0.07844426730437098
current_evidence__saved_gate_execution,combined_60hz_125hz,4,older_80_89,0,correct,2484,2484,0.8166666666666667,0.8,0.08200483091787444
current_evidence__saved_gate_execution,combined_60hz_125hz,4,older_80_89,0,error,25,25,0.6833333333333333,0.9,0.2806666666666667
current_evidence__saved_gate_execution,combined_60hz_125hz,4,older_80_89,1,all,2491,2491,0.9166666666666666,1.1,0.16690753378830459
current_evidence__saved_gate_execution,combined_60hz_125hz,4,older_80_89,1,correct,2394,2349,0.925,1.1166666666666667,0.16962291851382408
current_evidence__saved_gate_execution,combined_60hz_125hz,4,older_80_89,1,error,97,142,0.75,0.9166666666666666,0.17910919122985336
current_evidence__saved_gate_execution,combined_60hz_125hz,5,young_20_29,0,all,2502,2502,0.55,0.5833333333333334,0.03714361843858248
current_evidence__saved_gate_execution,combined_60hz_125hz,5,young_20_29,0,correct,2457,2456,0.55,0.5833333333333334,0.03743652771204345
current_evidence__saved_gate_execution,combined_60hz_125hz,5,young_20_29,0,error,45,46,0.5333333333333333,0.55,0.03876006441223833
current_evidence__saved_gate_execution,combined_60hz_125hz,5,young_20_29,1,all,2498,2498,0.5833333333333334,0.8166666666666667,0.20819989324793162
current_evidence__saved_gate_execution,combined_60hz_125hz,5,young_20_29,1,correct,2290,2157,0.6,0.8333333333333334,0.22540261927754263
current_evidence__saved_gate_execution,combined_60hz_125hz,5,young_20_29,1,error,208,341,0.5333333333333333,0.6666666666666666,0.12880056771185802
current_evidence__saved_gate_execution,combined_60hz_125hz,5,older_80_89,0,all,2509,2509,0.8166666666666667,0.8,0.07936096718480144
current_evidence__saved_gate_execution,combined_60hz_125hz,5,older_80_89,0,correct,2484,2483,0.8166666666666667,0.8,0.08196168459750677
current_evidence__saved_gate_execution,combined_60hz_125hz,5,older_80_89,0,error,25,26,0.6833333333333333,0.7583333333333333,0.18171794871794872
current_evidence__saved_gate_execution,combined_60hz_125hz,5,older_80_89,1,all,2491,2491,0.9166666666666666,1.1,0.1665127793389536
current_evidence__saved_gate_execution,combined_60hz_125hz,5,older_80_89,1,correct,2394,2331,0.925,1.1166666666666667,0.1703225782173152
current_evidence__saved_gate_execution,combined_60hz_125hz,5,older_80_89,1,error,97,160,0.75,0.9333333333333333,0.18246348797250858
current_evidence__saved_gate_execution,combined_60hz_125hz,6,young_20_29,0,all,2502,2502,0.55,0.575,0.037883026911803896
current_evidence__saved_gate_execution,combined_60hz_125hz,6,young_20_29,0,correct,2457,2453,0.55,0.5666666666666667,0.037828420264892595
current_evidence__saved_gate_execution,combined_60hz_125hz,6,young_20_29,0,error,45,49,0.5333333333333333,0.6,0.043779289493575214
current_evidence__saved_gate_execution,combined_60hz_125hz,6,young_20_29,1,all,2498,2498,0.5833333333333334,0.8166666666666667,0.21005471043501464
current_evidence__saved_gate_execution,combined_60hz_125hz,6,young_20_29,1,correct,2290,2163,0.6,0.85,0.22884141183501006
current_evidence__saved_gate_execution,combined_60hz_125hz,6,young_20_29,1,error,208,335,0.5333333333333333,0.65,0.11672263681592038
current_evidence__saved_gate_execution,combined_60hz_125hz,6,older_80_89,0,all,2509,2509,0.8166666666666667,0.8,0.0797661751029627
current_evidence__saved_gate_execution,combined_60hz_125hz,6,older_80_89,0,correct,2484,2491,0.8166666666666667,0.8,0.082807691694394
current_evidence__saved_gate_execution,combined_60hz_125hz,6,older_80_89,0,error,25,18,0.6833333333333333,0.7916666666666667,0.2255925925925926
current_evidence__saved_gate_execution,combined_60hz_125hz,6,older_80_89,1,all,2491,2491,0.9166666666666666,1.1,0.1688478522681654
current_evidence__saved_gate_execution,combined_60hz_125hz,6,older_80_89,1,correct,2394,2339,0.925,1.1166666666666667,0.17029903150827536
current_evidence__saved_gate_execution,combined_60hz_125hz,6,older_80_89,1,error,97,152,0.75,0.9416666666666667,0.207336317598119
current_evidence__saved_gate_execution,combined_60hz_125hz,7,young_20_29,0,all,2502,2502,0.55,0.5666666666666667,0.03810285105249135
current_evidence__saved_gate_execution,combined_60hz_125hz,7,young_20_29,0,correct,2457,2447,0.55,0.5666666666666667,0.0383630788480264
current_evidence__saved_gate_execution,combined_60hz_125hz,7,young_20_29,0,error,45,55,0.5333333333333333,0.5666666666666667,0.03696969696969697
current_evidence__saved_gate_execution,combined_60hz_125hz,7,young_20_29,1,all,2498,2498,0.5833333333333334,0.8166666666666667,0.2101881505204163
current_evidence__saved_gate_execution,combined_60hz_125hz,7,young_20_29,1,correct,2290,2169,0.6,0.8333333333333334,0.22704025829086985
current_evidence__saved_gate_execution,combined_60hz_125hz,7,young_20_29,1,error,208,329,0.5333333333333333,0.6666666666666666,0.12483925648819265
current_evidence__saved_gate_execution,combined_60hz_125hz,7,older_80_89,0,all,2509,2509,0.8166666666666667,0.8,0.07846419556264121
current_evidence__saved_gate_execution,combined_60hz_125hz,7,older_80_89,0,correct,2484,2493,0.8166666666666667,0.8,0.08136213765693706
current_evidence__saved_gate_execution,combined_60hz_125hz,7,older_80_89,0,error,25,16,0.6833333333333333,0.825,0.22883333333333333
current_evidence__saved_gate_execution,combined_60hz_125hz,7,older_80_89,1,all,2491,2491,0.9166666666666666,1.1,0.16512779338953568
current_evidence__saved_gate_execution,combined_60hz_125hz,7,older_80_89,1,correct,2394,2351,0.925,1.1166666666666667,0.16844807088376468
current_evidence__saved_gate_execution,combined_60hz_125hz,7,older_80_89,1,error,97,140,0.75,0.9166666666666666,0.16702012763868435
current_evidence__saved_gate_execution,combined_60hz_125hz,8,young_20_29,0,all,2502,2502,0.55,0.5833333333333334,0.037623234745536915
current_evidence__saved_gate_execution,combined_60hz_125hz,8,young_20_29,0,correct,2457,2442,0.55,0.5833333333333334,0.03781532114865447
current_evidence__saved_gate_execution,combined_60hz_125hz,8,young_20_29,0,error,45,60,0.5333333333333333,0.5666666666666667,0.034907407407407415
current_evidence__saved_gate_execution,combined_60hz_125hz,8,young_20_29,1,all,2498,2498,0.5833333333333334,0.8166666666666667,0.20801974913263943
current_evidence__saved_gate_execution,combined_60hz_125hz,8,young_20_29,1,correct,2290,2161,0.6,0.8333333333333334,0.22545749817965294
current_evidence__saved_gate_execution,combined_60hz_125hz,8,young_20_29,1,error,208,337,0.5333333333333333,0.6666666666666666,0.1244074792665297
current_evidence__saved_gate_execution,combined_60hz_125hz,8,older_80_89,0,all,2509,2509,0.8166666666666667,0.8,0.07821177095788501
current_evidence__saved_gate_execution,combined_60hz_125hz,8,older_80_89,0,correct,2484,2484,0.8166666666666667,0.8,0.08179683306494903
current_evidence__saved_gate_execution,combined_60hz_125hz,8,older_80_89,0,error,25,25,0.6833333333333333,0.8666666666666667,0.27799999999999997
current_evidence__saved_gate_execution,combined_60hz_125hz,8,older_80_89,1,all,2491,2491,0.9166666666666666,1.1,0.16598420982202597
current_evidence__saved_gate_execution,combined_60hz_125hz,8,older_80_89,1,correct,2394,2339,0.925,1.1,0.16932308087210104
current_evidence__saved_gate_execution,combined_60hz_125hz,8,older_80_89,1,error,97,152,0.75,0.9333333333333333,0.18078088261891845
current_evidence__saved_gate_execution,combined_60hz_125hz,9,young_20_29,0,all,2502,2502,0.55,0.5666666666666667,0.03727684519051426
current_evidence__saved_gate_execution,combined_60hz_125hz,9,young_20_29,0,correct,2457,2450,0.55,0.5666666666666667,0.037758726282535786
current_evidence__saved_gate_execution,combined_60hz_125hz,9,young_20_29,0,error,45,52,0.5333333333333333,0.5333333333333333,0.019330484330484322
current_evidence__saved_gate_execution,combined_60hz_125hz,9,young_20_29,1,all,2498,2498,0.5833333333333334,0.8166666666666667,0.20946090205497728
current_evidence__saved_gate_execution,combined_60hz_125hz,9,young_20_29,1,correct,2290,2160,0.6,0.8333333333333334,0.22733425656369616
current_evidence__saved_gate_execution,combined_60hz_125hz,9,young_20_29,1,error,208,338,0.5333333333333333,0.6666666666666666,0.12469181459566075
current_evidence__saved_gate_execution,combined_60hz_125hz,9,older_80_89,0,all,2509,2509,0.8166666666666667,0.8,0.07969310482263856
current_evidence__saved_gate_execution,combined_60hz_125hz,9,older_80_89,0,correct,2484,2493,0.8166666666666667,0.8,0.08292646947685409
current_evidence__saved_gate_execution,combined_60hz_125hz,9,older_80_89,0,error,25,16,0.6833333333333333,0.8833333333333333,0.26112500000000005
current_evidence__saved_gate_execution,combined_60hz_125hz,9,older_80_89,1,all,2491,2491,0.9166666666666666,1.1,0.16712163789642717
current_evidence__saved_gate_execution,combined_60hz_125hz,9,older_80_89,1,correct,2394,2314,0.925,1.1166666666666667,0.16966747633512874
current_evidence__saved_gate_execution,combined_60hz_125hz,9,older_80_89,1,error,97,177,0.75,0.9666666666666667,0.21323218203351002
