analysis_group,replicate,time,target_state,flanker_state,noise_ampa
young_20_29,0,0.0,0.10211229,0.101902016,0.003
young_20_29,0,0.01,0.10223331,0.10241714,0.003
young_20_29,0,0.02,0.103148,0.10249838,0.003
young_20_29,0,0.03,0.103105664,0.103615806,0.003
young_20_29,0,0.04,0.103493966,0.10459971,0.003
young_20_29,0,0.05,0.10409641,0.10485044,0.003
young_20_29,0,0.06,0.10271516,0.10571429,0.003
young_20_29,0,0.07,0.10340067,0.104665905,0.003
young_20_29,0,0.08,0.1046009,0.104796425,0.003
young_20_29,0,0.09,0.10499326,0.10561077,0.003
young_20_29,0,0.1,0.10736812,0.10508122,0.003
young_20_29,0,0.11,0.10791702,0.10416516,0.003
young_20_29,0,0.12,0.10821541,0.10395164,0.003
young_20_29,0,0.13,0.1099476,0.1047437,0.003
young_20_29,0,0.14,0.11146238,0.10358215,0.003
young_20_29,0,0.15,0.114500985,0.10320075,0.003
young_20_29,0,0.16,0.116746485,0.10377924,0.003
young_20_29,0,0.17,0.11809901,0.10384785,0.003
young_20_29,0,0.18,0.11962933,0.10309259,0.003
young_20_29,0,0.19,0.12131477,0.101709746,0.003
young_20_29,0,0.2,0.12247474,0.1005729,0.003
young_20_29,0,0.21,0.12579468,0.09945464,0.003
young_20_29,0,0.22,0.1284369,0.09884135,0.003
young_20_29,0,0.23,0.13053097,0.09712155,0.003
young_20_29,0,0.24,0.13352676,0.09596171,0.003
young_20_29,0,0.25,0.13460498,0.0950788,0.003
young_20_29,0,0.26,0.1392318,0.09333471,0.003
young_20_29,0,0.27,0.14233314,0.09210253,0.003
young_20_29,0,0.28,0.14569362,0.09093932,0.003
young_20_29,0,0.29,0.1486911,0.08930185,0.003
young_20_29,0,0.3,0.15156497,0.08732496,0.003
young_20_29,0,0.31,0.15586516,0.08676886,0.003
young_20_29,0,0.32,0.16106693,0.08598896,0.003
young_20_29,0,0.33,0.16388029,0.0849207,0.003
young_20_29,0,0.34,0.16726561,0.08384304,0.003
young_20_29,0,0.35000000000000003,0.17081518,0.08335408,0.003
young_20_29,0,0.36,0.17512597,0.082989134,0.003
young_20_29,0,0.37,0.17727812,0.081748426,0.003
young_20_29,0,0.38,0.18099862,0.080306344,0.003
young_20_29,0,0.39,0.18671566,0.079557315,0.003
young_20_29,0,0.4,0.19194594,0.07824504,0.003
young_20_29,0,0.41000000000000003,0.19746988,0.07612594,0.003
young_20_29,0,0.42,0.2015101,0.07507189,0.003
young_20_29,0,0.43,0.20552082,0.074035525,0.003
young_20_29,0,0.44,0.21034211,0.07367091,0.003
young_20_29,0,0.45,0.21737334,0.07234716,0.003
young_20_29,0,0.46,0.22435202,0.07145383,0.003
young_20_29,0,0.47000000000000003,0.22988537,0.07068459,0.003
young_20_29,0,0.48,0.23587543,0.06882317,0.003
young_20_29,0,0.49,0.24141605,0.06794084,0.003
young_20_29,0,0.5,0.24884337,0.06681496,0.003
young_20_29,0,0.51,0.25658694,0.065698974,0.003
young_20_29,0,0.52,0.26358452,0.064304955,0.003
young_20_29,0,0.53,0.27061564,0.06377081,0.003
young_20_29,0,0.54,0.27661175,0.062557526,0.003
young_20_29,0,0.55,0.2823248,0.061555587,0.003
young_20_29,0,0.56,0.29161382,0.060864862,0.003
young_20_29,0,0.5700000000000001,0.30123857,0.059647135,0.003
young_20_29,0,0.58,0.3099284,0.058475643,0.003
young_20_29,0,0.59,0.31947637,0.0574288,0.003
young_20_29,0,0.6,0.3254791,0.055910107,0.003
young_20_29,0,0.61,0.33627573,0.054981906,0.003
young_20_29,0,0.62,0.3461861,0.05339737,0.003
young_20_29,0,0.63,0.3564493,0.051864423,0.003
young_20_29,0,0.64,0.3698188,0.0505147,0.003
young_20_29,0,0.65,0.3840337,0.04880699,0.003
young_20_29,0,0.66,0.39488193,0.047815505,0.003
young_20_29,0,0.67,0.4081901,0.04654733,0.003
young_20_29,0,0.68,0.42377982,0.045551732,0.003
young_20_29,0,0.6900000000000001,0.4366325,0.044699848,0.003
young_20_29,0,0.7000000000000001,0.44826812,0.044032548,0.003
young_20_29,0,0.71,0.46104786,0.042756982,0.003
young_20_29,0,0.72,0.475032,0.04186179,0.003
young_20_29,0,0.73,0.49136025,0.04076442,0.003
young_20_29,0,0.74,0.5076847,0.03983738,0.003
young_20_29,0,0.75,0.521804,0.038955834,0.003
young_20_29,0,0.76,0.53538185,0.037872907,0.003
young_20_29,0,0.77,0.54755116,0.036840804,0.003
young_20_29,0,0.78,0.5468697,0.03640924,0.003
young_20_29,0,0.79,0.54813683,0.035767697,0.003
young_20_29,1,0.0,0.099914275,0.10147229,0.003
young_20_29,1,0.01,0.10054515,0.103451334,0.003
young_20_29,1,0.02,0.10130195,0.10329886,0.003
young_20_29,1,0.03,0.10093202,0.10438791,0.003
young_20_29,1,0.04,0.10112608,0.104181565,0.003
young_20_29,1,0.05,0.101445675,0.103596054,0.003
young_20_29,1,0.06,0.10225071,0.10453052,0.003
young_20_29,1,0.07,0.103515945,0.10431945,0.003
young_20_29,1,0.08,0.10565079,0.104320735,0.003
young_20_29,1,0.09,0.10677091,0.1041148,0.003
young_20_29,1,0.1,0.107462585,0.10446274,0.003
young_20_29,1,0.11,0.11004665,0.10473688,0.003
young_20_29,1,0.12,0.110433064,0.10443091,0.003
young_20_29,1,0.13,0.11213951,0.10423083,0.003
young_20_29,1,0.14,0.114506915,0.10413497,0.003
young_20_29,1,0.15,0.115232326,0.103986636,0.003
young_20_29,1,0.16,0.11533605,0.10435052,0.003
young_20_29,1,0.17,0.118331864,0.10305939,0.003
young_20_29,1,0.18,0.11929726,0.1018548,0.003
young_20_29,1,0.19,0.1197275,0.10048962,0.003
young_20_29,1,0.2,0.121064134,0.09944362,0.003
young_20_29,1,0.21,0.123376615,0.098523095,0.003
young_20_29,1,0.22,0.12526959,0.09762957,0.003
young_20_29,1,0.23,0.1295625,0.096780874,0.003
young_20_29,1,0.24,0.13076438,0.095992595,0.003
young_20_29,1,0.25,0.13360582,0.095641404,0.003
young_20_29,1,0.26,0.1374143,0.094528675,0.003
young_20_29,1,0.27,0.14026998,0.09339658,0.003
young_20_29,1,0.28,0.14321081,0.092728764,0.003
young_20_29,1,0.29,0.14505091,0.091450214,0.003
young_20_29,1,0.3,0.14771633,0.09030319,0.003
young_20_29,1,0.31,0.15216634,0.08914033,0.003
young_20_29,1,0.32,0.15690324,0.08780979,0.003
young_20_29,1,0.33,0.16117887,0.08616147,0.003
young_20_29,1,0.34,0.16397452,0.08500048,0.003
young_20_29,1,0.35000000000000003,0.16948354,0.084350646,0.003
young_20_29,1,0.36,0.17280644,0.083370715,0.003
young_20_29,1,0.37,0.17711005,0.083038665,0.003
young_20_29,1,0.38,0.17991833,0.08192859,0.003
young_20_29,1,0.39,0.18397999,0.08104826,0.003
young_20_29,1,0.4,0.18845695,0.07975411,0.003
young_20_29,1,0.41000000000000003,0.19192915,0.07869599,0.003
young_20_29,1,0.42,0.1955795,0.07746288,0.003
young_20_29,1,0.43,0.19998871,0.07596966,0.003
young_20_29,1,0.44,0.20457159,0.07416772,0.003
young_20_29,1,0.45,0.21046251,0.07272593,0.003
young_20_29,1,0.46,0.21542178,0.07077455,0.003
young_20_29,1,0.47000000000000003,0.22189227,0.06933174,0.003
young_20_29,1,0.48,0.22912084,0.067922786,0.003
young_20_29,1,0.49,0.23182137,0.06655389,0.003
young_20_29,1,0.5,0.23810333,0.06584327,0.003
young_20_29,1,0.51,0.24399151,0.06474722,0.003
young_20_29,1,0.52,0.24860197,0.06336613,0.003
young_20_29,1,0.53,0.2579805,0.06204947,0.003
young_20_29,1,0.54,0.2670178,0.061027437,0.003
young_20_29,1,0.55,0.27501866,0.06008199,0.003
young_20_29,1,0.56,0.2822081,0.05965097,0.003
young_20_29,1,0.5700000000000001,0.29129416,0.058342397,0.003
young_20_29,1,0.58,0.3001331,0.057225447,0.003
young_20_29,1,0.59,0.31290463,0.055908427,0.003
young_20_29,1,0.6,0.32395482,0.05549356,0.003
young_20_29,1,0.61,0.33440992,0.054609183,0.003
young_20_29,1,0.62,0.34919962,0.053376105,0.003
young_20_29,1,0.63,0.36005148,0.051871374,0.003
young_20_29,1,0.64,0.37128448,0.0509297,0.003
young_20_29,1,0.65,0.3824304,0.050108965,0.003
young_20_29,1,0.66,0.39497095,0.049110346,0.003
young_20_29,1,0.67,0.4089935,0.048283596,0.003
young_20_29,1,0.68,0.42583394,0.04663692,0.003
young_20_29,1,0.6900000000000001,0.4416509,0.0457027,0.003
young_20_29,1,0.7000000000000001,0.454872,0.044552963,0.003
young_20_29,1,0.71,0.47032014,0.043278594,0.003
young_20_29,1,0.72,0.485614,0.042105377,0.003
young_20_29,1,0.73,0.49974677,0.0408232,0.003
young_20_29,1,0.74,0.5151094,0.03944331,0.003
young_20_29,1,0.75,0.5285095,0.038322307,0.003
young_20_29,1,0.76,0.5392691,0.037572812,0.003
young_20_29,1,0.77,0.5536151,0.036909826,0.003
young_20_29,1,0.78,0.5519212,0.03621715,0.003
young_20_29,1,0.79,0.550267,0.03584052,0.003
young_20_29,2,0.0,0.09921804,0.10163161,0.003
young_20_29,2,0.01,0.10046927,0.10303089,0.003
young_20_29,2,0.02,0.10100868,0.10370404,0.003
young_20_29,2,0.03,0.10207231,0.104505725,0.003
young_20_29,2,0.04,0.10365108,0.10503111,0.003
young_20_29,2,0.05,0.10418045,0.10603993,0.003
young_20_29,2,0.06,0.10521471,0.10665653,0.003
young_20_29,2,0.07,0.10598713,0.107539445,0.003
young_20_29,2,0.08,0.10647927,0.10704226,0.003
young_20_29,2,0.09,0.10853969,0.10717831,0.003
young_20_29,2,0.1,0.11030925,0.10792337,0.003
young_20_29,2,0.11,0.11111631,0.107370965,0.003
young_20_29,2,0.12,0.11202789,0.107583866,0.003
young_20_29,2,0.13,0.112777025,0.108211346,0.003
young_20_29,2,0.14,0.115056306,0.10771625,0.003
young_20_29,2,0.15,0.11670222,0.106645085,0.003
young_20_29,2,0.16,0.12009321,0.10514762,0.003
young_20_29,2,0.17,0.120964326,0.10458016,0.003
young_20_29,2,0.18,0.12362877,0.10307758,0.003
young_20_29,2,0.19,0.12553008,0.10152201,0.003
young_20_29,2,0.2,0.12710162,0.09920349,0.003
young_20_29,2,0.21,0.12843914,0.097856596,0.003
young_20_29,2,0.22,0.13186894,0.096455775,0.003
young_20_29,2,0.23,0.13373925,0.09580386,0.003
young_20_29,2,0.24,0.13660347,0.09504079,0.003
young_20_29,2,0.25,0.13949218,0.093579814,0.003
young_20_29,2,0.26,0.14370494,0.091948695,0.003
young_20_29,2,0.27,0.1458193,0.09049427,0.003
young_20_29,2,0.28,0.14961924,0.088326946,0.003
young_20_29,2,0.29,0.15123089,0.08675956,0.003
young_20_29,2,0.3,0.1557246,0.08705684,0.003
young_20_29,2,0.31,0.15982613,0.08629262,0.003
young_20_29,2,0.32,0.16271637,0.0851798,0.003
young_20_29,2,0.33,0.16482742,0.08468305,0.003
young_20_29,2,0.34,0.16802697,0.08401307,0.003
young_20_29,2,0.35000000000000003,0.1687816,0.082842335,0.003
young_20_29,2,0.36,0.17144923,0.08115149,0.003
young_20_29,2,0.37,0.17418742,0.07961477,0.003
young_20_29,2,0.38,0.1797448,0.07888834,0.003
young_20_29,2,0.39,0.18470287,0.07799984,0.003
young_20_29,2,0.4,0.18731776,0.07674832,0.003
young_20_29,2,0.41000000000000003,0.19255622,0.076599985,0.003
young_20_29,2,0.42,0.1963688,0.075753614,0.003
young_20_29,2,0.43,0.20092818,0.07559656,0.003
young_20_29,2,0.44,0.2077639,0.07399888,0.003
young_20_29,2,0.45,0.21342075,0.07245898,0.003
young_20_29,2,0.46,0.21799928,0.07173306,0.003
young_20_29,2,0.47000000000000003,0.22470383,0.07115868,0.003
young_20_29,2,0.48,0.23121688,0.06982632,0.003
young_20_29,2,0.49,0.23743981,0.06856308,0.003
young_20_29,2,0.5,0.24228525,0.06761641,0.003
young_20_29,2,0.51,0.24940212,0.066098705,0.003
young_20_29,2,0.52,0.25680578,0.06513656,0.003
young_20_29,2,0.53,0.26588178,0.06451974,0.003
young_20_29,2,0.54,0.27457276,0.06401517,0.003
young_20_29,2,0.55,0.28231236,0.06272732,0.003
young_20_29,2,0.56,0.2922373,0.061316356,0.003
young_20_29,2,0.5700000000000001,0.30299813,0.060009263,0.003
young_20_29,2,0.58,0.31206894,0.058464438,0.003
young_20_29,2,0.59,0.32331845,0.057097517,0.003
young_20_29,2,0.6,0.33294907,0.05581756,0.003
young_20_29,2,0.61,0.34106454,0.0544069,0.003
young_20_29,2,0.62,0.3517556,0.0535598,0.003
young_20_29,2,0.63,0.3632793,0.05215716,0.003
young_20_29,2,0.64,0.3741458,0.051129885,0.003
young_20_29,2,0.65,0.3882661,0.04999418,0.003
young_20_29,2,0.66,0.40249124,0.04858875,0.003
young_20_29,2,0.67,0.41462258,0.04792948,0.003
young_20_29,2,0.68,0.4252663,0.047029622,0.003
young_20_29,2,0.6900000000000001,0.43855864,0.045506116,0.003
young_20_29,2,0.7000000000000001,0.45588627,0.04439481,0.003
young_20_29,2,0.71,0.4689449,0.04385026,0.003
young_20_29,2,0.72,0.48354924,0.042804603,0.003
young_20_29,2,0.73,0.49765515,0.04144164,0.003
young_20_29,2,0.74,0.51035565,0.041106258,0.003
young_20_29,2,0.75,0.52128047,0.039886817,0.003
young_20_29,2,0.76,0.5309931,0.038884014,0.003
young_20_29,2,0.77,0.5447207,0.03804013,0.003
young_20_29,2,0.78,0.5447479,0.037654344,0.003
young_20_29,2,0.79,0.545767,0.037069704,0.003
young_20_29,3,0.0,0.10057852,0.1001251,0.003
young_20_29,3,0.01,0.100678824,0.10094057,0.003
young_20_29,3,0.02,0.100980565,0.1016096,0.003
young_20_29,3,0.03,0.102255434,0.10235164,0.003
young_20_29,3,0.04,0.102951646,0.10322543,0.003
young_20_29,3,0.05,0.102848135,0.10255584,0.003
young_20_29,3,0.06,0.10328389,0.10411426,0.003
young_20_29,3,0.07,0.10380505,0.105061635,0.003
young_20_29,3,0.08,0.105599135,0.10431552,0.003
young_20_29,3,0.09,0.10668431,0.10418257,0.003
young_20_29,3,0.1,0.10813194,0.10501072,0.003
young_20_29,3,0.11,0.11058996,0.10556596,0.003
young_20_29,3,0.12,0.11231482,0.10499463,0.003
young_20_29,3,0.13,0.113646485,0.10387295,0.003
young_20_29,3,0.14,0.11543913,0.103257686,0.003
young_20_29,3,0.15,0.11615859,0.102522604,0.003
young_20_29,3,0.16,0.117664896,0.10092527,0.003
young_20_29,3,0.17,0.11896709,0.09998226,0.003
young_20_29,3,0.18,0.12153818,0.09947239,0.003
young_20_29,3,0.19,0.124551676,0.09888155,0.003
young_20_29,3,0.2,0.12695654,0.09761139,0.003
young_20_29,3,0.21,0.1298827,0.097161375,0.003
young_20_29,3,0.22,0.13285175,0.095899105,0.003
young_20_29,3,0.23,0.13461111,0.09369624,0.003
young_20_29,3,0.24,0.13753453,0.09250365,0.003
young_20_29,3,0.25,0.13869902,0.09269008,0.003
young_20_29,3,0.26,0.1413837,0.09107842,0.003
young_20_29,3,0.27,0.14515685,0.09042391,0.003
young_20_29,3,0.28,0.1490578,0.08944751,0.003
young_20_29,3,0.29,0.15321998,0.08994483,0.003
young_20_29,3,0.3,0.15598303,0.0888652,0.003
young_20_29,3,0.31,0.15876962,0.087673426,0.003
young_20_29,3,0.32,0.16071029,0.0863635,0.003
young_20_29,3,0.33,0.16351461,0.08474817,0.003
young_20_29,3,0.34,0.1682018,0.08277314,0.003
young_20_29,3,0.35000000000000003,0.17240976,0.081299655,0.003
young_20_29,3,0.36,0.17426765,0.08008972,0.003
young_20_29,3,0.37,0.1772298,0.07852343,0.003
young_20_29,3,0.38,0.18158135,0.077635355,0.003
young_20_29,3,0.39,0.18629281,0.076516174,0.003
young_20_29,3,0.4,0.18902972,0.07506639,0.003
young_20_29,3,0.41000000000000003,0.19304425,0.07409431,0.003
young_20_29,3,0.42,0.19680713,0.07350531,0.003
young_20_29,3,0.43,0.20352189,0.07254989,0.003
young_20_29,3,0.44,0.20873138,0.07132222,0.003
young_20_29,3,0.45,0.21254252,0.07044922,0.003
young_20_29,3,0.46,0.2184673,0.06913809,0.003
young_20_29,3,0.47000000000000003,0.22524643,0.06836845,0.003
young_20_29,3,0.48,0.23170699,0.06737991,0.003
young_20_29,3,0.49,0.23619278,0.06611231,0.003
young_20_29,3,0.5,0.24253508,0.06516165,0.003
young_20_29,3,0.51,0.25025237,0.06419945,0.003
young_20_29,3,0.52,0.25609222,0.06313768,0.003
young_20_29,3,0.53,0.26549202,0.061649904,0.003
young_20_29,3,0.54,0.27133033,0.060098875,0.003
young_20_29,3,0.55,0.2790168,0.058786817,0.003
young_20_29,3,0.56,0.289117,0.057829235,0.003
young_20_29,3,0.5700000000000001,0.29899886,0.057134975,0.003
young_20_29,3,0.58,0.31038553,0.056188587,0.003
young_20_29,3,0.59,0.3204614,0.05510207,0.003
young_20_29,3,0.6,0.331782,0.053761564,0.003
young_20_29,3,0.61,0.34277695,0.052810974,0.003
young_20_29,3,0.62,0.35345227,0.05176527,0.003
young_20_29,3,0.63,0.36862293,0.050724845,0.003
young_20_29,3,0.64,0.38099703,0.050571922,0.003
young_20_29,3,0.65,0.39297408,0.049345538,0.003
young_20_29,3,0.66,0.40583172,0.04849434,0.003
young_20_29,3,0.67,0.41784233,0.047158282,0.003
young_20_29,3,0.68,0.43151492,0.04643663,0.003
young_20_29,3,0.6900000000000001,0.44519106,0.045704346,0.003
young_20_29,3,0.7000000000000001,0.45989034,0.044492085,0.003
young_20_29,3,0.71,0.4718377,0.04329362,0.003
young_20_29,3,0.72,0.48462105,0.04252636,0.003
young_20_29,3,0.73,0.5001187,0.04159406,0.003
young_20_29,3,0.74,0.51443315,0.040768523,0.003
young_20_29,3,0.75,0.528306,0.040140122,0.003
young_20_29,3,0.76,0.541469,0.03908991,0.003
young_20_29,3,0.77,0.5545273,0.0379602,0.003
young_20_29,3,0.78,0.55500823,0.03696391,0.003
young_20_29,3,0.79,0.55437154,0.036366276,0.003
young_20_29,4,0.0,0.0994891,0.101779796,0.003
young_20_29,4,0.01,0.099193215,0.103614636,0.003
young_20_29,4,0.02,0.0987152,0.10435325,0.003
young_20_29,4,0.03,0.098890476,0.1054681,0.003
young_20_29,4,0.04,0.099546485,0.10538654,0.003
young_20_29,4,0.05,0.100677736,0.10648278,0.003
young_20_29,4,0.06,0.10198936,0.106723085,0.003
young_20_29,4,0.07,0.103305876,0.10723976,0.003
young_20_29,4,0.08,0.102621615,0.10774444,0.003
young_20_29,4,0.09,0.10379364,0.10655689,0.003
young_20_29,4,0.1,0.10411955,0.106206454,0.003
young_20_29,4,0.11,0.105523124,0.10703059,0.003
young_20_29,4,0.12,0.107371934,0.10750192,0.003
young_20_29,4,0.13,0.10935115,0.10716424,0.003
young_20_29,4,0.14,0.11114516,0.10759121,0.003
young_20_29,4,0.15,0.112167105,0.106922105,0.003
young_20_29,4,0.16,0.1139939,0.10693253,0.003
young_20_29,4,0.17,0.11457133,0.10692494,0.003
young_20_29,4,0.18,0.11658794,0.105926484,0.003
young_20_29,4,0.19,0.11940251,0.105095394,0.003
young_20_29,4,0.2,0.12071651,0.103986494,0.003
young_20_29,4,0.21,0.121730745,0.102197655,0.003
young_20_29,4,0.22,0.12492762,0.10111428,0.003
young_20_29,4,0.23,0.12765373,0.10101882,0.003
young_20_29,4,0.24,0.12941606,0.099696,0.003
young_20_29,4,0.25,0.13355812,0.09835405,0.003
young_20_29,4,0.26,0.13645053,0.09811102,0.003
young_20_29,4,0.27,0.14043447,0.09674047,0.003
young_20_29,4,0.28,0.14304182,0.09579089,0.003
young_20_29,4,0.29,0.14587402,0.093637556,0.003
young_20_29,4,0.3,0.14738385,0.09228174,0.003
young_20_29,4,0.31,0.14941162,0.09080244,0.003
young_20_29,4,0.32,0.15161996,0.08954202,0.003
young_20_29,4,0.33,0.15334328,0.08797655,0.003
young_20_29,4,0.34,0.15507136,0.086349286,0.003
young_20_29,4,0.35000000000000003,0.15752241,0.08450415,0.003
young_20_29,4,0.36,0.15998702,0.08329813,0.003
young_20_29,4,0.37,0.16309828,0.08197718,0.003
young_20_29,4,0.38,0.1673248,0.08153546,0.003
young_20_29,4,0.39,0.17102364,0.08074067,0.003
young_20_29,4,0.4,0.17593823,0.07902944,0.003
young_20_29,4,0.41000000000000003,0.18015537,0.07796727,0.003
young_20_29,4,0.42,0.18492526,0.07664897,0.003
young_20_29,4,0.43,0.18928218,0.07627418,0.003
young_20_29,4,0.44,0.1934249,0.074369855,0.003
young_20_29,4,0.45,0.19640411,0.0727881,0.003
young_20_29,4,0.46,0.20333466,0.07199606,0.003
young_20_29,4,0.47000000000000003,0.20851678,0.07076653,0.003
young_20_29,4,0.48,0.21310408,0.06942682,0.003
young_20_29,4,0.49,0.21832125,0.069758005,0.003
young_20_29,4,0.5,0.22450358,0.068673275,0.003
young_20_29,4,0.51,0.23049602,0.06732823,0.003
young_20_29,4,0.52,0.23661187,0.065895066,0.003
young_20_29,4,0.53,0.24265158,0.06455075,0.003
young_20_29,4,0.54,0.25038376,0.06341254,0.003
young_20_29,4,0.55,0.2594805,0.062252905,0.003
young_20_29,4,0.56,0.26476553,0.061226994,0.003
young_20_29,4,0.5700000000000001,0.27400216,0.059246585,0.003
young_20_29,4,0.58,0.28496113,0.058889505,0.003
young_20_29,4,0.59,0.2954997,0.058029603,0.003
young_20_29,4,0.6,0.30295742,0.05664964,0.003
young_20_29,4,0.61,0.31495023,0.05534234,0.003
young_20_29,4,0.62,0.32567275,0.054386538,0.003
young_20_29,4,0.63,0.33961874,0.053031016,0.003
young_20_29,4,0.64,0.3503802,0.05206982,0.003
young_20_29,4,0.65,0.3637354,0.05106258,0.003
young_20_29,4,0.66,0.3776553,0.04979719,0.003
young_20_29,4,0.67,0.39008927,0.048544306,0.003
young_20_29,4,0.68,0.40464336,0.047163054,0.003
young_20_29,4,0.6900000000000001,0.41933617,0.045883816,0.003
young_20_29,4,0.7000000000000001,0.4353922,0.045037284,0.003
young_20_29,4,0.71,0.4487078,0.043858033,0.003
young_20_29,4,0.72,0.46461487,0.042814758,0.003
young_20_29,4,0.73,0.4805321,0.041929398,0.003
young_20_29,4,0.74,0.49561268,0.04072188,0.003
young_20_29,4,0.75,0.5084966,0.03987078,0.003
young_20_29,4,0.76,0.52144104,0.039147425,0.003
young_20_29,4,0.77,0.5351506,0.03815323,0.003
young_20_29,4,0.78,0.5353841,0.037637126,0.003
young_20_29,4,0.79,0.53662467,0.03730123,0.003
young_20_29,5,0.0,0.10009468,0.10217855,0.003
young_20_29,5,0.01,0.099914305,0.10304174,0.003
young_20_29,5,0.02,0.09976137,0.10518353,0.003
young_20_29,5,0.03,0.100347415,0.107006155,0.003
young_20_29,5,0.04,0.100841045,0.10820263,0.003
young_20_29,5,0.05,0.10221562,0.109288335,0.003
young_20_29,5,0.06,0.10249673,0.11156192,0.003
young_20_29,5,0.07,0.10350464,0.1115748,0.003
young_20_29,5,0.08,0.104053736,0.1111501,0.003
young_20_29,5,0.09,0.106679805,0.11004216,0.003
young_20_29,5,0.1,0.10801194,0.108377084,0.003
young_20_29,5,0.11,0.11007515,0.10747168,0.003
young_20_29,5,0.12,0.11233993,0.10713263,0.003
young_20_29,5,0.13,0.1130613,0.1063674,0.003
young_20_29,5,0.14,0.11462416,0.10575497,0.003
young_20_29,5,0.15,0.116630286,0.10546438,0.003
young_20_29,5,0.16,0.11929781,0.10579001,0.003
young_20_29,5,0.17,0.12232941,0.10496327,0.003
young_20_29,5,0.18,0.124110006,0.10415814,0.003
young_20_29,5,0.19,0.12504224,0.103376135,0.003
young_20_29,5,0.2,0.12660562,0.103050604,0.003
young_20_29,5,0.21,0.1303064,0.10187973,0.003
young_20_29,5,0.22,0.13187246,0.099935815,0.003
young_20_29,5,0.23,0.13481796,0.09906227,0.003
young_20_29,5,0.24,0.1362331,0.096474044,0.003
young_20_29,5,0.25,0.1412323,0.09547491,0.003
young_20_29,5,0.26,0.14441085,0.094827145,0.003
young_20_29,5,0.27,0.14676228,0.09328825,0.003
young_20_29,5,0.28,0.149426,0.09178137,0.003
young_20_29,5,0.29,0.15247265,0.09009814,0.003
young_20_29,5,0.3,0.15465821,0.08854363,0.003
young_20_29,5,0.31,0.15841572,0.087518334,0.003
young_20_29,5,0.32,0.16325665,0.08617743,0.003
young_20_29,5,0.33,0.16601567,0.08439839,0.003
young_20_29,5,0.34,0.17177501,0.08322419,0.003
young_20_29,5,0.35000000000000003,0.175849,0.082105115,0.003
young_20_29,5,0.36,0.17919156,0.08117327,0.003
young_20_29,5,0.37,0.18210487,0.079902545,0.003
young_20_29,5,0.38,0.18713073,0.07897884,0.003
young_20_29,5,0.39,0.19150904,0.07747322,0.003
young_20_29,5,0.4,0.1952566,0.076140165,0.003
young_20_29,5,0.41000000000000003,0.2015737,0.07502979,0.003
young_20_29,5,0.42,0.20739037,0.073516175,0.003
young_20_29,5,0.43,0.21291684,0.07160769,0.003
young_20_29,5,0.44,0.21995199,0.07082371,0.003
young_20_29,5,0.45,0.22611716,0.06943393,0.003
young_20_29,5,0.46,0.23491369,0.06763737,0.003
young_20_29,5,0.47000000000000003,0.24135758,0.06655376,0.003
young_20_29,5,0.48,0.24696784,0.06488082,0.003
young_20_29,5,0.49,0.25657207,0.0636673,0.003
young_20_29,5,0.5,0.26348293,0.062764525,0.003
young_20_29,5,0.51,0.27585462,0.06201377,0.003
young_20_29,5,0.52,0.285088,0.060535673,0.003
young_20_29,5,0.53,0.29139486,0.059980392,0.003
young_20_29,5,0.54,0.3022099,0.05838643,0.003
young_20_29,5,0.55,0.31066233,0.056685004,0.003
young_20_29,5,0.56,0.32069078,0.055422086,0.003
young_20_29,5,0.5700000000000001,0.33081457,0.054338202,0.003
young_20_29,5,0.58,0.33972752,0.05399718,0.003
young_20_29,5,0.59,0.35228425,0.05320617,0.003
young_20_29,5,0.6,0.36133432,0.052171435,0.003
young_20_29,5,0.61,0.37106177,0.050999645,0.003
young_20_29,5,0.62,0.3834501,0.049904,0.003
young_20_29,5,0.63,0.39687574,0.04891669,0.003
young_20_29,5,0.64,0.41026756,0.047814775,0.003
young_20_29,5,0.65,0.4215077,0.04684049,0.003
young_20_29,5,0.66,0.43572718,0.045529433,0.003
young_20_29,5,0.67,0.4487821,0.04458896,0.003
young_20_29,5,0.68,0.46387246,0.04349044,0.003
young_20_29,5,0.6900000000000001,0.47994143,0.04252562,0.003
young_20_29,5,0.7000000000000001,0.49606118,0.041464515,0.003
young_20_29,5,0.71,0.5098338,0.040630475,0.003
young_20_29,5,0.72,0.5234442,0.039505977,0.003
young_20_29,5,0.73,0.5360468,0.03861713,0.003
young_20_29,5,0.74,0.54843485,0.037512686,0.003
young_20_29,5,0.75,0.5592548,0.036797266,0.003
young_20_29,5,0.76,0.57210094,0.035768606,0.003
young_20_29,5,0.77,0.5836297,0.035078175,0.003
young_20_29,5,0.78,0.5816197,0.034661394,0.003
young_20_29,5,0.79,0.5800079,0.033903766,0.003
young_20_29,6,0.0,0.100622036,0.10203628,0.003
young_20_29,6,0.01,0.10066318,0.103700854,0.003
young_20_29,6,0.02,0.10194044,0.104708016,0.003
young_20_29,6,0.03,0.10272767,0.105554275,0.003
young_20_29,6,0.04,0.10298187,0.10683549,0.003
young_20_29,6,0.05,0.10375415,0.106059976,0.003
young_20_29,6,0.06,0.10401654,0.107430026,0.003
young_20_29,6,0.07,0.10501078,0.10714482,0.003
young_20_29,6,0.08,0.10644964,0.10609199,0.003
young_20_29,6,0.09,0.1094674,0.106624894,0.003
young_20_29,6,0.1,0.11141604,0.107260466,0.003
young_20_29,6,0.11,0.112584904,0.10659451,0.003
young_20_29,6,0.12,0.11428537,0.10610789,0.003
young_20_29,6,0.13,0.11521871,0.10534431,0.003
young_20_29,6,0.14,0.11566345,0.10402522,0.003
young_20_29,6,0.15,0.11715457,0.1036021,0.003
young_20_29,6,0.16,0.118061185,0.10288874,0.003
young_20_29,6,0.17,0.119424775,0.1026598,0.003
young_20_29,6,0.18,0.12061803,0.102555834,0.003
young_20_29,6,0.19,0.12275,0.101581894,0.003
young_20_29,6,0.2,0.12352876,0.10026844,0.003
young_20_29,6,0.21,0.125412,0.099700615,0.003
young_20_29,6,0.22,0.12977195,0.09856593,0.003
young_20_29,6,0.23,0.1326398,0.09792178,0.003
young_20_29,6,0.24,0.13422455,0.09629743,0.003
young_20_29,6,0.25,0.13677542,0.09591492,0.003
young_20_29,6,0.26,0.13950388,0.094309576,0.003
young_20_29,6,0.27,0.1429631,0.09267716,0.003
young_20_29,6,0.28,0.14453831,0.09036505,0.003
young_20_29,6,0.29,0.14745276,0.089758486,0.003
young_20_29,6,0.3,0.15020321,0.08839076,0.003
young_20_29,6,0.31,0.15302272,0.08701687,0.003
young_20_29,6,0.32,0.15419887,0.08537237,0.003
young_20_29,6,0.33,0.15605958,0.08352409,0.003
young_20_29,6,0.34,0.15968321,0.08211739,0.003
young_20_29,6,0.35000000000000003,0.16304912,0.0815687,0.003
young_20_29,6,0.36,0.16614002,0.08061886,0.003
young_20_29,6,0.37,0.1708116,0.07974474,0.003
young_20_29,6,0.38,0.17601606,0.07840502,0.003
young_20_29,6,0.39,0.179463,0.07714139,0.003
young_20_29,6,0.4,0.18398763,0.07514778,0.003
young_20_29,6,0.41000000000000003,0.18774243,0.07377051,0.003
young_20_29,6,0.42,0.19361888,0.072698385,0.003
young_20_29,6,0.43,0.1998756,0.07168434,0.003
young_20_29,6,0.44,0.20385812,0.070459545,0.003
young_20_29,6,0.45,0.2104083,0.06946471,0.003
young_20_29,6,0.46,0.21565382,0.06873029,0.003
young_20_29,6,0.47000000000000003,0.22130951,0.06793655,0.003
young_20_29,6,0.48,0.22623064,0.06737994,0.003
young_20_29,6,0.49,0.23170935,0.06591739,0.003
young_20_29,6,0.5,0.23924863,0.065423466,0.003
young_20_29,6,0.51,0.24657516,0.064580716,0.003
young_20_29,6,0.52,0.25414234,0.063162215,0.003
young_20_29,6,0.53,0.26023066,0.062200386,0.003
young_20_29,6,0.54,0.2680432,0.061685346,0.003
young_20_29,6,0.55,0.27615118,0.060917273,0.003
young_20_29,6,0.56,0.28576908,0.059969638,0.003
young_20_29,6,0.5700000000000001,0.29688603,0.059026178,0.003
young_20_29,6,0.58,0.30515125,0.05776133,0.003
young_20_29,6,0.59,0.31554183,0.05656746,0.003
young_20_29,6,0.6,0.32528538,0.05544171,0.003
young_20_29,6,0.61,0.33499005,0.053960726,0.003
young_20_29,6,0.62,0.34531108,0.052684076,0.003
young_20_29,6,0.63,0.35568684,0.051872477,0.003
young_20_29,6,0.64,0.36894912,0.050685238,0.003
young_20_29,6,0.65,0.38157263,0.04957055,0.003
young_20_29,6,0.66,0.39254233,0.04875854,0.003
young_20_29,6,0.67,0.4062863,0.048139688,0.003
young_20_29,6,0.68,0.4184589,0.047103062,0.003
young_20_29,6,0.6900000000000001,0.43280604,0.046065155,0.003
young_20_29,6,0.7000000000000001,0.4502291,0.044870075,0.003
young_20_29,6,0.71,0.4648625,0.043782488,0.003
young_20_29,6,0.72,0.48095888,0.04298542,0.003
young_20_29,6,0.73,0.4932908,0.042193685,0.003
young_20_29,6,0.74,0.5078017,0.041201875,0.003
young_20_29,6,0.75,0.5227658,0.03996027,0.003
young_20_29,6,0.76,0.5350298,0.03901112,0.003
young_20_29,6,0.77,0.54775584,0.038159028,0.003
young_20_29,6,0.78,0.5473508,0.037393395,0.003
young_20_29,6,0.79,0.545825,0.036553826,0.003
young_20_29,7,0.0,0.10059127,0.10132967,0.003
young_20_29,7,0.01,0.102148496,0.10285447,0.003
young_20_29,7,0.02,0.10181732,0.1035283,0.003
young_20_29,7,0.03,0.10205524,0.1036883,0.003
young_20_29,7,0.04,0.10406381,0.10432276,0.003
young_20_29,7,0.05,0.104357116,0.10523018,0.003
young_20_29,7,0.06,0.10449495,0.105113044,0.003
young_20_29,7,0.07,0.10486585,0.10693923,0.003
young_20_29,7,0.08,0.106097676,0.10801691,0.003
young_20_29,7,0.09,0.107817315,0.10819291,0.003
young_20_29,7,0.1,0.109193176,0.10850771,0.003
young_20_29,7,0.11,0.110511646,0.10824224,0.003
young_20_29,7,0.12,0.113214366,0.108474456,0.003
young_20_29,7,0.13,0.11521579,0.10801958,0.003
young_20_29,7,0.14,0.11619446,0.10720985,0.003
young_20_29,7,0.15,0.11947608,0.107172646,0.003
young_20_29,7,0.16,0.12052119,0.10659996,0.003
young_20_29,7,0.17,0.12218488,0.105853766,0.003
young_20_29,7,0.18,0.12439745,0.104330584,0.003
young_20_29,7,0.19,0.12627077,0.10397502,0.003
young_20_29,7,0.2,0.12922262,0.101964705,0.003
young_20_29,7,0.21,0.1316773,0.1010567,0.003
young_20_29,7,0.22,0.13300635,0.1002275,0.003
young_20_29,7,0.23,0.13524142,0.099261455,0.003
young_20_29,7,0.24,0.13566479,0.097611815,0.003
young_20_29,7,0.25,0.13777268,0.09615232,0.003
young_20_29,7,0.26,0.14077336,0.09542861,0.003
young_20_29,7,0.27,0.14355512,0.093324326,0.003
young_20_29,7,0.28,0.1476001,0.09218986,0.003
young_20_29,7,0.29,0.15107529,0.09002648,0.003
young_20_29,7,0.3,0.15486532,0.08965295,0.003
young_20_29,7,0.31,0.15880969,0.08846559,0.003
young_20_29,7,0.32,0.16239554,0.08729104,0.003
young_20_29,7,0.33,0.1659051,0.08523003,0.003
young_20_29,7,0.34,0.1695609,0.08341803,0.003
young_20_29,7,0.35000000000000003,0.1741843,0.08213723,0.003
young_20_29,7,0.36,0.17733444,0.080882914,0.003
young_20_29,7,0.37,0.18137506,0.07949148,0.003
young_20_29,7,0.38,0.18639374,0.07764355,0.003
young_20_29,7,0.39,0.19092426,0.07689906,0.003
young_20_29,7,0.4,0.19463487,0.07520365,0.003
young_20_29,7,0.41000000000000003,0.19830278,0.0739431,0.003
young_20_29,7,0.42,0.20428395,0.07248703,0.003
young_20_29,7,0.43,0.20863852,0.07101077,0.003
young_20_29,7,0.44,0.21284498,0.06919133,0.003
young_20_29,7,0.45,0.21892653,0.06780195,0.003
young_20_29,7,0.46,0.22509672,0.06760624,0.003
young_20_29,7,0.47000000000000003,0.23017128,0.06693953,0.003
young_20_29,7,0.48,0.23773368,0.06641077,0.003
young_20_29,7,0.49,0.24566093,0.064763054,0.003
young_20_29,7,0.5,0.25411004,0.06365922,0.003
young_20_29,7,0.51,0.25882158,0.06275007,0.003
young_20_29,7,0.52,0.26715145,0.061727356,0.003
young_20_29,7,0.53,0.2751658,0.060788278,0.003
young_20_29,7,0.54,0.28320006,0.060245924,0.003
young_20_29,7,0.55,0.28709885,0.058944635,0.003
young_20_29,7,0.56,0.2948963,0.057789654,0.003
young_20_29,7,0.5700000000000001,0.30498543,0.056923136,0.003
young_20_29,7,0.58,0.3139253,0.055671822,0.003
young_20_29,7,0.59,0.3262893,0.054642353,0.003
young_20_29,7,0.6,0.33701596,0.054142207,0.003
young_20_29,7,0.61,0.34836528,0.052862328,0.003
young_20_29,7,0.62,0.36180735,0.051638864,0.003
young_20_29,7,0.63,0.37166855,0.05075175,0.003
young_20_29,7,0.64,0.38655204,0.049781475,0.003
young_20_29,7,0.65,0.39889202,0.048534933,0.003
young_20_29,7,0.66,0.41242805,0.047870845,0.003
young_20_29,7,0.67,0.42541003,0.04687922,0.003
young_20_29,7,0.68,0.43904555,0.04602195,0.003
young_20_29,7,0.6900000000000001,0.45355126,0.04488604,0.003
young_20_29,7,0.7000000000000001,0.46891263,0.043618158,0.003
young_20_29,7,0.71,0.48383433,0.04251934,0.003
young_20_29,7,0.72,0.4982651,0.041494906,0.003
young_20_29,7,0.73,0.5097506,0.040603247,0.003
young_20_29,7,0.74,0.52264583,0.03962894,0.003
young_20_29,7,0.75,0.53619784,0.038581807,0.003
young_20_29,7,0.76,0.5477649,0.03753993,0.003
young_20_29,7,0.77,0.55783254,0.036842786,0.003
young_20_29,7,0.78,0.5570042,0.03630985,0.003
young_20_29,7,0.79,0.5543808,0.03593307,0.003
young_20_29,8,0.0,0.09849539,0.101752155,0.003
young_20_29,8,0.01,0.09796202,0.10345094,0.003
young_20_29,8,0.02,0.09967679,0.104969375,0.003
young_20_29,8,0.03,0.10032525,0.105933085,0.003
young_20_29,8,0.04,0.100875586,0.10641869,0.003
young_20_29,8,0.05,0.1015854,0.10703229,0.003
young_20_29,8,0.06,0.10217992,0.10828052,0.003
young_20_29,8,0.07,0.10246793,0.10942446,0.003
young_20_29,8,0.08,0.10403029,0.10919675,0.003
young_20_29,8,0.09,0.10440356,0.11004251,0.003
young_20_29,8,0.1,0.10604039,0.10861079,0.003
young_20_29,8,0.11,0.10813234,0.10872724,0.003
young_20_29,8,0.12,0.109411284,0.108311266,0.003
young_20_29,8,0.13,0.11100299,0.10849879,0.003
young_20_29,8,0.14,0.11315451,0.10893049,0.003
young_20_29,8,0.15,0.11440826,0.10771327,0.003
young_20_29,8,0.16,0.11443973,0.10789019,0.003
young_20_29,8,0.17,0.11601948,0.107139766,0.003
young_20_29,8,0.18,0.11787198,0.1058746,0.003
young_20_29,8,0.19,0.11929916,0.104295306,0.003
young_20_29,8,0.2,0.12199492,0.103925705,0.003
young_20_29,8,0.21,0.124593,0.10240102,0.003
young_20_29,8,0.22,0.12658635,0.10172377,0.003
young_20_29,8,0.23,0.1283117,0.09964281,0.003
young_20_29,8,0.24,0.12889145,0.09823121,0.003
young_20_29,8,0.25,0.13035628,0.09675461,0.003
young_20_29,8,0.26,0.13245848,0.09532876,0.003
young_20_29,8,0.27,0.13571848,0.09434042,0.003
young_20_29,8,0.28,0.13989343,0.09341109,0.003
young_20_29,8,0.29,0.14259796,0.09168117,0.003
young_20_29,8,0.3,0.14568807,0.09075464,0.003
young_20_29,8,0.31,0.14943779,0.089962736,0.003
young_20_29,8,0.32,0.15203004,0.088320866,0.003
young_20_29,8,0.33,0.15513897,0.086763956,0.003
young_20_29,8,0.34,0.15877676,0.0855359,0.003
young_20_29,8,0.35000000000000003,0.16189334,0.08372482,0.003
young_20_29,8,0.36,0.16652359,0.08227583,0.003
young_20_29,8,0.37,0.17075378,0.08092686,0.003
young_20_29,8,0.38,0.17492181,0.07961756,0.003
young_20_29,8,0.39,0.17850243,0.078804836,0.003
young_20_29,8,0.4,0.1829642,0.078258656,0.003
young_20_29,8,0.41000000000000003,0.18731745,0.07725335,0.003
young_20_29,8,0.42,0.19215196,0.07649381,0.003
young_20_29,8,0.43,0.1972487,0.075008154,0.003
young_20_29,8,0.44,0.20212542,0.07399933,0.003
young_20_29,8,0.45,0.20780332,0.073649675,0.003
young_20_29,8,0.46,0.21393487,0.072611384,0.003
young_20_29,8,0.47000000000000003,0.22182234,0.07058808,0.003
young_20_29,8,0.48,0.22753644,0.0695443,0.003
young_20_29,8,0.49,0.23358685,0.06868468,0.003
young_20_29,8,0.5,0.23806056,0.066845685,0.003
young_20_29,8,0.51,0.24720673,0.06532892,0.003
young_20_29,8,0.52,0.25588897,0.06418664,0.003
young_20_29,8,0.53,0.265235,0.06258451,0.003
young_20_29,8,0.54,0.27196237,0.061630044,0.003
young_20_29,8,0.55,0.27972054,0.060347944,0.003
young_20_29,8,0.56,0.290404,0.05865783,0.003
young_20_29,8,0.5700000000000001,0.29695237,0.058134444,0.003
young_20_29,8,0.58,0.3043909,0.05711083,0.003
young_20_29,8,0.59,0.3147073,0.056061618,0.003
young_20_29,8,0.6,0.3215615,0.055105865,0.003
young_20_29,8,0.61,0.33252984,0.05411458,0.003
young_20_29,8,0.62,0.3423293,0.053247783,0.003
young_20_29,8,0.63,0.3522032,0.052079488,0.003
young_20_29,8,0.64,0.36362803,0.051127132,0.003
young_20_29,8,0.65,0.37675413,0.05024041,0.003
young_20_29,8,0.66,0.38993222,0.04953097,0.003
young_20_29,8,0.67,0.4024166,0.048437238,0.003
young_20_29,8,0.68,0.41450712,0.04715657,0.003
young_20_29,8,0.6900000000000001,0.43021262,0.045721807,0.003
young_20_29,8,0.7000000000000001,0.4466783,0.044844013,0.003
young_20_29,8,0.71,0.4618866,0.0438595,0.003
young_20_29,8,0.72,0.47634658,0.042757202,0.003
young_20_29,8,0.73,0.48982885,0.041992247,0.003
young_20_29,8,0.74,0.50451106,0.04077031,0.003
young_20_29,8,0.75,0.5193077,0.039405536,0.003
young_20_29,8,0.76,0.5325365,0.03872704,0.003
young_20_29,8,0.77,0.5448042,0.03780891,0.003
young_20_29,8,0.78,0.5432791,0.036979876,0.003
young_20_29,8,0.79,0.5436449,0.0364356,0.003
young_20_29,9,0.0,0.099878706,0.101775765,0.003
young_20_29,9,0.01,0.10082055,0.10197503,0.003
young_20_29,9,0.02,0.10097592,0.10297217,0.003
young_20_29,9,0.03,0.10247902,0.10308436,0.003
young_20_29,9,0.04,0.102570675,0.10254265,0.003
young_20_29,9,0.05,0.10394017,0.103103146,0.003
young_20_29,9,0.06,0.10431483,0.10317684,0.003
young_20_29,9,0.07,0.105202146,0.10276092,0.003
young_20_29,9,0.08,0.106881276,0.10278802,0.003
young_20_29,9,0.09,0.1085849,0.103148535,0.003
young_20_29,9,0.1,0.10935541,0.10344967,0.003
young_20_29,9,0.11,0.110257275,0.10273594,0.003
young_20_29,9,0.12,0.11195577,0.101752214,0.003
young_20_29,9,0.13,0.11412792,0.10186384,0.003
young_20_29,9,0.14,0.114867434,0.10142894,0.003
young_20_29,9,0.15,0.11754186,0.100546904,0.003
young_20_29,9,0.16,0.11977386,0.09970955,0.003
young_20_29,9,0.17,0.122603156,0.09946441,0.003
young_20_29,9,0.18,0.124792725,0.09873126,0.003
young_20_29,9,0.19,0.12872541,0.09828561,0.003
young_20_29,9,0.2,0.13026147,0.096666336,0.003
young_20_29,9,0.21,0.13347656,0.09523153,0.003
young_20_29,9,0.22,0.13699138,0.09454202,0.003
young_20_29,9,0.23,0.13881971,0.09356831,0.003
young_20_29,9,0.24,0.1422989,0.092514746,0.003
young_20_29,9,0.25,0.14646411,0.09194207,0.003
young_20_29,9,0.26,0.14730372,0.09149633,0.003
young_20_29,9,0.27,0.14933692,0.090702794,0.003
young_20_29,9,0.28,0.15180413,0.08926403,0.003
young_20_29,9,0.29,0.15449099,0.08813585,0.003
young_20_29,9,0.3,0.15607524,0.08633479,0.003
young_20_29,9,0.31,0.15856875,0.08554317,0.003
young_20_29,9,0.32,0.16304496,0.084143505,0.003
young_20_29,9,0.33,0.16703881,0.08278413,0.003
young_20_29,9,0.34,0.17139094,0.082381286,0.003
young_20_29,9,0.35000000000000003,0.1735494,0.08178177,0.003
young_20_29,9,0.36,0.17802282,0.080428906,0.003
young_20_29,9,0.37,0.18029945,0.07971069,0.003
young_20_29,9,0.38,0.18442287,0.078206636,0.003
young_20_29,9,0.39,0.18961807,0.0774631,0.003
young_20_29,9,0.4,0.19427258,0.075783074,0.003
young_20_29,9,0.41000000000000003,0.19806688,0.07473479,0.003
young_20_29,9,0.42,0.20403492,0.07415345,0.003
young_20_29,9,0.43,0.2094436,0.07320938,0.003
young_20_29,9,0.44,0.21442983,0.071951866,0.003
young_20_29,9,0.45,0.22141507,0.0711573,0.003
young_20_29,9,0.46,0.22673386,0.06994069,0.003
young_20_29,9,0.47000000000000003,0.23146465,0.06858461,0.003
young_20_29,9,0.48,0.2373775,0.06747547,0.003
young_20_29,9,0.49,0.24404351,0.06557173,0.003
young_20_29,9,0.5,0.25046134,0.06437251,0.003
young_20_29,9,0.51,0.25780624,0.06316616,0.003
young_20_29,9,0.52,0.2650685,0.06250395,0.003
young_20_29,9,0.53,0.27293104,0.06136549,0.003
young_20_29,9,0.54,0.27967593,0.060146026,0.003
young_20_29,9,0.55,0.28713173,0.05898799,0.003
young_20_29,9,0.56,0.29603407,0.058062617,0.003
young_20_29,9,0.5700000000000001,0.3053052,0.05756336,0.003
young_20_29,9,0.58,0.31630078,0.056429446,0.003
young_20_29,9,0.59,0.3255768,0.05520615,0.003
young_20_29,9,0.6,0.33730137,0.05464204,0.003
young_20_29,9,0.61,0.3486333,0.05320903,0.003
young_20_29,9,0.62,0.35895965,0.0521809,0.003
young_20_29,9,0.63,0.36831355,0.05091203,0.003
young_20_29,9,0.64,0.38000843,0.05013114,0.003
young_20_29,9,0.65,0.3922774,0.048903827,0.003
young_20_29,9,0.66,0.40526313,0.048268143,0.003
young_20_29,9,0.67,0.41690993,0.04697582,0.003
young_20_29,9,0.68,0.43061197,0.045983877,0.003
young_20_29,9,0.6900000000000001,0.4422904,0.045207664,0.003
young_20_29,9,0.7000000000000001,0.45740527,0.04398274,0.003
young_20_29,9,0.71,0.4726484,0.043114554,0.003
young_20_29,9,0.72,0.48560098,0.041875955,0.003
young_20_29,9,0.73,0.50012726,0.0410814,0.003
young_20_29,9,0.74,0.5118336,0.03998055,0.003
young_20_29,9,0.75,0.5258807,0.038863786,0.003
young_20_29,9,0.76,0.5391006,0.03793126,0.003
young_20_29,9,0.77,0.5498559,0.036996953,0.003
young_20_29,9,0.78,0.5476968,0.036509525,0.003
young_20_29,9,0.79,0.5447675,0.035827905,0.003
young_20_29,10,0.0,0.100686215,0.101300485,0.003
young_20_29,10,0.01,0.1005435,0.10234759,0.003
young_20_29,10,0.02,0.10082181,0.10232968,0.003
young_20_29,10,0.03,0.10062634,0.10403423,0.003
young_20_29,10,0.04,0.100790255,0.10517913,0.003
young_20_29,10,0.05,0.101452455,0.10569162,0.003
young_20_29,10,0.06,0.10205225,0.10569948,0.003
young_20_29,10,0.07,0.10205991,0.106022775,0.003
young_20_29,10,0.08,0.1038645,0.10587078,0.003
young_20_29,10,0.09,0.10533638,0.10536905,0.003
young_20_29,10,0.1,0.10698828,0.10666368,0.003
young_20_29,10,0.11,0.10839246,0.10591644,0.003
young_20_29,10,0.12,0.11091755,0.10593887,0.003
young_20_29,10,0.13,0.11231775,0.10552609,0.003
young_20_29,10,0.14,0.1142821,0.10426017,0.003
young_20_29,10,0.15,0.11575532,0.10450882,0.003
young_20_29,10,0.16,0.11796785,0.10463034,0.003
young_20_29,10,0.17,0.120762564,0.10513341,0.003
young_20_29,10,0.18,0.12276102,0.10431595,0.003
young_20_29,10,0.19,0.12455843,0.10341012,0.003
young_20_29,10,0.2,0.1270037,0.10196103,0.003
young_20_29,10,0.21,0.12926643,0.10065158,0.003
young_20_29,10,0.22,0.1305207,0.0995803,0.003
young_20_29,10,0.23,0.13246025,0.098007515,0.003
young_20_29,10,0.24,0.13374165,0.09638377,0.003
young_20_29,10,0.25,0.1353966,0.095605284,0.003
young_20_29,10,0.26,0.13772511,0.09474424,0.003
young_20_29,10,0.27,0.13940533,0.0932114,0.003
young_20_29,10,0.28,0.14352362,0.09242373,0.003
young_20_29,10,0.29,0.1476337,0.09089551,0.003
young_20_29,10,0.3,0.1506411,0.089587934,0.003
young_20_29,10,0.31,0.15368514,0.08806159,0.003
young_20_29,10,0.32,0.15756893,0.087676816,0.003
young_20_29,10,0.33,0.16158694,0.08586083,0.003
young_20_29,10,0.34,0.16495834,0.08478173,0.003
young_20_29,10,0.35000000000000003,0.16759638,0.083370164,0.003
young_20_29,10,0.36,0.17139375,0.08172127,0.003
young_20_29,10,0.37,0.17513248,0.08024341,0.003
young_20_29,10,0.38,0.17800081,0.07871282,0.003
young_20_29,10,0.39,0.18210988,0.07710311,0.003
young_20_29,10,0.4,0.18715538,0.07580837,0.003
young_20_29,10,0.41000000000000003,0.19080167,0.07453654,0.003
young_20_29,10,0.42,0.19623873,0.07302777,0.003
young_20_29,10,0.43,0.2000872,0.07205631,0.003
young_20_29,10,0.44,0.20503283,0.07084271,0.003
young_20_29,10,0.45,0.2105098,0.06940671,0.003
young_20_29,10,0.46,0.21796712,0.06797706,0.003
young_20_29,10,0.47000000000000003,0.2243806,0.06659667,0.003
young_20_29,10,0.48,0.23327413,0.065011114,0.003
young_20_29,10,0.49,0.237925,0.06363632,0.003
young_20_29,10,0.5,0.2410045,0.06352396,0.003
young_20_29,10,0.51,0.2474548,0.06273625,0.003
young_20_29,10,0.52,0.25677282,0.061912514,0.003
young_20_29,10,0.53,0.26338995,0.060823508,0.003
young_20_29,10,0.54,0.27213028,0.0599334,0.003
young_20_29,10,0.55,0.2807087,0.05889912,0.003
young_20_29,10,0.56,0.28807256,0.058166265,0.003
young_20_29,10,0.5700000000000001,0.29593012,0.056745958,0.003
young_20_29,10,0.58,0.30502427,0.055944365,0.003
young_20_29,10,0.59,0.31351188,0.055316325,0.003
young_20_29,10,0.6,0.3234183,0.054129638,0.003
young_20_29,10,0.61,0.3367519,0.05335427,0.003
young_20_29,10,0.62,0.35025835,0.05269615,0.003
young_20_29,10,0.63,0.36165023,0.051640842,0.003
young_20_29,10,0.64,0.37549305,0.05058641,0.003
young_20_29,10,0.65,0.38785928,0.04915607,0.003
young_20_29,10,0.66,0.400411,0.047981005,0.003
young_20_29,10,0.67,0.41266298,0.047092352,0.003
young_20_29,10,0.68,0.42543182,0.04642306,0.003
young_20_29,10,0.6900000000000001,0.43850017,0.045403212,0.003
young_20_29,10,0.7000000000000001,0.45475903,0.044544794,0.003
young_20_29,10,0.71,0.46687177,0.04345812,0.003
young_20_29,10,0.72,0.48154467,0.04263474,0.003
young_20_29,10,0.73,0.4951617,0.041679587,0.003
young_20_29,10,0.74,0.5119418,0.0407705,0.003
young_20_29,10,0.75,0.5244878,0.03949961,0.003
young_20_29,10,0.76,0.53879106,0.038686913,0.003
young_20_29,10,0.77,0.55099636,0.03775664,0.003
young_20_29,10,0.78,0.54971766,0.037022695,0.003
young_20_29,10,0.79,0.55020624,0.03644068,0.003
young_20_29,11,0.0,0.09883148,0.09884294,0.003
young_20_29,11,0.01,0.098577656,0.09986316,0.003
young_20_29,11,0.02,0.098897934,0.099968486,0.003
young_20_29,11,0.03,0.099993475,0.10093697,0.003
young_20_29,11,0.04,0.10019332,0.10247608,0.003
young_20_29,11,0.05,0.1014809,0.10302778,0.003
young_20_29,11,0.06,0.10328734,0.10376106,0.003
young_20_29,11,0.07,0.10510239,0.10381607,0.003
young_20_29,11,0.08,0.10707821,0.10437336,0.003
young_20_29,11,0.09,0.108397506,0.10407823,0.003
young_20_29,11,0.1,0.10870069,0.10499548,0.003
young_20_29,11,0.11,0.11120544,0.10475824,0.003
young_20_29,11,0.12,0.11286363,0.105288565,0.003
young_20_29,11,0.13,0.11440786,0.10628815,0.003
young_20_29,11,0.14,0.11649102,0.106025286,0.003
young_20_29,11,0.15,0.11769199,0.10559861,0.003
young_20_29,11,0.16,0.11989005,0.10489198,0.003
young_20_29,11,0.17,0.12147125,0.104791,0.003
young_20_29,11,0.18,0.12301851,0.104184076,0.003
young_20_29,11,0.19,0.12395339,0.10398616,0.003
young_20_29,11,0.2,0.1267848,0.1034201,0.003
young_20_29,11,0.21,0.13130857,0.1031315,0.003
young_20_29,11,0.22,0.13384306,0.10223886,0.003
young_20_29,11,0.23,0.13579907,0.10154295,0.003
young_20_29,11,0.24,0.13855618,0.09959491,0.003
young_20_29,11,0.25,0.14085534,0.09678312,0.003
young_20_29,11,0.26,0.14194062,0.09533748,0.003
young_20_29,11,0.27,0.14380449,0.093791425,0.003
young_20_29,11,0.28,0.1454568,0.09258058,0.003
young_20_29,11,0.29,0.14836314,0.09164738,0.003
young_20_29,11,0.3,0.14980184,0.089507796,0.003
young_20_29,11,0.31,0.15386963,0.08911512,0.003
young_20_29,11,0.32,0.15741833,0.08848002,0.003
young_20_29,11,0.33,0.15919207,0.08724947,0.003
young_20_29,11,0.34,0.16177176,0.08582935,0.003
young_20_29,11,0.35000000000000003,0.16536765,0.08441398,0.003
young_20_29,11,0.36,0.1684386,0.08329462,0.003
young_20_29,11,0.37,0.1708728,0.08202441,0.003
young_20_29,11,0.38,0.17354624,0.08116982,0.003
young_20_29,11,0.39,0.17737943,0.080162555,0.003
young_20_29,11,0.4,0.18024738,0.07877047,0.003
young_20_29,11,0.41000000000000003,0.18396612,0.0769929,0.003
young_20_29,11,0.42,0.19157729,0.07631337,0.003
young_20_29,11,0.43,0.19663115,0.075246006,0.003
young_20_29,11,0.44,0.20084599,0.0737558,0.003
young_20_29,11,0.45,0.20504662,0.07235697,0.003
young_20_29,11,0.46,0.20935893,0.07181676,0.003
young_20_29,11,0.47000000000000003,0.21402939,0.070670836,0.003
young_20_29,11,0.48,0.21911974,0.0692552,0.003
young_20_29,11,0.49,0.22412656,0.0680202,0.003
young_20_29,11,0.5,0.2289588,0.06627447,0.003
young_20_29,11,0.51,0.23501328,0.064947024,0.003
young_20_29,11,0.52,0.24172264,0.063813746,0.003
young_20_29,11,0.53,0.251228,0.06284235,0.003
young_20_29,11,0.54,0.25938028,0.061587207,0.003
young_20_29,11,0.55,0.2662249,0.06003167,0.003
young_20_29,11,0.56,0.273221,0.059384998,0.003
young_20_29,11,0.5700000000000001,0.28162402,0.05829148,0.003
young_20_29,11,0.58,0.2902014,0.057275653,0.003
young_20_29,11,0.59,0.3004029,0.056216173,0.003
young_20_29,11,0.6,0.31072462,0.055267405,0.003
young_20_29,11,0.61,0.3216562,0.054255545,0.003
young_20_29,11,0.62,0.33365086,0.053026635,0.003
young_20_29,11,0.63,0.34546676,0.05249737,0.003
young_20_29,11,0.64,0.35635474,0.051266912,0.003
young_20_29,11,0.65,0.369146,0.05014931,0.003
young_20_29,11,0.66,0.37894052,0.049119964,0.003
young_20_29,11,0.67,0.39187014,0.048447777,0.003
young_20_29,11,0.68,0.40477645,0.04678333,0.003
young_20_29,11,0.6900000000000001,0.41779777,0.045408897,0.003
young_20_29,11,0.7000000000000001,0.4331199,0.044437435,0.003
young_20_29,11,0.71,0.44535285,0.04351357,0.003
young_20_29,11,0.72,0.45968306,0.042774107,0.003
young_20_29,11,0.73,0.47618365,0.041341368,0.003
young_20_29,11,0.74,0.49054986,0.04053789,0.003
young_20_29,11,0.75,0.5042834,0.039661106,0.003
young_20_29,11,0.76,0.5200645,0.03874598,0.003
young_20_29,11,0.77,0.5315641,0.03793655,0.003
young_20_29,11,0.78,0.53011745,0.037510183,0.003
young_20_29,11,0.79,0.5285839,0.037073985,0.003
older_80_89,0,0.0,0.10206267,0.10208866,0.006
older_80_89,0,0.01,0.10030255,0.10236655,0.006
older_80_89,0,0.02,0.09981106,0.10067806,0.006
older_80_89,0,0.03,0.09764282,0.09927914,0.006
older_80_89,0,0.04,0.09613358,0.099285044,0.006
older_80_89,0,0.05,0.09492735,0.09882938,0.006
older_80_89,0,0.06,0.09085904,0.09713735,0.006
older_80_89,0,0.07,0.08976316,0.09495143,0.006
older_80_89,0,0.08,0.08943978,0.09394612,0.006
older_80_89,0,0.09,0.08788388,0.093224026,0.006
older_80_89,0,0.1,0.08940729,0.09277252,0.006
older_80_89,0,0.11,0.08805298,0.090138406,0.006
older_80_89,0,0.12,0.08637993,0.09100561,0.006
older_80_89,0,0.13,0.08680059,0.088935025,0.006
older_80_89,0,0.14,0.0868927,0.0877318,0.006
older_80_89,0,0.15,0.08934842,0.087938495,0.006
older_80_89,0,0.16,0.09047856,0.0858713,0.006
older_80_89,0,0.17,0.09025908,0.082665354,0.006
older_80_89,0,0.18,0.09032101,0.08266851,0.006
older_80_89,0,0.19,0.090606935,0.08230975,0.006
older_80_89,0,0.2,0.09013554,0.08026684,0.006
older_80_89,0,0.21,0.092903145,0.078028955,0.006
older_80_89,0,0.22,0.09455379,0.07591667,0.006
older_80_89,0,0.23,0.0953469,0.07430787,0.006
older_80_89,0,0.24,0.09746204,0.07205668,0.006
older_80_89,0,0.25,0.09673449,0.0716899,0.006
older_80_89,0,0.26,0.10138616,0.07187528,0.006
older_80_89,0,0.27,0.10345409,0.07149957,0.006
older_80_89,0,0.28,0.105838895,0.07147928,0.006
older_80_89,0,0.29,0.10757189,0.06896134,0.006
older_80_89,0,0.3,0.10904765,0.068511926,0.006
older_80_89,0,0.31,0.11263757,0.067148544,0.006
older_80_89,0,0.32,0.117562674,0.06574392,0.006
older_80_89,0,0.33,0.118581735,0.06552228,0.006
older_80_89,0,0.34,0.12036161,0.06614412,0.006
older_80_89,0,0.35000000000000003,0.122270115,0.0649429,0.006
older_80_89,0,0.36,0.12522301,0.064288355,0.006
older_80_89,0,0.37,0.124865666,0.063391276,0.006
older_80_89,0,0.38,0.1266722,0.063575946,0.006
older_80_89,0,0.39,0.1313749,0.06346372,0.006
older_80_89,0,0.4,0.135076,0.062378865,0.006
older_80_89,0,0.41000000000000003,0.1390125,0.06205239,0.006
older_80_89,0,0.42,0.14046954,0.06237985,0.006
older_80_89,0,0.43,0.14171542,0.06329178,0.006
older_80_89,0,0.44,0.14395697,0.06346765,0.006
older_80_89,0,0.45,0.14932704,0.06292399,0.006
older_80_89,0,0.46,0.1542789,0.06245092,0.006
older_80_89,0,0.47000000000000003,0.15670922,0.06345973,0.006
older_80_89,0,0.48,0.15952858,0.06350421,0.006
older_80_89,0,0.49,0.16138765,0.0636969,0.006
older_80_89,0,0.5,0.16575462,0.0656762,0.006
older_80_89,0,0.51,0.17014356,0.06451805,0.006
older_80_89,0,0.52,0.17303461,0.06549188,0.006
older_80_89,0,0.53,0.17558652,0.06468277,0.006
older_80_89,0,0.54,0.17633902,0.0649633,0.006
older_80_89,0,0.55,0.17639925,0.064627595,0.006
older_80_89,0,0.56,0.18110856,0.06487635,0.006
older_80_89,0,0.5700000000000001,0.18579668,0.06432829,0.006
older_80_89,0,0.58,0.18863489,0.06472135,0.006
older_80_89,0,0.59,0.19220996,0.06520088,0.006
older_80_89,0,0.6,0.19060269,0.06516384,0.006
older_80_89,0,0.61,0.1950301,0.06474839,0.006
older_80_89,0,0.62,0.19768496,0.06467263,0.006
older_80_89,0,0.63,0.2003343,0.06724719,0.006
older_80_89,0,0.64,0.20688201,0.06755541,0.006
older_80_89,0,0.65,0.21415792,0.067876995,0.006
older_80_89,0,0.66,0.21604256,0.06824902,0.006
older_80_89,0,0.67,0.22103225,0.06690287,0.006
older_80_89,0,0.68,0.22918008,0.06786336,0.006
older_80_89,0,0.6900000000000001,0.23287134,0.06746434,0.006
older_80_89,0,0.7000000000000001,0.23461075,0.066497326,0.006
older_80_89,0,0.71,0.23792817,0.066925064,0.006
older_80_89,0,0.72,0.24313316,0.06645845,0.006
older_80_89,0,0.73,0.25254306,0.06635992,0.006
older_80_89,0,0.74,0.26278132,0.06735535,0.006
older_80_89,0,0.75,0.27014497,0.065824814,0.006
older_80_89,0,0.76,0.2776624,0.06530594,0.006
older_80_89,0,0.77,0.2838999,0.065663554,0.006
older_80_89,0,0.78,0.28145382,0.0662594,0.006
older_80_89,0,0.79,0.2822212,0.06516319,0.006
older_80_89,1,0.0,0.09803157,0.099663496,0.006
older_80_89,1,0.01,0.09719821,0.09979805,0.006
older_80_89,1,0.02,0.096488595,0.09886961,0.006
older_80_89,1,0.03,0.09389133,0.10069652,0.006
older_80_89,1,0.04,0.09213591,0.0996033,0.006
older_80_89,1,0.05,0.09054578,0.099028155,0.006
older_80_89,1,0.06,0.089670695,0.09940707,0.006
older_80_89,1,0.07,0.08948685,0.09886381,0.006
older_80_89,1,0.08,0.09066677,0.09834935,0.006
older_80_89,1,0.09,0.090151384,0.09953552,0.006
older_80_89,1,0.1,0.088970914,0.09872748,0.006
older_80_89,1,0.11,0.09073852,0.097305894,0.006
older_80_89,1,0.12,0.089105085,0.09562069,0.006
older_80_89,1,0.13,0.08942232,0.09238952,0.006
older_80_89,1,0.14,0.09076174,0.090261884,0.006
older_80_89,1,0.15,0.08962881,0.08734464,0.006
older_80_89,1,0.16,0.08770894,0.08491059,0.006
older_80_89,1,0.17,0.0900643,0.0822801,0.006
older_80_89,1,0.18,0.089327075,0.08213384,0.006
older_80_89,1,0.19,0.087881766,0.08082267,0.006
older_80_89,1,0.2,0.08770086,0.08070113,0.006
older_80_89,1,0.21,0.08892434,0.078834794,0.006
older_80_89,1,0.22,0.08951637,0.0767507,0.006
older_80_89,1,0.23,0.093796335,0.076119564,0.006
older_80_89,1,0.24,0.09330803,0.07501141,0.006
older_80_89,1,0.25,0.0951807,0.073084086,0.006
older_80_89,1,0.26,0.0984944,0.07132889,0.006
older_80_89,1,0.27,0.1002434,0.071579576,0.006
older_80_89,1,0.28,0.10204562,0.070231915,0.006
older_80_89,1,0.29,0.10219058,0.06938102,0.006
older_80_89,1,0.3,0.103482254,0.06856048,0.006
older_80_89,1,0.31,0.10742363,0.06823053,0.006
older_80_89,1,0.32,0.11167936,0.06692575,0.006
older_80_89,1,0.33,0.115052335,0.06576454,0.006
older_80_89,1,0.34,0.1160509,0.06560589,0.006
older_80_89,1,0.35000000000000003,0.12114416,0.06568457,0.006
older_80_89,1,0.36,0.122635245,0.06456253,0.006
older_80_89,1,0.37,0.12548427,0.064782746,0.006
older_80_89,1,0.38,0.12597917,0.064444065,0.006
older_80_89,1,0.39,0.12819076,0.06444452,0.006
older_80_89,1,0.4,0.13086021,0.0639256,0.006
older_80_89,1,0.41000000000000003,0.13188672,0.06376485,0.006
older_80_89,1,0.42,0.13303486,0.06329614,0.006
older_80_89,1,0.43,0.13511676,0.06503842,0.006
older_80_89,1,0.44,0.13724588,0.064172,0.006
older_80_89,1,0.45,0.14108846,0.06275342,0.006
older_80_89,1,0.46,0.14330098,0.062126238,0.006
older_80_89,1,0.47000000000000003,0.14748475,0.06170964,0.006
older_80_89,1,0.48,0.1524994,0.061129116,0.006
older_80_89,1,0.49,0.15086634,0.061519444,0.006
older_80_89,1,0.5,0.15394063,0.060716636,0.006
older_80_89,1,0.51,0.15615289,0.061855856,0.006
older_80_89,1,0.52,0.15635201,0.06312621,0.006
older_80_89,1,0.53,0.16306014,0.061655127,0.006
older_80_89,1,0.54,0.16876577,0.06159308,0.006
older_80_89,1,0.55,0.17246813,0.061515685,0.006
older_80_89,1,0.56,0.17460248,0.061653532,0.006
older_80_89,1,0.5700000000000001,0.17901188,0.061192907,0.006
older_80_89,1,0.58,0.1825825,0.060587723,0.006
older_80_89,1,0.59,0.1915368,0.060377263,0.006
older_80_89,1,0.6,0.19720657,0.059675045,0.006
older_80_89,1,0.61,0.20143805,0.06050832,0.006
older_80_89,1,0.62,0.21177268,0.06073985,0.006
older_80_89,1,0.63,0.21540345,0.06179857,0.006
older_80_89,1,0.64,0.219065,0.061816778,0.006
older_80_89,1,0.65,0.22211033,0.060640756,0.006
older_80_89,1,0.66,0.22676583,0.059616826,0.006
older_80_89,1,0.67,0.23327969,0.059613124,0.006
older_80_89,1,0.68,0.2440674,0.060023315,0.006
older_80_89,1,0.6900000000000001,0.25302783,0.061306816,0.006
older_80_89,1,0.7000000000000001,0.25770313,0.06182558,0.006
older_80_89,1,0.71,0.26611942,0.061728097,0.006
older_80_89,1,0.72,0.27466434,0.061221004,0.006
older_80_89,1,0.73,0.28177357,0.061021756,0.006
older_80_89,1,0.74,0.29192686,0.060947467,0.006
older_80_89,1,0.75,0.29960504,0.059845317,0.006
older_80_89,1,0.76,0.30353764,0.05955328,0.006
older_80_89,1,0.77,0.31560296,0.05805377,0.006
older_80_89,1,0.78,0.3124697,0.05932905,0.006
older_80_89,1,0.79,0.3091618,0.05839911,0.006
older_80_89,2,0.0,0.096909344,0.10092971,0.006
older_80_89,2,0.01,0.09717241,0.10069625,0.006
older_80_89,2,0.02,0.09608326,0.10123814,0.006
older_80_89,2,0.03,0.09579543,0.099413544,0.006
older_80_89,2,0.04,0.09631693,0.09826197,0.006
older_80_89,2,0.05,0.095002055,0.09829713,0.006
older_80_89,2,0.06,0.09446075,0.09826802,0.006
older_80_89,2,0.07,0.0934598,0.09844033,0.006
older_80_89,2,0.08,0.09201372,0.09952592,0.006
older_80_89,2,0.09,0.093013555,0.0992688,0.006
older_80_89,2,0.1,0.093476005,0.09746499,0.006
older_80_89,2,0.11,0.092430755,0.09534136,0.006
older_80_89,2,0.12,0.09155423,0.095388025,0.006
older_80_89,2,0.13,0.090453334,0.09352265,0.006
older_80_89,2,0.14,0.09169014,0.091257915,0.006
older_80_89,2,0.15,0.09191912,0.08954122,0.006
older_80_89,2,0.16,0.09492142,0.089031,0.006
older_80_89,2,0.17,0.09393874,0.08729815,0.006
older_80_89,2,0.18,0.09566867,0.08573599,0.006
older_80_89,2,0.19,0.09617523,0.08376325,0.006
older_80_89,2,0.2,0.09618162,0.08428785,0.006
older_80_89,2,0.21,0.09583053,0.082815,0.006
older_80_89,2,0.22,0.09864622,0.08208705,0.006
older_80_89,2,0.23,0.09899485,0.08040443,0.006
older_80_89,2,0.24,0.100816354,0.07851204,0.006
older_80_89,2,0.25,0.10262257,0.07668017,0.006
older_80_89,2,0.26,0.10647045,0.07423306,0.006
older_80_89,2,0.27,0.10695157,0.072988786,0.006
older_80_89,2,0.28,0.10995756,0.07100366,0.006
older_80_89,2,0.29,0.10958293,0.07109799,0.006
older_80_89,2,0.3,0.11352121,0.06889782,0.006
older_80_89,2,0.31,0.116708644,0.06925027,0.006
older_80_89,2,0.32,0.11789306,0.068633035,0.006
older_80_89,2,0.33,0.117871895,0.0679679,0.006
older_80_89,2,0.34,0.11937157,0.068514794,0.006
older_80_89,2,0.35000000000000003,0.11741613,0.06879036,0.006
older_80_89,2,0.36,0.118020974,0.06973299,0.006
older_80_89,2,0.37,0.11862962,0.06961887,0.006
older_80_89,2,0.38,0.12330429,0.06782059,0.006
older_80_89,2,0.39,0.12683734,0.06669098,0.006
older_80_89,2,0.4,0.12681426,0.06596169,0.006
older_80_89,2,0.41000000000000003,0.13045509,0.06490913,0.006
older_80_89,2,0.42,0.13180627,0.065160945,0.006
older_80_89,2,0.43,0.13406627,0.0653334,0.006
older_80_89,2,0.44,0.1395273,0.06571186,0.006
older_80_89,2,0.45,0.14287233,0.06601604,0.006
older_80_89,2,0.46,0.14439747,0.065831244,0.006
older_80_89,2,0.47000000000000003,0.148795,0.066824,0.006
older_80_89,2,0.48,0.15257692,0.06567145,0.006
older_80_89,2,0.49,0.15560998,0.067294404,0.006
older_80_89,2,0.5,0.15640046,0.0669779,0.006
older_80_89,2,0.51,0.16012709,0.06657592,0.006
older_80_89,2,0.52,0.16390228,0.066386476,0.006
older_80_89,2,0.53,0.16974951,0.066639215,0.006
older_80_89,2,0.54,0.17453904,0.06668424,0.006
older_80_89,2,0.55,0.1774894,0.067012995,0.006
older_80_89,2,0.56,0.18317439,0.06554028,0.006
older_80_89,2,0.5700000000000001,0.18958129,0.06457999,0.006
older_80_89,2,0.58,0.19293013,0.06416797,0.006
older_80_89,2,0.59,0.19897763,0.06337126,0.006
older_80_89,2,0.6,0.20207593,0.0628117,0.006
older_80_89,2,0.61,0.20260021,0.06254381,0.006
older_80_89,2,0.62,0.20625553,0.06205398,0.006
older_80_89,2,0.63,0.21059807,0.062380467,0.006
older_80_89,2,0.64,0.21347457,0.061773974,0.006
older_80_89,2,0.65,0.22067875,0.061201107,0.006
older_80_89,2,0.66,0.22758017,0.0613004,0.006
older_80_89,2,0.67,0.23092265,0.06117657,0.006
older_80_89,2,0.68,0.23181033,0.06164774,0.006
older_80_89,2,0.6900000000000001,0.23628685,0.062726825,0.006
older_80_89,2,0.7000000000000001,0.2471639,0.062424965,0.006
older_80_89,2,0.71,0.25123867,0.06269523,0.006
older_80_89,2,0.72,0.25797787,0.06258746,0.006
older_80_89,2,0.73,0.26435208,0.062457398,0.006
older_80_89,2,0.74,0.26894322,0.0612957,0.006
older_80_89,2,0.75,0.27120093,0.06066659,0.006
older_80_89,2,0.76,0.27206218,0.05922015,0.006
older_80_89,2,0.77,0.28073955,0.0580646,0.006
older_80_89,2,0.78,0.27935636,0.058081396,0.006
older_80_89,2,0.79,0.27960306,0.05721486,0.006
older_80_89,3,0.0,0.09917362,0.09815598,0.006
older_80_89,3,0.01,0.09741911,0.100101866,0.006
older_80_89,3,0.02,0.09591491,0.10122644,0.006
older_80_89,3,0.03,0.095969886,0.0999152,0.006
older_80_89,3,0.04,0.09496846,0.10053747,0.006
older_80_89,3,0.05,0.092679396,0.0992064,0.006
older_80_89,3,0.06,0.09119083,0.10209195,0.006
older_80_89,3,0.07,0.08980941,0.10197699,0.006
older_80_89,3,0.08,0.090406425,0.10025745,0.006
older_80_89,3,0.09,0.08982716,0.09925115,0.006
older_80_89,3,0.1,0.089786366,0.098677,0.006
older_80_89,3,0.11,0.09134012,0.0966194,0.006
older_80_89,3,0.12,0.091681,0.09511464,0.006
older_80_89,3,0.13,0.09140345,0.09365901,0.006
older_80_89,3,0.14,0.09181084,0.092172034,0.006
older_80_89,3,0.15,0.090638846,0.09056669,0.006
older_80_89,3,0.16,0.090623096,0.08911707,0.006
older_80_89,3,0.17,0.09030612,0.08745798,0.006
older_80_89,3,0.18,0.09188414,0.08592823,0.006
older_80_89,3,0.19,0.09411753,0.08496458,0.006
older_80_89,3,0.2,0.09535298,0.084466934,0.006
older_80_89,3,0.21,0.09734688,0.08136443,0.006
older_80_89,3,0.22,0.099370874,0.078810364,0.006
older_80_89,3,0.23,0.099526376,0.077641666,0.006
older_80_89,3,0.24,0.10139111,0.076104894,0.006
older_80_89,3,0.25,0.10064297,0.075462975,0.006
older_80_89,3,0.26,0.10208309,0.074754626,0.006
older_80_89,3,0.27,0.10513465,0.07324876,0.006
older_80_89,3,0.28,0.10828953,0.07310776,0.006
older_80_89,3,0.29,0.111743994,0.073423795,0.006
older_80_89,3,0.3,0.112921834,0.07243983,0.006
older_80_89,3,0.31,0.11406575,0.07098018,0.006
older_80_89,3,0.32,0.11393152,0.070012696,0.006
older_80_89,3,0.33,0.1149838,0.068657346,0.006
older_80_89,3,0.34,0.11878982,0.06790305,0.006
older_80_89,3,0.35000000000000003,0.12166701,0.0667496,0.006
older_80_89,3,0.36,0.12102145,0.0661547,0.006
older_80_89,3,0.37,0.12185706,0.06502997,0.006
older_80_89,3,0.38,0.12460402,0.063951924,0.006
older_80_89,3,0.39,0.12771748,0.06292129,0.006
older_80_89,3,0.4,0.12782644,0.062879615,0.006
older_80_89,3,0.41000000000000003,0.12960869,0.06203294,0.006
older_80_89,3,0.42,0.13087732,0.061099667,0.006
older_80_89,3,0.43,0.13635327,0.061740056,0.006
older_80_89,3,0.44,0.13924856,0.061352033,0.006
older_80_89,3,0.45,0.13994502,0.06211967,0.006
older_80_89,3,0.46,0.14345306,0.06317351,0.006
older_80_89,3,0.47000000000000003,0.14792153,0.06396714,0.006
older_80_89,3,0.48,0.15158439,0.062493533,0.006
older_80_89,3,0.49,0.15217997,0.06191237,0.006
older_80_89,3,0.5,0.15511237,0.06276719,0.006
older_80_89,3,0.51,0.15970406,0.063041925,0.006
older_80_89,3,0.52,0.16123794,0.062106393,0.006
older_80_89,3,0.53,0.16758443,0.061675716,0.006
older_80_89,3,0.54,0.16837509,0.062082008,0.006
older_80_89,3,0.55,0.17136203,0.063538514,0.006
older_80_89,3,0.56,0.17738134,0.06452997,0.006
older_80_89,3,0.5700000000000001,0.18252054,0.06470145,0.006
older_80_89,3,0.58,0.18935424,0.06509957,0.006
older_80_89,3,0.59,0.19365327,0.06532002,0.006
older_80_89,3,0.6,0.19922583,0.06400593,0.006
older_80_89,3,0.61,0.2037561,0.06433078,0.006
older_80_89,3,0.62,0.2072781,0.064846165,0.006
older_80_89,3,0.63,0.21708457,0.065924816,0.006
older_80_89,3,0.64,0.22196862,0.06425948,0.006
older_80_89,3,0.65,0.22580372,0.06320814,0.006
older_80_89,3,0.66,0.2305315,0.0629531,0.006
older_80_89,3,0.67,0.23363365,0.062459834,0.006
older_80_89,3,0.68,0.23894776,0.062474314,0.006
older_80_89,3,0.6900000000000001,0.24408309,0.062650114,0.006
older_80_89,3,0.7000000000000001,0.25079584,0.06135955,0.006
older_80_89,3,0.71,0.2532586,0.061077822,0.006
older_80_89,3,0.72,0.25714356,0.061287116,0.006
older_80_89,3,0.73,0.26596624,0.06070141,0.006
older_80_89,3,0.74,0.27355877,0.061352912,0.006
older_80_89,3,0.75,0.2813519,0.06110314,0.006
older_80_89,3,0.76,0.2890821,0.060412187,0.006
older_80_89,3,0.77,0.2981159,0.06013377,0.006
older_80_89,3,0.78,0.29858577,0.059867095,0.006
older_80_89,3,0.79,0.29704645,0.059231814,0.006
older_80_89,4,0.0,0.097336985,0.10099759,0.006
older_80_89,4,0.01,0.094968855,0.10094097,0.006
older_80_89,4,0.02,0.0922923,0.10377291,0.006
older_80_89,4,0.03,0.09058098,0.10326829,0.006
older_80_89,4,0.04,0.08959252,0.102135465,0.006
older_80_89,4,0.05,0.0893133,0.10260858,0.006
older_80_89,4,0.06,0.0892684,0.101361066,0.006
older_80_89,4,0.07,0.08917574,0.09952885,0.006
older_80_89,4,0.08,0.08616339,0.09849408,0.006
older_80_89,4,0.09,0.085822605,0.09914797,0.006
older_80_89,4,0.1,0.08422695,0.09735919,0.006
older_80_89,4,0.11,0.0842091,0.094959304,0.006
older_80_89,4,0.12,0.08486928,0.0944346,0.006
older_80_89,4,0.13,0.08571081,0.09239883,0.006
older_80_89,4,0.14,0.086250715,0.09350662,0.006
older_80_89,4,0.15,0.08564554,0.09068198,0.006
older_80_89,4,0.16,0.08623035,0.08908596,0.006
older_80_89,4,0.17,0.08505387,0.087119065,0.006
older_80_89,4,0.18,0.085949756,0.0859433,0.006
older_80_89,4,0.19,0.088038385,0.08459436,0.006
older_80_89,4,0.2,0.08786315,0.08210539,0.006
older_80_89,4,0.21,0.087294556,0.080167234,0.006
older_80_89,4,0.22,0.089922994,0.078890294,0.006
older_80_89,4,0.23,0.09176233,0.07730528,0.006
older_80_89,4,0.24,0.09214895,0.07600062,0.006
older_80_89,4,0.25,0.09614686,0.073807605,0.006
older_80_89,4,0.26,0.09807206,0.072904505,0.006
older_80_89,4,0.27,0.10165058,0.072055615,0.006
older_80_89,4,0.28,0.102990255,0.071938254,0.006
older_80_89,4,0.29,0.10460661,0.07090893,0.006
older_80_89,4,0.3,0.10425559,0.07114227,0.006
older_80_89,4,0.31,0.10460162,0.07040176,0.006
older_80_89,4,0.32,0.10515344,0.070395716,0.006
older_80_89,4,0.33,0.104990356,0.07007721,0.006
older_80_89,4,0.34,0.10480727,0.06803506,0.006
older_80_89,4,0.35000000000000003,0.105575696,0.06877193,0.006
older_80_89,4,0.36,0.106281474,0.068895504,0.006
older_80_89,4,0.37,0.10780824,0.06854811,0.006
older_80_89,4,0.38,0.11083566,0.06780771,0.006
older_80_89,4,0.39,0.11295052,0.067245714,0.006
older_80_89,4,0.4,0.11671614,0.067378804,0.006
older_80_89,4,0.41000000000000003,0.119250774,0.06934608,0.006
older_80_89,4,0.42,0.122411855,0.067980304,0.006
older_80_89,4,0.43,0.12478741,0.06661132,0.006
older_80_89,4,0.44,0.12669875,0.066571005,0.006
older_80_89,4,0.45,0.12686054,0.06642741,0.006
older_80_89,4,0.46,0.13254645,0.06587518,0.006
older_80_89,4,0.47000000000000003,0.13532566,0.06701802,0.006
older_80_89,4,0.48,0.13703363,0.06746114,0.006
older_80_89,4,0.49,0.1394067,0.067060865,0.006
older_80_89,4,0.5,0.14290945,0.06645465,0.006
older_80_89,4,0.51,0.14584737,0.06652253,0.006
older_80_89,4,0.52,0.14866859,0.065854535,0.006
older_80_89,4,0.53,0.15108693,0.06495215,0.006
older_80_89,4,0.54,0.1555959,0.06466244,0.006
older_80_89,4,0.55,0.16171053,0.064896956,0.006
older_80_89,4,0.56,0.16203763,0.064900815,0.006
older_80_89,4,0.5700000000000001,0.16753352,0.06493815,0.006
older_80_89,4,0.58,0.17509179,0.06568527,0.006
older_80_89,4,0.59,0.18142001,0.06386397,0.006
older_80_89,4,0.6,0.18283707,0.062820405,0.006
older_80_89,4,0.61,0.1903393,0.06287628,0.006
older_80_89,4,0.62,0.19532253,0.06418621,0.006
older_80_89,4,0.63,0.20462462,0.06305065,0.006
older_80_89,4,0.64,0.20846412,0.0626938,0.006
older_80_89,4,0.65,0.21564499,0.064937495,0.006
older_80_89,4,0.66,0.22311446,0.06612029,0.006
older_80_89,4,0.67,0.22776455,0.06506556,0.006
older_80_89,4,0.68,0.2352606,0.066151924,0.006
older_80_89,4,0.6900000000000001,0.2425996,0.06528431,0.006
older_80_89,4,0.7000000000000001,0.25196356,0.06460482,0.006
older_80_89,4,0.71,0.2567808,0.063541554,0.006
older_80_89,4,0.72,0.26592767,0.06345988,0.006
older_80_89,4,0.73,0.27546898,0.06527435,0.006
older_80_89,4,0.74,0.2840975,0.06484327,0.006
older_80_89,4,0.75,0.28953803,0.06357539,0.006
older_80_89,4,0.76,0.2958334,0.06331134,0.006
older_80_89,4,0.77,0.30459994,0.061733533,0.006
older_80_89,4,0.78,0.30341604,0.05962096,0.006
older_80_89,4,0.79,0.30399936,0.05804924,0.006
older_80_89,5,0.0,0.09833497,0.10073958,0.006
older_80_89,5,0.01,0.096143275,0.09895182,0.006
older_80_89,5,0.02,0.093956396,0.099540584,0.006
older_80_89,5,0.03,0.09291507,0.10021339,0.006
older_80_89,5,0.04,0.09167185,0.09906668,0.006
older_80_89,5,0.05,0.09182544,0.09915731,0.006
older_80_89,5,0.06,0.09018226,0.09862683,0.006
older_80_89,5,0.07,0.08965618,0.09756996,0.006
older_80_89,5,0.08,0.08840293,0.09799665,0.006
older_80_89,5,0.09,0.090447694,0.09723942,0.006
older_80_89,5,0.1,0.09028959,0.095365435,0.006
older_80_89,5,0.11,0.09125215,0.09286173,0.006
older_80_89,5,0.12,0.09250113,0.09153634,0.006
older_80_89,5,0.13,0.091346994,0.08980827,0.006
older_80_89,5,0.14,0.09145462,0.08777331,0.006
older_80_89,5,0.15,0.09223355,0.086187206,0.006
older_80_89,5,0.16,0.09403801,0.08531311,0.006
older_80_89,5,0.17,0.096399516,0.08416121,0.006
older_80_89,5,0.18,0.09673426,0.08265448,0.006
older_80_89,5,0.19,0.095823765,0.08001956,0.006
older_80_89,5,0.2,0.09585036,0.079373665,0.006
older_80_89,5,0.21,0.099205725,0.07689471,0.006
older_80_89,5,0.22,0.099168204,0.075310975,0.006
older_80_89,5,0.23,0.101202704,0.075362764,0.006
older_80_89,5,0.24,0.100883596,0.07385628,0.006
older_80_89,5,0.25,0.10618192,0.072469406,0.006
older_80_89,5,0.26,0.108343676,0.07090868,0.006
older_80_89,5,0.27,0.109164864,0.07094652,0.006
older_80_89,5,0.28,0.11039793,0.06978749,0.006
older_80_89,5,0.29,0.112142466,0.06781016,0.006
older_80_89,5,0.3,0.11252808,0.06720994,0.006
older_80_89,5,0.31,0.11521522,0.065861315,0.006
older_80_89,5,0.32,0.11950919,0.0660012,0.006
older_80_89,5,0.33,0.12039573,0.06585908,0.006
older_80_89,5,0.34,0.12590112,0.065324984,0.006
older_80_89,5,0.35000000000000003,0.12847827,0.065580145,0.006
older_80_89,5,0.36,0.12978877,0.06588631,0.006
older_80_89,5,0.37,0.13034752,0.065279484,0.006
older_80_89,5,0.38,0.13396873,0.06589268,0.006
older_80_89,5,0.39,0.13637613,0.066134,0.006
older_80_89,5,0.4,0.13766474,0.06551895,0.006
older_80_89,5,0.41000000000000003,0.14270929,0.06501012,0.006
older_80_89,5,0.42,0.14668691,0.06483595,0.006
older_80_89,5,0.43,0.14993541,0.06443185,0.006
older_80_89,5,0.44,0.15526535,0.06382403,0.006
older_80_89,5,0.45,0.15890379,0.06300493,0.006
older_80_89,5,0.46,0.16641998,0.063694715,0.006
older_80_89,5,0.47000000000000003,0.16974212,0.06338134,0.006
older_80_89,5,0.48,0.17148872,0.064078234,0.006
older_80_89,5,0.49,0.17909813,0.062418386,0.006
older_80_89,5,0.5,0.18200277,0.06156897,0.006
older_80_89,5,0.51,0.1933283,0.060429804,0.006
older_80_89,5,0.52,0.19884203,0.060458936,0.006
older_80_89,5,0.53,0.1994457,0.059917253,0.006
older_80_89,5,0.54,0.20651981,0.059051678,0.006
older_80_89,5,0.55,0.20936319,0.058728024,0.006
older_80_89,5,0.56,0.21410185,0.05927831,0.006
older_80_89,5,0.5700000000000001,0.21843104,0.05814756,0.006
older_80_89,5,0.58,0.22043256,0.059189722,0.006
older_80_89,5,0.59,0.22749318,0.059825245,0.006
older_80_89,5,0.6,0.22866046,0.05945839,0.006
older_80_89,5,0.61,0.23036414,0.05967312,0.006
older_80_89,5,0.62,0.23558229,0.05932494,0.006
older_80_89,5,0.63,0.2419532,0.059305638,0.006
older_80_89,5,0.64,0.24786621,0.059485674,0.006
older_80_89,5,0.65,0.25010064,0.059089806,0.006
older_80_89,5,0.66,0.25672174,0.058109045,0.006
older_80_89,5,0.67,0.26134253,0.058725603,0.006
older_80_89,5,0.68,0.26931086,0.05789993,0.006
older_80_89,5,0.6900000000000001,0.27933103,0.058131736,0.006
older_80_89,5,0.7000000000000001,0.29011905,0.055911846,0.006
older_80_89,5,0.71,0.29752618,0.05502687,0.006
older_80_89,5,0.72,0.3055601,0.055501327,0.006
older_80_89,5,0.73,0.31283116,0.055656984,0.006
older_80_89,5,0.74,0.32099047,0.05587951,0.006
older_80_89,5,0.75,0.32754436,0.055276264,0.006
older_80_89,5,0.76,0.3399788,0.05385315,0.006
older_80_89,5,0.77,0.35198528,0.052927613,0.006
older_80_89,5,0.78,0.3519461,0.051261336,0.006
older_80_89,5,0.79,0.35242304,0.050486296,0.006
older_80_89,6,0.0,0.09925081,0.10009722,0.006
older_80_89,6,0.01,0.09740994,0.103334434,0.006
older_80_89,6,0.02,0.09758932,0.10291283,0.006
older_80_89,6,0.03,0.096815914,0.10202614,0.006
older_80_89,6,0.04,0.09511301,0.101805374,0.006
older_80_89,6,0.05,0.09420433,0.10068005,0.006
older_80_89,6,0.06,0.09245342,0.10004506,0.006
older_80_89,6,0.07,0.09182723,0.09838236,0.006
older_80_89,6,0.08,0.091873206,0.09826656,0.006
older_80_89,6,0.09,0.09451983,0.09596234,0.006
older_80_89,6,0.1,0.09526726,0.095443666,0.006
older_80_89,6,0.11,0.09473802,0.09612314,0.006
older_80_89,6,0.12,0.09500673,0.09621562,0.006
older_80_89,6,0.13,0.09408117,0.09442897,0.006
older_80_89,6,0.14,0.092479125,0.09211232,0.006
older_80_89,6,0.15,0.09241868,0.091854006,0.006
older_80_89,6,0.16,0.09150743,0.09004831,0.006
older_80_89,6,0.17,0.09127616,0.08761357,0.006
older_80_89,6,0.18,0.09082163,0.08630996,0.006
older_80_89,6,0.19,0.091753714,0.083572045,0.006
older_80_89,6,0.2,0.09074724,0.08235458,0.006
older_80_89,6,0.21,0.09131033,0.081384726,0.006
older_80_89,6,0.22,0.095734715,0.07924525,0.006
older_80_89,6,0.23,0.09765856,0.07897032,0.006
older_80_89,6,0.24,0.09762644,0.07821729,0.006
older_80_89,6,0.25,0.09898349,0.07707498,0.006
older_80_89,6,0.26,0.100560755,0.07547865,0.006
older_80_89,6,0.27,0.10319591,0.0734521,0.006
older_80_89,6,0.28,0.10296815,0.07330444,0.006
older_80_89,6,0.29,0.104630806,0.071406946,0.006
older_80_89,6,0.3,0.10597831,0.07016912,0.006
older_80_89,6,0.31,0.10735671,0.06976028,0.006
older_80_89,6,0.32,0.10638664,0.06975052,0.006
older_80_89,6,0.33,0.10632116,0.06783471,0.006
older_80_89,6,0.34,0.10869971,0.067400716,0.006
older_80_89,6,0.35000000000000003,0.110580534,0.06680838,0.006
older_80_89,6,0.36,0.11195853,0.0672127,0.006
older_80_89,6,0.37,0.11554992,0.06573864,0.006
older_80_89,6,0.38,0.11978619,0.066398636,0.006
older_80_89,6,0.39,0.12121106,0.06616532,0.006
older_80_89,6,0.4,0.124063194,0.06673502,0.006
older_80_89,6,0.41000000000000003,0.1256089,0.066338524,0.006
older_80_89,6,0.42,0.13012867,0.066720255,0.006
older_80_89,6,0.43,0.13497499,0.066113815,0.006
older_80_89,6,0.44,0.13620654,0.065797776,0.006
older_80_89,6,0.45,0.14101642,0.06479592,0.006
older_80_89,6,0.46,0.14358999,0.065415576,0.006
older_80_89,6,0.47000000000000003,0.14651361,0.06555762,0.006
older_80_89,6,0.48,0.1481271,0.065363,0.006
older_80_89,6,0.49,0.15029287,0.064513326,0.006
older_80_89,6,0.5,0.15517525,0.065052964,0.006
older_80_89,6,0.51,0.15935013,0.064457394,0.006
older_80_89,6,0.52,0.16350688,0.063181154,0.006
older_80_89,6,0.53,0.16517815,0.06473131,0.006
older_80_89,6,0.54,0.16893092,0.06537304,0.006
older_80_89,6,0.55,0.17268386,0.06530155,0.006
older_80_89,6,0.56,0.1781968,0.06456049,0.006
older_80_89,6,0.5700000000000001,0.18545438,0.066096656,0.006
older_80_89,6,0.58,0.18793172,0.06591701,0.006
older_80_89,6,0.59,0.19299082,0.06604171,0.006
older_80_89,6,0.6,0.19655219,0.066217184,0.006
older_80_89,6,0.61,0.1995351,0.06574146,0.006
older_80_89,6,0.62,0.20288335,0.064872526,0.006
older_80_89,6,0.63,0.20580095,0.0639697,0.006
older_80_89,6,0.64,0.2124184,0.0647651,0.006
older_80_89,6,0.65,0.21752459,0.064409,0.006
older_80_89,6,0.66,0.21977018,0.06511699,0.006
older_80_89,6,0.67,0.22564486,0.06612797,0.006
older_80_89,6,0.68,0.22879249,0.06594045,0.006
older_80_89,6,0.6900000000000001,0.23491405,0.0652229,0.006
older_80_89,6,0.7000000000000001,0.245951,0.06480978,0.006
older_80_89,6,0.71,0.25251177,0.06441729,0.006
older_80_89,6,0.72,0.2617947,0.06497463,0.006
older_80_89,6,0.73,0.26522645,0.06468354,0.006
older_80_89,6,0.74,0.2727877,0.064395614,0.006
older_80_89,6,0.75,0.2821215,0.062946714,0.006
older_80_89,6,0.76,0.28774756,0.060907133,0.006
older_80_89,6,0.77,0.29542685,0.06112588,0.006
older_80_89,6,0.78,0.29370508,0.06077614,0.006
older_80_89,6,0.79,0.28997833,0.06047875,0.006
older_80_89,7,0.0,0.09919621,0.10013082,0.006
older_80_89,7,0.01,0.100022666,0.10073828,0.006
older_80_89,7,0.02,0.09748187,0.10054106,0.006
older_80_89,7,0.03,0.09580703,0.09857866,0.006
older_80_89,7,0.04,0.09709233,0.09740869,0.006
older_80_89,7,0.05,0.095390804,0.09707269,0.006
older_80_89,7,0.06,0.093438044,0.096533075,0.006
older_80_89,7,0.07,0.091828726,0.096404776,0.006
older_80_89,7,0.08,0.091548264,0.09348209,0.006
older_80_89,7,0.09,0.09203515,0.09354132,0.006
older_80_89,7,0.1,0.091926776,0.0939618,0.006
older_80_89,7,0.11,0.091702305,0.09411695,0.006
older_80_89,7,0.12,0.093676016,0.092779525,0.006
older_80_89,7,0.13,0.09445008,0.09264839,0.006
older_80_89,7,0.14,0.093625434,0.09103386,0.006
older_80_89,7,0.15,0.09644452,0.088464215,0.006
older_80_89,7,0.16,0.09568501,0.088854924,0.006
older_80_89,7,0.17,0.09584776,0.087131366,0.006
older_80_89,7,0.18,0.09684509,0.08544978,0.006
older_80_89,7,0.19,0.097293116,0.08473061,0.006
older_80_89,7,0.2,0.09939493,0.08403032,0.006
older_80_89,7,0.21,0.10064502,0.08317045,0.006
older_80_89,7,0.22,0.10018588,0.080964044,0.006
older_80_89,7,0.23,0.10106087,0.0791736,0.006
older_80_89,7,0.24,0.099363334,0.07760459,0.006
older_80_89,7,0.25,0.10003672,0.07533649,0.006
older_80_89,7,0.26,0.102011696,0.0739568,0.006
older_80_89,7,0.27,0.10358472,0.07361502,0.006
older_80_89,7,0.28,0.10703739,0.073253185,0.006
older_80_89,7,0.29,0.109471366,0.07182458,0.006
older_80_89,7,0.3,0.11228955,0.07005613,0.006
older_80_89,7,0.31,0.115236215,0.068871684,0.006
older_80_89,7,0.32,0.117500655,0.0678856,0.006
older_80_89,7,0.33,0.11953748,0.06677865,0.006
older_80_89,7,0.34,0.12167481,0.065704904,0.006
older_80_89,7,0.35000000000000003,0.12517707,0.06502914,0.006
older_80_89,7,0.36,0.1262752,0.065091215,0.006
older_80_89,7,0.37,0.12857838,0.06573206,0.006
older_80_89,7,0.38,0.13221194,0.06390459,0.006
older_80_89,7,0.39,0.134891,0.06368185,0.006
older_80_89,7,0.4,0.13616227,0.0631472,0.006
older_80_89,7,0.41000000000000003,0.13721761,0.06361178,0.006
older_80_89,7,0.42,0.14154926,0.06350178,0.006
older_80_89,7,0.43,0.14317897,0.0635368,0.006
older_80_89,7,0.44,0.14440204,0.064080946,0.006
older_80_89,7,0.45,0.14815223,0.06437316,0.006
older_80_89,7,0.46,0.15173547,0.0645501,0.006
older_80_89,7,0.47000000000000003,0.15343697,0.0635815,0.006
older_80_89,7,0.48,0.15855692,0.06387289,0.006
older_80_89,7,0.49,0.16382726,0.06559746,0.006
older_80_89,7,0.5,0.16947818,0.065398544,0.006
older_80_89,7,0.51,0.16930853,0.06480266,0.006
older_80_89,7,0.52,0.174015,0.065317325,0.006
older_80_89,7,0.53,0.17779882,0.06443077,0.006
older_80_89,7,0.54,0.18117528,0.06309546,0.006
older_80_89,7,0.55,0.1786511,0.062268473,0.006
older_80_89,7,0.56,0.18100898,0.06201643,0.006
older_80_89,7,0.5700000000000001,0.18619847,0.06289877,0.006
older_80_89,7,0.58,0.18919046,0.06347153,0.006
older_80_89,7,0.59,0.19668828,0.063873455,0.006
older_80_89,7,0.6,0.20112379,0.06347363,0.006
older_80_89,7,0.61,0.20592035,0.062433776,0.006
older_80_89,7,0.62,0.213302,0.06275576,0.006
older_80_89,7,0.63,0.21486126,0.06244111,0.006
older_80_89,7,0.64,0.22340325,0.06185828,0.006
older_80_89,7,0.65,0.22756843,0.06215283,0.006
older_80_89,7,0.66,0.23312217,0.061966322,0.006
older_80_89,7,0.67,0.23750256,0.061846897,0.006
older_80_89,7,0.68,0.2426417,0.060648542,0.006
older_80_89,7,0.6900000000000001,0.24905896,0.061300375,0.006
older_80_89,7,0.7000000000000001,0.25695667,0.060762245,0.006
older_80_89,7,0.71,0.2644497,0.06056768,0.006
older_80_89,7,0.72,0.27163205,0.05956126,0.006
older_80_89,7,0.73,0.27445382,0.058844745,0.006
older_80_89,7,0.74,0.2802668,0.05745729,0.006
older_80_89,7,0.75,0.2882994,0.056677982,0.006
older_80_89,7,0.76,0.29395962,0.0559089,0.006
older_80_89,7,0.77,0.2980438,0.054961868,0.006
older_80_89,7,0.78,0.2964319,0.05354101,0.006
older_80_89,7,0.79,0.2916354,0.053261187,0.006
older_80_89,8,0.0,0.09582839,0.10186838,0.006
older_80_89,8,0.01,0.09310149,0.10301084,0.006
older_80_89,8,0.02,0.09407704,0.10365749,0.006
older_80_89,8,0.03,0.09309897,0.10659097,0.006
older_80_89,8,0.04,0.09188742,0.10893516,0.006
older_80_89,8,0.05,0.09086791,0.10794609,0.006
older_80_89,8,0.06,0.08963909,0.10600047,0.006
older_80_89,8,0.07,0.08795562,0.104648486,0.006
older_80_89,8,0.08,0.08822681,0.10450802,0.006
older_80_89,8,0.09,0.08665843,0.10155954,0.006
older_80_89,8,0.1,0.08700081,0.09870244,0.006
older_80_89,8,0.11,0.088027224,0.0968148,0.006
older_80_89,8,0.12,0.08776932,0.096035704,0.006
older_80_89,8,0.13,0.08797329,0.09374336,0.006
older_80_89,8,0.14,0.089036085,0.09354583,0.006
older_80_89,8,0.15,0.088716045,0.09202229,0.006
older_80_89,8,0.16,0.08672988,0.090531886,0.006
older_80_89,8,0.17,0.086932674,0.08764606,0.006
older_80_89,8,0.18,0.08753675,0.08682634,0.006
older_80_89,8,0.19,0.087511726,0.08646418,0.006
older_80_89,8,0.2,0.08934898,0.08576689,0.006
older_80_89,8,0.21,0.09099526,0.08518795,0.006
older_80_89,8,0.22,0.091698065,0.0837761,0.006
older_80_89,8,0.23,0.09200302,0.08148602,0.006
older_80_89,8,0.24,0.090745606,0.08021927,0.006
older_80_89,8,0.25,0.09069225,0.07990853,0.006
older_80_89,8,0.26,0.09151557,0.07769843,0.006
older_80_89,8,0.27,0.09400476,0.07718744,0.006
older_80_89,8,0.28,0.09782939,0.07687041,0.006
older_80_89,8,0.29,0.09930031,0.07572161,0.006
older_80_89,8,0.3,0.10127153,0.07567314,0.006
older_80_89,8,0.31,0.10414931,0.07729328,0.006
older_80_89,8,0.32,0.10519277,0.07509104,0.006
older_80_89,8,0.33,0.10691737,0.072891176,0.006
older_80_89,8,0.34,0.10933345,0.07360735,0.006
older_80_89,8,0.35000000000000003,0.11086241,0.074126504,0.006
older_80_89,8,0.36,0.114525914,0.073626116,0.006
older_80_89,8,0.37,0.11741035,0.07266569,0.006
older_80_89,8,0.38,0.12004976,0.07291909,0.006
older_80_89,8,0.39,0.12167097,0.07209724,0.006
older_80_89,8,0.4,0.12444808,0.07224343,0.006
older_80_89,8,0.41000000000000003,0.12688813,0.07189482,0.006
older_80_89,8,0.42,0.12986088,0.069941305,0.006
older_80_89,8,0.43,0.1330353,0.06956817,0.006
older_80_89,8,0.44,0.13565949,0.07024554,0.006
older_80_89,8,0.45,0.13924173,0.070924826,0.006
older_80_89,8,0.46,0.14324129,0.069762744,0.006
older_80_89,8,0.47000000000000003,0.14966568,0.07005278,0.006
older_80_89,8,0.48,0.15239017,0.07004026,0.006
older_80_89,8,0.49,0.15532425,0.07041538,0.006
older_80_89,8,0.5,0.15574902,0.0694075,0.006
older_80_89,8,0.51,0.16276672,0.072072506,0.006
older_80_89,8,0.52,0.16855508,0.07271444,0.006
older_80_89,8,0.53,0.1748965,0.07204264,0.006
older_80_89,8,0.54,0.17686418,0.07098152,0.006
older_80_89,8,0.55,0.1799405,0.07206097,0.006
older_80_89,8,0.56,0.18693785,0.072275884,0.006
older_80_89,8,0.5700000000000001,0.18737474,0.07259892,0.006
older_80_89,8,0.58,0.18866958,0.07120923,0.006
older_80_89,8,0.59,0.19363526,0.06994476,0.006
older_80_89,8,0.6,0.19329245,0.069271386,0.006
older_80_89,8,0.61,0.19824289,0.06862112,0.006
older_80_89,8,0.62,0.20097727,0.067050524,0.006
older_80_89,8,0.63,0.20334274,0.067627974,0.006
older_80_89,8,0.64,0.2073798,0.06670191,0.006
older_80_89,8,0.65,0.2133944,0.06717175,0.006
older_80_89,8,0.66,0.21896718,0.06714082,0.006
older_80_89,8,0.67,0.22306,0.067615576,0.006
older_80_89,8,0.68,0.22617675,0.06574865,0.006
older_80_89,8,0.6900000000000001,0.2345083,0.0670295,0.006
older_80_89,8,0.7000000000000001,0.24394752,0.067198426,0.006
older_80_89,8,0.71,0.25138864,0.06534019,0.006
older_80_89,8,0.72,0.25781888,0.064922735,0.006
older_80_89,8,0.73,0.26295307,0.06313488,0.006
older_80_89,8,0.74,0.2706558,0.062019408,0.006
older_80_89,8,0.75,0.27947694,0.0620693,0.006
older_80_89,8,0.76,0.2865768,0.062931016,0.006
older_80_89,8,0.77,0.29309332,0.06165761,0.006
older_80_89,8,0.78,0.28924775,0.061265834,0.006
older_80_89,8,0.79,0.28841752,0.059814863,0.006
older_80_89,9,0.0,0.09797236,0.09972268,0.006
older_80_89,9,0.01,0.0976873,0.09940193,0.006
older_80_89,9,0.02,0.095958866,0.09830431,0.006
older_80_89,9,0.03,0.09645244,0.100653,0.006
older_80_89,9,0.04,0.094487794,0.10263298,0.006
older_80_89,9,0.05,0.09452185,0.103237666,0.006
older_80_89,9,0.06,0.09289696,0.10224462,0.006
older_80_89,9,0.07,0.09204373,0.09998793,0.006
older_80_89,9,0.08,0.09241969,0.0994078,0.006
older_80_89,9,0.09,0.092781484,0.0986981,0.006
older_80_89,9,0.1,0.09166685,0.096533865,0.006
older_80_89,9,0.11,0.090763204,0.09464246,0.006
older_80_89,9,0.12,0.09106125,0.09433676,0.006
older_80_89,9,0.13,0.09206455,0.09430313,0.006
older_80_89,9,0.14,0.09089161,0.09325608,0.006
older_80_89,9,0.15,0.09265653,0.09238491,0.006
older_80_89,9,0.16,0.09366972,0.090766445,0.006
older_80_89,9,0.17,0.09559863,0.08872482,0.006
older_80_89,9,0.18,0.096488245,0.08943744,0.006
older_80_89,9,0.19,0.10015169,0.08861255,0.006
older_80_89,9,0.2,0.099953525,0.088307284,0.006
older_80_89,9,0.21,0.10231093,0.08632251,0.006
older_80_89,9,0.22,0.10508863,0.08352414,0.006
older_80_89,9,0.23,0.10519489,0.081653655,0.006
older_80_89,9,0.24,0.10782489,0.07925219,0.006
older_80_89,9,0.25,0.11149632,0.07811304,0.006
older_80_89,9,0.26,0.11003197,0.0752178,0.006
older_80_89,9,0.27,0.11028362,0.07415544,0.006
older_80_89,9,0.28,0.11113704,0.0768031,0.006
older_80_89,9,0.29,0.11223418,0.076507226,0.006
older_80_89,9,0.3,0.11169364,0.073576845,0.006
older_80_89,9,0.31,0.112416044,0.07187177,0.006
older_80_89,9,0.32,0.11606396,0.070607305,0.006
older_80_89,9,0.33,0.11880307,0.06974464,0.006
older_80_89,9,0.34,0.12195637,0.06949561,0.006
older_80_89,9,0.35000000000000003,0.12174346,0.06822524,0.006
older_80_89,9,0.36,0.12483388,0.0690764,0.006
older_80_89,9,0.37,0.124575175,0.068546,0.006
older_80_89,9,0.38,0.12686233,0.06825461,0.006
older_80_89,9,0.39,0.13059005,0.06920294,0.006
older_80_89,9,0.4,0.13327703,0.0679026,0.006
older_80_89,9,0.41000000000000003,0.13452893,0.06652793,0.006
older_80_89,9,0.42,0.13882744,0.06528607,0.006
older_80_89,9,0.43,0.14202501,0.06533119,0.006
older_80_89,9,0.44,0.14435074,0.064124495,0.006
older_80_89,9,0.45,0.14943445,0.06271229,0.006
older_80_89,9,0.46,0.15170021,0.06137088,0.006
older_80_89,9,0.47000000000000003,0.15288869,0.061610535,0.006
older_80_89,9,0.48,0.15551157,0.06313757,0.006
older_80_89,9,0.49,0.15890595,0.06551942,0.006
older_80_89,9,0.5,0.16156535,0.06655289,0.006
older_80_89,9,0.51,0.16520385,0.06565955,0.006
older_80_89,9,0.52,0.1683299,0.06457807,0.006
older_80_89,9,0.53,0.17193627,0.067084394,0.006
older_80_89,9,0.54,0.17353857,0.065319456,0.006
older_80_89,9,0.55,0.17576244,0.064919285,0.006
older_80_89,9,0.56,0.17959084,0.06471981,0.006
older_80_89,9,0.5700000000000001,0.18346031,0.06377268,0.006
older_80_89,9,0.58,0.18932852,0.06477656,0.006
older_80_89,9,0.59,0.19215153,0.065160915,0.006
older_80_89,9,0.6,0.19796479,0.063828684,0.006
older_80_89,9,0.61,0.20262907,0.064021654,0.006
older_80_89,9,0.62,0.20531821,0.06373312,0.006
older_80_89,9,0.63,0.20621936,0.06409041,0.006
older_80_89,9,0.64,0.2098893,0.062343936,0.006
older_80_89,9,0.65,0.21392758,0.062042087,0.006
older_80_89,9,0.66,0.21856713,0.062098958,0.006
older_80_89,9,0.67,0.22090188,0.061016396,0.006
older_80_89,9,0.68,0.22591719,0.06218539,0.006
older_80_89,9,0.6900000000000001,0.22775316,0.061571967,0.006
older_80_89,9,0.7000000000000001,0.23460332,0.061602503,0.006
older_80_89,9,0.71,0.24178468,0.062270895,0.006
older_80_89,9,0.72,0.24559334,0.061609063,0.006
older_80_89,9,0.73,0.25230324,0.060874984,0.006
older_80_89,9,0.74,0.25501993,0.05990365,0.006
older_80_89,9,0.75,0.26229244,0.05917518,0.006
older_80_89,9,0.76,0.26924852,0.05906651,0.006
older_80_89,9,0.77,0.27302742,0.059178427,0.006
older_80_89,9,0.78,0.2683051,0.059075557,0.006
older_80_89,9,0.79,0.2622318,0.057731893,0.006
older_80_89,10,0.0,0.09936517,0.099262446,0.006
older_80_89,10,0.01,0.09721948,0.09914757,0.006
older_80_89,10,0.02,0.09570178,0.100205116,0.006
older_80_89,10,0.03,0.09337021,0.09946724,0.006
older_80_89,10,0.04,0.09158103,0.098813966,0.006
older_80_89,10,0.05,0.09054303,0.09736323,0.006
older_80_89,10,0.06,0.089375585,0.09794006,0.006
older_80_89,10,0.07,0.0873145,0.097753234,0.006
older_80_89,10,0.08,0.087991096,0.0981075,0.006
older_80_89,10,0.09,0.08807573,0.10037597,0.006
older_80_89,10,0.1,0.088384435,0.09800961,0.006
older_80_89,10,0.11,0.08830184,0.09706825,0.006
older_80_89,10,0.12,0.08995877,0.09685279,0.006
older_80_89,10,0.13,0.08980361,0.094129756,0.006
older_80_89,10,0.14,0.09050542,0.09173552,0.006
older_80_89,10,0.15,0.09044417,0.0920537,0.006
older_80_89,10,0.16,0.09149348,0.09091244,0.006
older_80_89,10,0.17,0.09343706,0.088986985,0.006
older_80_89,10,0.18,0.09411435,0.08595103,0.006
older_80_89,10,0.19,0.09448344,0.08528752,0.006
older_80_89,10,0.2,0.0958138,0.084537126,0.006
older_80_89,10,0.21,0.096825615,0.08433785,0.006
older_80_89,10,0.22,0.096340716,0.08334555,0.006
older_80_89,10,0.23,0.09683889,0.08171501,0.006
older_80_89,10,0.24,0.09638644,0.081608616,0.006
older_80_89,10,0.25,0.096447386,0.080221884,0.006
older_80_89,10,0.26,0.09745419,0.078283414,0.006
older_80_89,10,0.27,0.09750977,0.07535097,0.006
older_80_89,10,0.28,0.101161085,0.072941475,0.006
older_80_89,10,0.29,0.104696274,0.07209654,0.006
older_80_89,10,0.3,0.10641576,0.074126035,0.006
older_80_89,10,0.31,0.10808955,0.07346115,0.006
older_80_89,10,0.32,0.1109318,0.07118602,0.006
older_80_89,10,0.33,0.113870814,0.06942222,0.006
older_80_89,10,0.34,0.11570011,0.06843526,0.006
older_80_89,10,0.35000000000000003,0.1163693,0.06720751,0.006
older_80_89,10,0.36,0.118641354,0.06798567,0.006
older_80_89,10,0.37,0.120679036,0.06965364,0.006
older_80_89,10,0.38,0.12132556,0.06872829,0.006
older_80_89,10,0.39,0.123636715,0.06887192,0.006
older_80_89,10,0.4,0.12716666,0.06785132,0.006
older_80_89,10,0.41000000000000003,0.12844771,0.067748256,0.006
older_80_89,10,0.42,0.13218242,0.0665328,0.006
older_80_89,10,0.43,0.13338612,0.06675254,0.006
older_80_89,10,0.44,0.1359725,0.06757405,0.006
older_80_89,10,0.45,0.13910171,0.06790534,0.006
older_80_89,10,0.46,0.14495166,0.06701809,0.006
older_80_89,10,0.47000000000000003,0.14886153,0.06696929,0.006
older_80_89,10,0.48,0.15628631,0.067474775,0.006
older_80_89,10,0.49,0.15695432,0.06689249,0.006
older_80_89,10,0.5,0.15536936,0.06571455,0.006
older_80_89,10,0.51,0.15816417,0.06577296,0.006
older_80_89,10,0.52,0.16484973,0.06517468,0.006
older_80_89,10,0.53,0.1670966,0.06588927,0.006
older_80_89,10,0.54,0.172019,0.06535785,0.006
older_80_89,10,0.55,0.17623451,0.063991465,0.006
older_80_89,10,0.56,0.17829302,0.065269925,0.006
older_80_89,10,0.5700000000000001,0.18061887,0.06553768,0.006
older_80_89,10,0.58,0.18423027,0.06534652,0.006
older_80_89,10,0.59,0.18652266,0.06420945,0.006
older_80_89,10,0.6,0.19033794,0.065197945,0.006
older_80_89,10,0.61,0.19866215,0.06571356,0.006
older_80_89,10,0.62,0.20660716,0.06611172,0.006
older_80_89,10,0.63,0.21077193,0.065208524,0.006
older_80_89,10,0.64,0.21808374,0.064408325,0.006
older_80_89,10,0.65,0.22264579,0.06405734,0.006
older_80_89,10,0.66,0.22703801,0.06290127,0.006
older_80_89,10,0.67,0.23060521,0.06351808,0.006
older_80_89,10,0.68,0.23458157,0.063174486,0.006
older_80_89,10,0.6900000000000001,0.23876266,0.0639614,0.006
older_80_89,10,0.7000000000000001,0.24790326,0.0635988,0.006
older_80_89,10,0.71,0.25052458,0.06433571,0.006
older_80_89,10,0.72,0.25732052,0.06449441,0.006
older_80_89,10,0.73,0.2627644,0.064345755,0.006
older_80_89,10,0.74,0.2744624,0.06330424,0.006
older_80_89,10,0.75,0.27969143,0.062158722,0.006
older_80_89,10,0.76,0.28919336,0.06268701,0.006
older_80_89,10,0.77,0.29622203,0.06294874,0.006
older_80_89,10,0.78,0.29319495,0.061485603,0.006
older_80_89,10,0.79,0.29308978,0.0599303,0.006
older_80_89,11,0.0,0.09632032,0.09922582,0.006
older_80_89,11,0.01,0.09401323,0.09819823,0.006
older_80_89,11,0.02,0.092580736,0.09792853,0.006
older_80_89,11,0.03,0.09235669,0.09597159,0.006
older_80_89,11,0.04,0.090628706,0.09645082,0.006
older_80_89,11,0.05,0.09060124,0.09524513,0.006
older_80_89,11,0.06,0.09137581,0.09662754,0.006
older_80_89,11,0.07,0.09208084,0.09508028,0.006
older_80_89,11,0.08,0.092987426,0.09571487,0.006
older_80_89,11,0.09,0.092763245,0.09622446,0.006
older_80_89,11,0.1,0.09098649,0.09402292,0.006
older_80_89,11,0.11,0.09264381,0.09379522,0.006
older_80_89,11,0.12,0.0928709,0.0908153,0.006
older_80_89,11,0.13,0.09292185,0.09058542,0.006
older_80_89,11,0.14,0.093799874,0.089681946,0.006
older_80_89,11,0.15,0.093312055,0.08800322,0.006
older_80_89,11,0.16,0.09434603,0.085806206,0.006
older_80_89,11,0.17,0.09442028,0.08382703,0.006
older_80_89,11,0.18,0.09445168,0.08221707,0.006
older_80_89,11,0.19,0.09361184,0.08128713,0.006
older_80_89,11,0.2,0.09560875,0.079617165,0.006
older_80_89,11,0.21,0.10036612,0.07798122,0.006
older_80_89,11,0.22,0.10176337,0.077586,0.006
older_80_89,11,0.23,0.102235965,0.07594838,0.006
older_80_89,11,0.24,0.10390809,0.07478619,0.006
older_80_89,11,0.25,0.10481819,0.07330998,0.006
older_80_89,11,0.26,0.10393279,0.072555356,0.006
older_80_89,11,0.27,0.1041428,0.070893064,0.006
older_80_89,11,0.28,0.104025975,0.070190124,0.006
older_80_89,11,0.29,0.10569705,0.07045074,0.006
older_80_89,11,0.3,0.105194196,0.070090465,0.006
older_80_89,11,0.31,0.10849373,0.06968244,0.006
older_80_89,11,0.32,0.11086873,0.06780542,0.006
older_80_89,11,0.33,0.11059672,0.06773641,0.006
older_80_89,11,0.34,0.11139956,0.066537656,0.006
older_80_89,11,0.35000000000000003,0.113594405,0.06551664,0.006
older_80_89,11,0.36,0.11489451,0.064110026,0.006
older_80_89,11,0.37,0.11521936,0.0647623,0.006
older_80_89,11,0.38,0.11579737,0.06544354,0.006
older_80_89,11,0.39,0.11790889,0.06699521,0.006
older_80_89,11,0.4,0.118530385,0.06590462,0.006
older_80_89,11,0.41000000000000003,0.120226905,0.06697661,0.006
older_80_89,11,0.42,0.12765674,0.06789062,0.006
older_80_89,11,0.43,0.1307766,0.06755992,0.006
older_80_89,11,0.44,0.13247585,0.06568135,0.006
older_80_89,11,0.45,0.13399273,0.06493814,0.006
older_80_89,11,0.46,0.13549227,0.064660504,0.006
older_80_89,11,0.47000000000000003,0.1373097,0.06428675,0.006
older_80_89,11,0.48,0.13950063,0.063951954,0.006
older_80_89,11,0.49,0.14134037,0.06410008,0.006
older_80_89,11,0.5,0.14271297,0.06307916,0.006
older_80_89,11,0.51,0.14552732,0.062330503,0.006
older_80_89,11,0.52,0.14895554,0.06316061,0.006
older_80_89,11,0.53,0.15612848,0.061609205,0.006
older_80_89,11,0.54,0.16080093,0.061812036,0.006
older_80_89,11,0.55,0.16320467,0.06192524,0.006
older_80_89,11,0.56,0.16545068,0.06190609,0.006
older_80_89,11,0.5700000000000001,0.16924126,0.06193174,0.006
older_80_89,11,0.58,0.17282313,0.060823243,0.006
older_80_89,11,0.59,0.17825267,0.060339775,0.006
older_80_89,11,0.6,0.18331555,0.059598967,0.006
older_80_89,11,0.61,0.1887179,0.06204236,0.006
older_80_89,11,0.62,0.19507152,0.06209853,0.006
older_80_89,11,0.63,0.20057097,0.061744787,0.006
older_80_89,11,0.64,0.2041686,0.061196424,0.006
older_80_89,11,0.65,0.21000889,0.06031464,0.006
older_80_89,11,0.66,0.21109258,0.061513294,0.006
older_80_89,11,0.67,0.21614335,0.061914597,0.006
older_80_89,11,0.68,0.22072251,0.06377273,0.006
older_80_89,11,0.6900000000000001,0.22505495,0.063709065,0.006
older_80_89,11,0.7000000000000001,0.23260891,0.064331524,0.006
older_80_89,11,0.71,0.23528755,0.062950805,0.006
older_80_89,11,0.72,0.2410549,0.06273035,0.006
older_80_89,11,0.73,0.2505473,0.06279293,0.006
older_80_89,11,0.74,0.25692177,0.06315303,0.006
older_80_89,11,0.75,0.262767,0.062490273,0.006
older_80_89,11,0.76,0.27305454,0.06181023,0.006
older_80_89,11,0.77,0.27688566,0.061751537,0.006
older_80_89,11,0.78,0.27234128,0.060948998,0.006
older_80_89,11,0.79,0.26753598,0.061457828,0.006
