rt_bin,rt_coordinate_s,value,age_group,source,signature
1,0.5188416845485643,0.822829661844242,20-29,matched_human,H3_CAF
2,0.5806333224529971,0.9083484983134564,20-29,matched_human,H3_CAF
3,0.6282368625526404,0.9382915494295528,20-29,matched_human,H3_CAF
4,0.6850930106566452,0.9538858854903026,20-29,matched_human,H3_CAF
5,0.8301159780043902,0.9765471369265687,20-29,matched_human,H3_CAF
1,0.5100274971965274,0.032597257912052875,20-29,matched_human,H4_delta
2,0.5632172176926292,0.04582566500095974,20-29,matched_human,H4_delta
3,0.604793103757072,0.05798377881134472,20-29,matched_human,H4_delta
4,0.658803066687549,0.06384894790138329,20-29,matched_human,H4_delta
5,0.7945873727155551,0.0830018234398474,20-29,matched_human,H4_delta
1,0.49560016149147873,0.8772084636410411,20-29,C0v2,H3_CAF
2,0.5784877814902862,0.9456923597017196,20-29,C0v2,H3_CAF
3,0.6271413657290873,0.9169250421446521,20-29,C0v2,H3_CAF
4,0.6780924934827873,0.9320554647573501,20-29,C0v2,H3_CAF
5,0.7620298612977362,0.9633065597613847,20-29,C0v2,H3_CAF
1,0.4719035626485766,0.05737544814371409,20-29,C0v2,H4_delta
2,0.5525207556969023,0.056731322330609464,20-29,C0v2,H4_delta
3,0.5998143348374846,0.05848810952007166,20-29,C0v2,H4_delta
4,0.6500314091503768,0.06071909911621759,20-29,C0v2,H4_delta
5,0.7307806664267201,0.06835181317313639,20-29,C0v2,H4_delta
1,0.5569275881557262,0.7532596575117589,30-39,matched_human,H3_CAF
2,0.6266324520356361,0.8899242259208936,30-39,matched_human,H3_CAF
3,0.6726355693451008,0.9487775355643457,30-39,matched_human,H3_CAF
4,0.7286094667499954,0.9609255359879815,30-39,matched_human,H3_CAF
5,0.8624510695503069,0.980454491458233,30-39,matched_human,H3_CAF
1,0.5489203435485642,0.04578192432430047,30-39,matched_human,H4_delta
2,0.6052610034996295,0.06088820450516392,30-39,matched_human,H4_delta
3,0.6465510698680317,0.06760198570057262,30-39,matched_human,H4_delta
4,0.6969197173133297,0.07814077146237851,30-39,matched_human,H4_delta
5,0.8277903576152781,0.083423515850138,30-39,matched_human,H4_delta
1,0.5085275122444294,0.8819263359009931,30-39,C0v2,H3_CAF
2,0.6145021890599576,0.8869457349649664,30-39,C0v2,H3_CAF
3,0.6807364073115784,0.914736727979478,30-39,C0v2,H3_CAF
4,0.7467677380069133,0.9320252503296435,30-39,C0v2,H3_CAF
5,0.8492496622109634,0.9403690189836738,30-39,C0v2,H3_CAF
1,0.4807707555319768,0.0631080609510955,30-39,C0v2,H4_delta
2,0.5865204787851949,0.06376703645350883,30-39,C0v2,H4_delta
3,0.6508554160333849,0.06842651224662921,30-39,C0v2,H4_delta
4,0.7163090245374901,0.06893886811803439,30-39,C0v2,H4_delta
5,0.8194002475653933,0.06498313021731975,30-39,C0v2,H4_delta
1,0.5210981475777606,0.795305829228243,40-49,matched_human,H3_CAF
2,0.591645568858436,0.8838997077091706,40-49,matched_human,H3_CAF
3,0.6443530158092314,0.9539357065315961,40-49,matched_human,H3_CAF
4,0.7039233368803803,0.9563110584239951,40-49,matched_human,H3_CAF
5,0.8507831444492431,0.9645582859981653,40-49,matched_human,H3_CAF
1,0.5091639072791166,0.044912769196313804,40-49,matched_human,H4_delta
2,0.5684442773253676,0.06386008431070395,40-49,matched_human,H4_delta
3,0.6125701055515181,0.07620380895899811,40-49,matched_human,H4_delta
4,0.6659908994771976,0.088261769904939,40-49,matched_human,H4_delta
5,0.8059288297189033,0.10255833725872424,40-49,matched_human,H4_delta
1,0.5305176376449954,0.8677783251231528,40-49,C0v2,H3_CAF
2,0.6087755546819066,0.9149515893313848,40-49,C0v2,H3_CAF
3,0.6584269644144431,0.9436329436998446,40-49,C0v2,H3_CAF
4,0.708533160279686,0.9543385842294378,40-49,C0v2,H3_CAF
5,0.7843529414395372,0.958383889307991,40-49,C0v2,H3_CAF
1,0.5043689286452517,0.06403883701924651,40-49,C0v2,H4_delta
2,0.5804055683198445,0.06474935072735935,40-49,C0v2,H4_delta
3,0.6293654481616419,0.06550438650467458,40-49,C0v2,H4_delta
4,0.6777502043180752,0.06666039904710078,40-49,C0v2,H4_delta
5,0.7547310975375037,0.06400440475983157,40-49,C0v2,H4_delta
1,0.5722715750391653,0.8540067422329762,50-59,matched_human,H3_CAF
2,0.6380150336694657,0.9361437328662988,50-59,matched_human,H3_CAF
3,0.6839135096102641,0.9600613290356237,50-59,matched_human,H3_CAF
4,0.7374320773361497,0.968374081793937,50-59,matched_human,H3_CAF
5,0.8653439703866478,0.9832818588205577,50-59,matched_human,H3_CAF
1,0.5611012329707161,0.04233609960072696,50-59,matched_human,H4_delta
2,0.6144732521462752,0.05921303720770343,50-59,matched_human,H4_delta
3,0.6523384295662837,0.07296547595992472,50-59,matched_human,H4_delta
4,0.700002525615501,0.08432462907395823,50-59,matched_human,H4_delta
5,0.8148835831029675,0.11073083416374696,50-59,matched_human,H4_delta
1,0.5701639846948526,0.9153280160622022,50-59,C0v2,H3_CAF
2,0.6496552822306859,0.9643731905991263,50-59,C0v2,H3_CAF
3,0.696323783546087,0.9517388068283931,50-59,C0v2,H3_CAF
4,0.7455275223771015,0.959217439360891,50-59,C0v2,H3_CAF
5,0.8266393226848863,0.9899619450600461,50-59,C0v2,H3_CAF
1,0.539123911994488,0.06920305982604714,50-59,C0v2,H4_delta
2,0.6184244744398245,0.06683743520352065,50-59,C0v2,H4_delta
3,0.665709346539714,0.06395086044335101,50-59,C0v2,H4_delta
4,0.7148018117018665,0.06570845086095113,50-59,C0v2,H4_delta
5,0.7943809249732695,0.06812868771925001,50-59,C0v2,H4_delta
1,0.6163836921275314,0.7986101462826892,60-69,matched_human,H3_CAF
2,0.7038524427474958,0.9094127162769544,60-69,matched_human,H3_CAF
3,0.7628186304184816,0.9571776112848002,60-69,matched_human,H3_CAF
4,0.8329956132144714,0.9553155860228512,60-69,matched_human,H3_CAF
5,0.9998100430506118,0.9711976823427041,60-69,matched_human,H3_CAF
1,0.6064538211292111,0.04939323329538339,60-69,matched_human,H4_delta
2,0.6776881750248425,0.069191036693032,60-69,matched_human,H4_delta
3,0.7287838539879141,0.0844337588963471,60-69,matched_human,H4_delta
4,0.791692363072333,0.09669709136352071,60-69,matched_human,H4_delta
5,0.950103076588405,0.11680835025375012,60-69,matched_human,H4_delta
1,0.5433409677488659,0.8910020214021008,60-69,C0v2,H3_CAF
2,0.6745876157728832,0.8911756091319212,60-69,C0v2,H3_CAF
3,0.7575630452904947,0.9295622510152791,60-69,C0v2,H3_CAF
4,0.8422862528552364,0.9279421396945783,60-69,C0v2,H3_CAF
5,0.9667095610539569,0.9783319183757089,60-69,C0v2,H3_CAF
1,0.5141183240839344,0.07235201735241838,60-69,C0v2,H4_delta
2,0.6403628788235199,0.0783247938113365,60-69,C0v2,H4_delta
3,0.7213801465197325,0.08346359690559912,60-69,C0v2,H4_delta
4,0.805904532145646,0.08458193123300406,60-69,C0v2,H4_delta
5,0.9331624536164902,0.07734961762864809,60-69,C0v2,H4_delta
1,0.6610914187263863,0.7936323226454876,70-79,matched_human,H3_CAF
2,0.7505545623152594,0.9139882450251402,70-79,matched_human,H3_CAF
3,0.8118266840105002,0.9366382835163761,70-79,matched_human,H3_CAF
4,0.881705548999894,0.9697862467393717,70-79,matched_human,H3_CAF
5,1.0898086290183873,0.9672314636528346,70-79,matched_human,H3_CAF
1,0.6556889104996917,0.05264137786822177,70-79,matched_human,H4_delta
2,0.7242637199809092,0.07149218129531767,70-79,matched_human,H4_delta
3,0.776299571526745,0.08554351760736026,70-79,matched_human,H4_delta
4,0.838832763604428,0.09890224520866576,70-79,matched_human,H4_delta
5,1.0314173712287107,0.13574614988861955,70-79,matched_human,H4_delta
1,0.6190773655544035,0.8893545858331392,70-79,C0v2,H3_CAF
2,0.7520440612505666,0.9182595061535967,70-79,C0v2,H3_CAF
3,0.8319256812991527,0.9496422009372728,70-79,C0v2,H3_CAF
4,0.9162486954782779,0.9465670758639508,70-79,C0v2,H3_CAF
5,1.0435707261281373,0.950443827006327,70-79,C0v2,H3_CAF
1,0.5800429168708019,0.08874222195184461,70-79,C0v2,H4_delta
2,0.7144228250217961,0.08357023186643041,70-79,C0v2,H4_delta
3,0.791879828161638,0.08691060748274097,70-79,C0v2,H4_delta
4,0.8713531877002555,0.0946263717590844,70-79,C0v2,H4_delta
5,0.9962313709912799,0.09782473287022991,70-79,C0v2,H4_delta
1,0.751891838790558,0.9008959386385182,80-89,matched_human,H3_CAF
2,0.8549484383825688,0.9597366315583482,80-89,matched_human,H3_CAF
3,0.9298680155430763,0.9810111644466154,80-89,matched_human,H3_CAF
4,1.0171771220235304,0.9821207129456142,80-89,matched_human,H3_CAF
5,1.3192766633016966,0.9810245822224849,80-89,matched_human,H3_CAF
1,0.7351753891988011,0.05362335456586914,80-89,matched_human,H4_delta
2,0.8215941129852258,0.07624016895705568,80-89,matched_human,H4_delta
3,0.8876455327808889,0.0924915440270653,80-89,matched_human,H4_delta
4,0.9696068160633526,0.10237951427664366,80-89,matched_human,H4_delta
5,1.2596055492090763,0.13065629329072975,80-89,matched_human,H4_delta
1,0.6575251968067466,0.9420713559977724,80-89,C0v2,H3_CAF
2,0.858143466463919,0.9591781932403824,80-89,C0v2,H3_CAF
3,0.9851487303091726,0.9602934542578208,80-89,C0v2,H3_CAF
4,1.1133229202878376,0.9643964952683719,80-89,C0v2,H3_CAF
5,1.321496733739265,0.9695248840560173,80-89,C0v2,H3_CAF
1,0.6159333360737201,0.08947194838382735,80-89,C0v2,H4_delta
2,0.821723855543708,0.07813097083028822,80-89,C0v2,H4_delta
3,0.9439541043529622,0.08720955934164182,80-89,C0v2,H4_delta
4,1.0699979519070397,0.09134564193876615,80-89,C0v2,H4_delta
5,1.2722573442733887,0.10427462018574551,80-89,C0v2,H4_delta
