condition_id,previous_outcome,n,error_match,error_nonmatch,alignment_effect_nonmatch_minus_match,response_repetition,error_response_repetition,conditional_chance
B0,correct,2928,0.02204928664072633,0.027816411682892908,0.005767125042166577,0.26400273224043713,0.24675324675324675,0.2597402597402597
B0,error,80,0.0,0.01694915254237288,0.01694915254237288,0.275,1.0,0.3333333333333333
B1_01,correct,2929,0.02080624187256177,0.027777777777777776,0.006971535905216007,0.26425401160805734,0.27631578947368424,0.26315789473684204
B1_01,error,79,0.0,0.017241379310344827,0.017241379310344827,0.27848101265822783,1.0,0.3333333333333333
B1_05,correct,2924,0.0196078431372549,0.030106530801296896,0.010498687664041995,0.2667578659370725,0.375,0.2708333333333333
B1_05,error,84,0.0,0.03278688524590164,0.03278688524590164,0.2857142857142857,0.5,0.3333333333333333
B1_09,correct,2923,0.017015706806282723,0.03195924038906901,0.01494353358278629,0.2702702702702703,0.47560975609756095,0.28048780487804875
B1_09,error,85,0.0,0.03278688524590164,0.03278688524590164,0.29411764705882354,0.5,0.3333333333333333
B1_13,correct,2929,0.02080624187256177,0.027777777777777776,0.006971535905216007,0.26425401160805734,0.27631578947368424,0.26315789473684204
B1_13,error,79,0.0,0.017241379310344827,0.017241379310344827,0.27848101265822783,1.0,0.3333333333333333
B1_17,correct,2924,0.0196078431372549,0.030106530801296896,0.010498687664041995,0.2667578659370725,0.375,0.2708333333333333
B1_17,error,84,0.0,0.03278688524590164,0.03278688524590164,0.2857142857142857,0.5,0.3333333333333333
B1_21,correct,2924,0.017015706806282723,0.03194444444444444,0.014928737638161719,0.2701778385772914,0.47560975609756095,0.28048780487804875
B1_21,error,84,0.0,0.016666666666666666,0.016666666666666666,0.2857142857142857,0.0,0.3333333333333333
B1_25,correct,2928,0.02204928664072633,0.027816411682892908,0.005767125042166577,0.26400273224043713,0.24675324675324675,0.2597402597402597
B1_25,error,80,0.0,0.01694915254237288,0.01694915254237288,0.275,1.0,0.3333333333333333
B1_29,correct,2928,0.02204928664072633,0.027816411682892908,0.005767125042166577,0.26400273224043713,0.24675324675324675,0.2597402597402597
B1_29,error,80,0.0,0.01694915254237288,0.01694915254237288,0.275,1.0,0.3333333333333333
B1_33,correct,2927,0.02204928664072633,0.027829313543599257,0.005780026902872926,0.2640929279125384,0.24675324675324675,0.2597402597402597
B1_33,error,81,0.0,0.03333333333333333,0.03333333333333333,0.2839506172839506,1.0,0.3333333333333333
B2_02,correct,2930,0.01950585175552666,0.027764923646459973,0.008259071890933313,0.2645051194539249,0.28,0.2666666666666666
B2_02,error,78,0.0,0.017543859649122806,0.017543859649122806,0.28205128205128205,1.0,0.3333333333333333
B2_03,correct,2931,0.01950585175552666,0.0272895467160037,0.007783694960477039,0.2644148754691232,0.28378378378378377,0.2657657657657657
B2_03,error,77,0.0,0.017857142857142856,0.017857142857142856,0.2857142857142857,1.0,0.3333333333333333
B2_04,correct,2932,0.01950585175552666,0.026814609338881183,0.0073087575833545235,0.26432469304229195,0.2876712328767123,0.2648401826484018
B2_04,error,76,0.0,0.01818181818181818,0.01818181818181818,0.2894736842105263,1.0,0.3333333333333333
B2_06,correct,2925,0.018300653594771243,0.03009259259259259,0.011791938997821348,0.26666666666666666,0.3670886075949367,0.27426160337552735
B2_06,error,83,0.0,0.03225806451612903,0.03225806451612903,0.26506024096385544,0.5,0.3333333333333333
B2_07,correct,2930,0.018276762402088774,0.02911275415896488,0.010835991756876107,0.2665529010238908,0.37662337662337664,0.2727272727272727
B2_07,error,78,0.0,0.0,0.0,0.2692307692307692,,
B2_08,correct,2927,0.022193211488250653,0.029153169828782972,0.00695995834053232,0.2658011615989067,0.3625,0.2625
B2_08,error,81,0.0,0.0,0.0,0.2839506172839506,,
B2_10,correct,2919,0.01832460732984293,0.03341067285382831,0.015086065523985379,0.27029804727646456,0.45348837209302323,0.2790697674418604
B2_10,error,89,0.0,0.030303030303030304,0.030303030303030304,0.2696629213483146,0.5,0.3333333333333333
B2_11,correct,2917,0.0196078431372549,0.03392193308550186,0.014314089948246955,0.271169009256085,0.4659090909090909,0.27651515151515155
B2_11,error,91,0.0,0.030303030303030304,0.030303030303030304,0.2857142857142857,0.5,0.3333333333333333
B2_12,correct,2906,0.019762845849802372,0.03865859338612017,0.018895747536317797,0.27426015141087406,0.5408163265306123,0.28231292517006806
B2_12,error,102,0.0,0.05333333333333334,0.05333333333333334,0.30392156862745096,1.0,0.3333333333333333
B2_14,correct,2930,0.01950585175552666,0.027764923646459973,0.008259071890933313,0.2645051194539249,0.28,0.2666666666666666
B2_14,error,78,0.0,0.017543859649122806,0.017543859649122806,0.28205128205128205,1.0,0.3333333333333333
B2_15,correct,2931,0.01950585175552666,0.0272895467160037,0.007783694960477039,0.2644148754691232,0.28378378378378377,0.2657657657657657
B2_15,error,77,0.0,0.017857142857142856,0.017857142857142856,0.2857142857142857,1.0,0.3333333333333333
B2_16,correct,2931,0.01950585175552666,0.0272895467160037,0.007783694960477039,0.2644148754691232,0.28378378378378377,0.2657657657657657
B2_16,error,77,0.0,0.017857142857142856,0.017857142857142856,0.2857142857142857,1.0,0.3333333333333333
B2_18,correct,2924,0.018300653594771243,0.030569708198239925,0.012269054603468683,0.2670998632010944,0.375,0.275
B2_18,error,84,0.0,0.03225806451612903,0.03225806451612903,0.27380952380952384,0.5,0.3333333333333333
B2_19,correct,2929,0.018252933507170794,0.02960222016651249,0.011349286659341696,0.2669853192215773,0.3717948717948718,0.2735042735042734
B2_19,error,79,0.0,0.0,0.0,0.27848101265822783,,
B2_20,correct,2930,0.02216427640156454,0.027739251040221916,0.005574974638657377,0.2658703071672355,0.37662337662337664,0.2597402597402597
B2_20,error,78,0.0,0.0,0.0,0.3076923076923077,,
B2_22,correct,2920,0.01832460732984293,0.03339517625231911,0.015070568922476178,0.2702054794520548,0.45348837209302323,0.2790697674418604
B2_22,error,88,0.0,0.015384615384615385,0.015384615384615385,0.26136363636363635,0.0,0.3333333333333333
B2_23,correct,2922,0.0195822454308094,0.03200371057513915,0.012421465144329749,0.270362765229295,0.4642857142857143,0.27380952380952384
B2_23,error,86,0.0,0.01639344262295082,0.01639344262295082,0.29069767441860467,0.0,0.3333333333333333
B2_24,correct,2919,0.020969855832241154,0.03385899814471243,0.012889142312471277,0.27201096265844465,0.5280898876404494,0.27340823970037453
B2_24,error,89,0.0,0.0,0.0,0.2808988764044944,,
B2_26,correct,2928,0.02204928664072633,0.027816411682892908,0.005767125042166577,0.26400273224043713,0.24675324675324675,0.2597402597402597
B2_26,error,80,0.0,0.01694915254237288,0.01694915254237288,0.275,1.0,0.3333333333333333
B2_27,correct,2927,0.02204928664072633,0.02829313543599258,0.0062438487952662484,0.2640929279125384,0.24358974358974358,0.26068376068376065
B2_27,error,81,0.0,0.016666666666666666,0.016666666666666666,0.2716049382716049,1.0,0.3333333333333333
B2_28,correct,2927,0.02204928664072633,0.02829313543599258,0.0062438487952662484,0.2640929279125384,0.24358974358974358,0.26068376068376065
B2_28,error,81,0.0,0.016666666666666666,0.016666666666666666,0.2716049382716049,1.0,0.3333333333333333
B2_30,correct,2927,0.02204928664072633,0.02829313543599258,0.0062438487952662484,0.2640929279125384,0.24358974358974358,0.26068376068376065
B2_30,error,81,0.0,0.016666666666666666,0.016666666666666666,0.2716049382716049,1.0,0.3333333333333333
B2_31,correct,2927,0.02204928664072633,0.02829313543599258,0.0062438487952662484,0.2640929279125384,0.24358974358974358,0.26068376068376065
B2_31,error,81,0.0,0.016666666666666666,0.016666666666666666,0.2716049382716049,1.0,0.3333333333333333
B2_32,correct,2926,0.02207792207792208,0.0287569573283859,0.006679035250463823,0.26452494873547505,0.26582278481012656,0.2616033755274261
B2_32,error,82,0.0,0.016666666666666666,0.016666666666666666,0.2804878048780488,1.0,0.3333333333333333
B2_34,correct,2926,0.02204928664072633,0.028306264501160094,0.006256977860433763,0.2641831852358168,0.24358974358974358,0.26068376068376065
B2_34,error,82,0.0,0.03278688524590164,0.03278688524590164,0.2804878048780488,1.0,0.3333333333333333
B2_35,correct,2926,0.02207792207792208,0.02829313543599258,0.006215213358070501,0.2641831852358168,0.2564102564102564,0.26068376068376065
B2_35,error,82,0.0,0.03278688524590164,0.03278688524590164,0.2804878048780488,1.0,0.3333333333333333
B2_36,correct,2923,0.022135416666666668,0.02923433874709977,0.007098922080433102,0.2641122134793021,0.2625,0.2625
B2_36,error,85,0.0,0.047619047619047616,0.047619047619047616,0.29411764705882354,1.0,0.3333333333333333
