path,top_folder,category,trust_level,title,size_bytes,duplicate_suffix_copy
age_groups/analysis_summary.md,age_groups,unclassified_reference,needs_reader_caution,Age-Group Post-Stage2 Analysis,2025,no
age_groups_full_matched_compare/analysis_summary.md,age_groups_full_matched_compare,unclassified_reference,needs_reader_caution,Full Matched Age-Group Analysis,2132,no
age_groups_interim/current_stage_conclusion_memo.md,age_groups_interim,legacy_or_historical_reference,legacy_reference_only,Current-stage conclusion memo,2388,no
age_groups_interim/interim_vs_final_summary.md,age_groups_interim,legacy_or_historical_reference,legacy_reference_only,,927,no
age_groups_interim/three_way_comparison_memo.md,age_groups_interim,legacy_or_historical_reference,legacy_reference_only,Three-way comparison memo,4294,no
age_groups_response_supervision_frozen/frozen_current_best_memo.md,age_groups_response_supervision_frozen,legacy_or_historical_reference,legacy_reference_only,Frozen current-best response-supervision memo,1679,no
age_groups_response_supervision_interim/response_supervision_interim_memo.md,age_groups_response_supervision_interim,legacy_or_historical_reference,legacy_reference_only,Response-supervision interim memo,1117,no
analysis_results.md,.,unclassified_reference,needs_reader_caution,Human Data Analysis Report,4434,no
diagnostics/ar1_evidence_noise_ablation_proposal.md,diagnostics,exploratory_or_side_diagnostic,diagnostic_context,AR(1) Evidence Noise Ablation Proposal,2474,no
diagnostics/ar1_layerwise_gate_noise_ablation/ar1_noise_ablation_memo.md,diagnostics,exploratory_or_side_diagnostic,diagnostic_context,AR(1) Layer-wise Gate Noise Ablation,1284,no
diagnostics/ar1_pause_and_reactivation_plan.md,diagnostics,exploratory_or_side_diagnostic,diagnostic_context,AR(1) Pause and Reactivation Plan,1257,no
diagnostics/cleanup_logs/diagnostics_root_cleanup_log.md,diagnostics,exploratory_or_side_diagnostic,diagnostic_context,Diagnostics Root Cleanup Log,3677,no
diagnostics/current_dmc_noise_modeling_summary.md,diagnostics,exploratory_or_side_diagnostic,diagnostic_context,Current DMC and Noise Modeling Summary,8092,no
diagnostics/dmc_noise_integrated_model_report.md,diagnostics,exploratory_or_side_diagnostic,diagnostic_context,DMC Noise Integrated Model Report,8857,no
diagnostics/dmc_replacement_and_noise_next_steps_report.md,diagnostics,exploratory_or_side_diagnostic,diagnostic_context,DMC Replacement and Evidence Noise Next-Step Report,6654,no
diagnostics/hidden_feature_flanker_probe/hidden_feature_flanker_probe.md,diagnostics,exploratory_or_side_diagnostic,diagnostic_context,Hidden Feature Flanker Probe,2473,no
diagnostics/hidden_feature_flanker_probe_full/hidden_feature_flanker_probe_full.md,diagnostics,exploratory_or_side_diagnostic,diagnostic_context,Hidden Feature Flanker Probe Full,2818,no
diagnostics/layer_time_gate_trajectory/trajectory_memo.md,diagnostics,exploratory_or_side_diagnostic,diagnostic_context,Layer-time Gate Trajectory,258,no
diagnostics/layer_time_gate_ww/layer_time_gate_memo.md,diagnostics,exploratory_or_side_diagnostic,diagnostic_context,Fixed Layer-time Gate to Wong-Wang,2140,no
diagnostics/layerwise_dmc_noise_readout_relation_memo.md,diagnostics,exploratory_or_side_diagnostic,diagnostic_context,"Layer-wise DMC Replacement, AR(1) Noise, and Stochastic Stopping",869,no
diagnostics/layerwise_dmc_positive_control_comparison/dmc_vs_layerwise_memo.md,diagnostics,exploratory_or_side_diagnostic,diagnostic_context,Layer-wise Gate vs DMC Positive Control,2223,no
diagnostics/layerwise_dmc_replacement_report.md,diagnostics,exploratory_or_side_diagnostic,diagnostic_context,Layer-wise DMC Replacement Report,4468,no
diagnostics/layerwise_evidence_cache/layerwise_evidence_cache_memo.md,diagnostics,exploratory_or_side_diagnostic,diagnostic_context,Layer-wise Evidence Cache,1214,no
diagnostics/layerwise_evidence_ww_single_layer/single_layer_ww_memo.md,diagnostics,exploratory_or_side_diagnostic,diagnostic_context,Single-layer Evidence to Wong-Wang,1259,no
diagnostics/layerwise_feature_probe/layerwise_probe_memo.md,diagnostics,exploratory_or_side_diagnostic,diagnostic_context,Layer-wise Feature Probe,4125,no
diagnostics/layerwise_gate_parameter_scan/parameter_scan_memo.md,diagnostics,exploratory_or_side_diagnostic,diagnostic_context,Layer-wise Gate Parameter Scan,1479,no
diagnostics/layerwise_gate_refined_scan/refined_scan_memo.md,diagnostics,exploratory_or_side_diagnostic,diagnostic_context,Refined Layer-wise Gate Parameter Scan,2083,no
diagnostics/layerwise_gate_refined_trajectory_validation/refined_trajectory_memo.md,diagnostics,exploratory_or_side_diagnostic,diagnostic_context,Refined Layer-wise Gate Trajectory Validation,1691,no
diagnostics/layerwise_gate_trajectory_validation/trajectory_validation_memo.md,diagnostics,exploratory_or_side_diagnostic,diagnostic_context,Layer-wise Gate Trajectory Validation,1128,no
diagnostics/layerwise_logits_evidence_audit_summary.md,diagnostics,exploratory_or_side_diagnostic,diagnostic_context,Layer-wise Logits / Evidence Audit,11676,no
diagnostics/layerwise_remaining_diagnostics/remaining_diagnostics_memo.md,diagnostics,exploratory_or_side_diagnostic,diagnostic_context,Remaining Layer-wise DMC Diagnostics,1189,no
diagnostics/layerwise_representation_geometry/layerwise_geometry_memo.md,diagnostics,exploratory_or_side_diagnostic,diagnostic_context,Layer-wise Representation Geometry,1574,no
diagnostics/natural_layer_to_time_var_ww/age_group_restricted_fitting/age_group_restricted_fitting_summary.md,diagnostics,exploratory_or_side_diagnostic,diagnostic_context,Age-group Restricted Parameter Fitting Summary,3308,no
diagnostics/natural_layer_to_time_var_ww/caf_rt_followup/caf_rt_followup_summary.md,diagnostics,exploratory_or_side_diagnostic,diagnostic_context,CAF and RT Distribution Follow-up for Natural Layer-to-Time WW,6688,no
diagnostics/natural_layer_to_time_var_ww/cleanup_full_extraction/deletion_manifest.md,diagnostics,exploratory_or_side_diagnostic,diagnostic_context,Full Extraction Cleanup Deletion Manifest,971,no
diagnostics/natural_layer_to_time_var_ww/cleanup_full_extraction/full_extraction_cleanup_summary.md,diagnostics,exploratory_or_side_diagnostic,diagnostic_context,Full Extraction Cleanup Summary,1171,no
diagnostics/natural_layer_to_time_var_ww/data_audit_t0_corrected_validation/data_source_audit_summary.md,diagnostics,exploratory_or_side_diagnostic,diagnostic_context,Data Source Audit Summary,983,no
diagnostics/natural_layer_to_time_var_ww/data_audit_t0_corrected_validation/t0_corrected_validation_summary.md,diagnostics,exploratory_or_side_diagnostic,diagnostic_context,T0-corrected Validation and Data Audit Summary,4135,no
diagnostics/natural_layer_to_time_var_ww/full_age_group_vgg_evidence_cache_dryrun_20_29_80_89/extraction_unit_decision.md,diagnostics,exploratory_or_side_diagnostic,diagnostic_context,Extraction Unit Decision,1495,no
diagnostics/natural_layer_to_time_var_ww/full_age_group_vgg_evidence_cache_dryrun_20_29_80_89/full_age_group_cache_build_summary.md,diagnostics,exploratory_or_side_diagnostic,diagnostic_context,Full Age-group VGG / Layerwise Evidence Cache Build Summary,2574,no
diagnostics/natural_layer_to_time_var_ww/full_age_group_vgg_evidence_cache_dryrun_20_29_80_89/full_age_group_evidence_audit_summary.md,diagnostics,exploratory_or_side_diagnostic,diagnostic_context,Full Age-group Evidence Audit Summary,1903,no
diagnostics/natural_layer_to_time_var_ww/full_age_group_vgg_evidence_cache_dryrun_20_29_80_89/full_age_group_evidence_coverage_summary.md,diagnostics,exploratory_or_side_diagnostic,diagnostic_context,Full Age-group Evidence Coverage Summary,266,no
diagnostics/natural_layer_to_time_var_ww/full_age_group_vgg_evidence_cache_dryrun_20_29_80_89/full_extraction_benchmark_summary.md,diagnostics,exploratory_or_side_diagnostic,diagnostic_context,Full Extraction Benchmark Summary,293,no
diagnostics/natural_layer_to_time_var_ww/full_age_group_vgg_evidence_cache_dryrun_20_29_80_89/full_run_readiness_summary.md,diagnostics,exploratory_or_side_diagnostic,diagnostic_context,Full-run Readiness Summary,1214,no
diagnostics/natural_layer_to_time_var_ww/full_age_group_vgg_evidence_cache_dryrun_20_29_80_89/resume_integrity_summary.md,diagnostics,exploratory_or_side_diagnostic,diagnostic_context,Resume Integrity Summary,56,no
diagnostics/natural_layer_to_time_var_ww/natural_layer_to_time_var_ww_summary.md,diagnostics,exploratory_or_side_diagnostic,diagnostic_context,Natural Layer-to-Time Variational Wong-Wang Diagnostic,6143,no
diagnostics/natural_layer_to_time_var_ww/publication_figures/main_rt_acc_mechanism_figure_caption.md,diagnostics,exploratory_or_side_diagnostic,diagnostic_context,Figure 1,971,no
diagnostics/natural_layer_to_time_var_ww/publication_figures/main_rt_acc_mechanism_figure_style_notes.md,diagnostics,exploratory_or_side_diagnostic,diagnostic_context,Main Figure Style Notes,487,no
diagnostics/natural_layer_to_time_var_ww/readout_rt_pattern_next_step_summary.md,diagnostics,exploratory_or_side_diagnostic,diagnostic_context,Readout Timing and RT Pattern Audit for Natural Layer-to-Time WW,6258,no
diagnostics/natural_layer_to_time_var_ww/report_ready_validation/report_ready_validation_summary.md,diagnostics,exploratory_or_side_diagnostic,diagnostic_context,Report-ready Candidate Validation Summary,2654,no
diagnostics/natural_layer_to_time_var_ww/rt_pareto_refinement/rt_pareto_refinement_summary.md,diagnostics,exploratory_or_side_diagnostic,diagnostic_context,RT Pareto Refinement for Natural Layer-to-Time Wong-Wang Model,5764,no
diagnostics/natural_layer_to_time_var_ww/rt_shape_optimization/rt_shape_optimization_summary.md,diagnostics,exploratory_or_side_diagnostic,diagnostic_context,RT Shape Optimization for Natural Layer-to-Time Wong-Wang Model,4612,no
diagnostics/natural_layer_to_time_var_ww/single_subject_extreme_age_diagnostic/summaries/single_subject_evidence_summary.md,diagnostics,exploratory_or_side_diagnostic,diagnostic_context,Single-subject Evidence Summary,208,no
diagnostics/natural_layer_to_time_var_ww/single_subject_extreme_age_diagnostic/summaries/subject_selection_summary.md,diagnostics,exploratory_or_side_diagnostic,diagnostic_context,Subject Selection Summary,386,no
diagnostics/no_dmc_logit_evidence/no_dmc_logit_evidence_audit.md,diagnostics,exploratory_or_side_diagnostic,diagnostic_context,No-DMC VGG Logit Evidence Audit,1736,no
diagnostics/refined_layerwise_dmc_next_step_report.md,diagnostics,exploratory_or_side_diagnostic,diagnostic_context,Refined Layer-wise DMC Next-step Report,4182,no
diagnostics/refined_layerwise_vs_dmc_same_subset/refined_vs_dmc_memo.md,diagnostics,exploratory_or_side_diagnostic,diagnostic_context,Refined Layer-wise vs Hand-crafted DMC Same-subset Comparison,1582,no
diagnostics/rt_t0_lock_memo.md,diagnostics,exploratory_or_side_diagnostic,diagnostic_context,RT T0 Lock Memo,5109,no
diagnostics/rt_t0_scale/rt_t0_scale_diagnostic.md,diagnostics,exploratory_or_side_diagnostic,diagnostic_context,RT T0 / Scale Diagnostic,1652,no
diagnostics/same_subset_layerwise_vs_dmc/same_subset_comparison_memo.md,diagnostics,exploratory_or_side_diagnostic,diagnostic_context,Same-subset Layer-wise vs DMC Comparison,1830,no
diagnostics/stage1_auxiliary_loss_implementation_plan.md,diagnostics,exploratory_or_side_diagnostic,diagnostic_context,Stage-1 Target/Flanker Auxiliary Loss Implementation Plan,3653,no
diagnostics/stage1_auxiliary_loss_proposal.md,diagnostics,exploratory_or_side_diagnostic,diagnostic_context,Stage-1 Flanker Auxiliary Loss Proposal,6908,no
diagnostics/stochastic_stopping_layerwise_gate/stochastic_stopping_memo.md,diagnostics,exploratory_or_side_diagnostic,diagnostic_context,Stochastic Stopping Layer-wise Gate,972,no
diagnostics/stochastic_stopping_pause_and_reactivation_plan.md,diagnostics,exploratory_or_side_diagnostic,diagnostic_context,Stochastic Stopping Pause and Reactivation Plan,1271,no
diagnostics/ww_phase_gated_stay_switch_attention_20260611_125001/README.md,diagnostics,exploratory_or_side_diagnostic,diagnostic_context,WW phase-gated stay/switch attention controller,581,no
diagnostics/ww_phase_gated_stay_switch_attention_20260611_125001/baseline_recap.md,diagnostics,exploratory_or_side_diagnostic,diagnostic_context,Baseline recap,283,no
diagnostics/ww_phase_gated_stay_switch_attention_20260611_125001/implementation_feasibility_check.md,diagnostics,exploratory_or_side_diagnostic,diagnostic_context,Implementation feasibility check,1634,no
diagnostics/ww_phase_gated_stay_switch_attention_20260611_125001/phase_gated_attention_controller_method_summary.md,diagnostics,exploratory_or_side_diagnostic,diagnostic_context,Method summary,519,no
diagnostics/ww_phase_gated_stay_switch_attention_20260611_125001/summaries/final_summary.md,diagnostics,exploratory_or_side_diagnostic,diagnostic_context,Final summary,583,no
diagnostics/ww_phase_gated_stay_switch_attention_20260611_125231/README.md,diagnostics,exploratory_or_side_diagnostic,diagnostic_context,WW phase-gated stay/switch attention controller,581,no
diagnostics/ww_phase_gated_stay_switch_attention_20260611_125231/baseline_recap.md,diagnostics,exploratory_or_side_diagnostic,diagnostic_context,Baseline recap,283,no
diagnostics/ww_phase_gated_stay_switch_attention_20260611_125231/implementation_feasibility_check.md,diagnostics,exploratory_or_side_diagnostic,diagnostic_context,Implementation feasibility check,1634,no
diagnostics/ww_phase_gated_stay_switch_attention_20260611_125231/phase_gated_attention_controller_method_summary.md,diagnostics,exploratory_or_side_diagnostic,diagnostic_context,Method summary,519,no
diagnostics/ww_phase_gated_stay_switch_attention_20260611_125231/summaries/final_summary.md,diagnostics,exploratory_or_side_diagnostic,diagnostic_context,Final summary,583,no
diagnostics/ww_phase_gated_stay_switch_attention_20260611_125705/README.md,diagnostics,exploratory_or_side_diagnostic,diagnostic_context,WW phase-gated stay/switch attention controller,581,no
diagnostics/ww_phase_gated_stay_switch_attention_20260611_125705/baseline_recap.md,diagnostics,exploratory_or_side_diagnostic,diagnostic_context,Baseline recap,283,no
diagnostics/ww_phase_gated_stay_switch_attention_20260611_125705/implementation_feasibility_check.md,diagnostics,exploratory_or_side_diagnostic,diagnostic_context,Implementation feasibility check,1634,no
diagnostics/ww_phase_gated_stay_switch_attention_20260611_125705/phase_gated_attention_controller_method_summary.md,diagnostics,exploratory_or_side_diagnostic,diagnostic_context,Method summary,519,no
diagnostics/ww_phase_gated_stay_switch_attention_20260611_125705/summaries/final_chinese_summary.md,diagnostics,exploratory_or_side_diagnostic,diagnostic_context,中文总结,2507,no
diagnostics/ww_phase_gated_stay_switch_attention_20260611_125705/summaries/final_summary.md,diagnostics,exploratory_or_side_diagnostic,diagnostic_context,Final summary,583,no
diagnostics/ww_phase_gated_stay_switch_attention_20260614_ww_phase_gated_refresh/README.md,diagnostics,exploratory_or_side_diagnostic,diagnostic_context,WW phase-gated stay/switch attention controller,581,no
diagnostics/ww_phase_gated_stay_switch_attention_20260614_ww_phase_gated_refresh/baseline_recap.md,diagnostics,exploratory_or_side_diagnostic,diagnostic_context,Baseline recap,283,no
diagnostics/ww_phase_gated_stay_switch_attention_20260614_ww_phase_gated_refresh/implementation_feasibility_check.md,diagnostics,exploratory_or_side_diagnostic,diagnostic_context,Implementation feasibility check,1634,no
diagnostics/ww_phase_gated_stay_switch_attention_20260614_ww_phase_gated_refresh/phase_gated_attention_controller_method_summary.md,diagnostics,exploratory_or_side_diagnostic,diagnostic_context,Method summary,519,no
diagnostics/ww_phase_gated_stay_switch_attention_20260614_ww_phase_gated_refresh/summaries/final_chinese_summary.md,diagnostics,exploratory_or_side_diagnostic,diagnostic_context,中文总结,2507,no
diagnostics/ww_phase_gated_stay_switch_attention_20260614_ww_phase_gated_refresh/summaries/final_summary.md,diagnostics,exploratory_or_side_diagnostic,diagnostic_context,Final summary,583,no
diagnostics/ww_phase_gated_stay_switch_attention_test_stage1/README.md,diagnostics,exploratory_or_side_diagnostic,diagnostic_context,WW phase-gated stay/switch attention controller,579,no
diagnostics/ww_phase_gated_stay_switch_attention_test_stage1/baseline_recap.md,diagnostics,exploratory_or_side_diagnostic,diagnostic_context,Baseline recap,283,no
diagnostics/ww_phase_gated_stay_switch_attention_test_stage1/implementation_feasibility_check.md,diagnostics,exploratory_or_side_diagnostic,diagnostic_context,Implementation feasibility check,1634,no
diagnostics/ww_phase_gated_stay_switch_attention_test_stage1/phase_gated_attention_controller_method_summary.md,diagnostics,exploratory_or_side_diagnostic,diagnostic_context,Method summary,519,no
diagnostics/ww_phase_gated_stay_switch_attention_test_stage1/summaries/final_summary.md,diagnostics,exploratory_or_side_diagnostic,diagnostic_context,Final summary,583,no
diagnostics/ww_response_level_bernoulli_lapse_20260609_192744/README.md,diagnostics,exploratory_or_side_diagnostic,diagnostic_context,WW response-level Bernoulli premature-lapse analysis,1384,no
diagnostics/ww_response_level_bernoulli_lapse_20260609_192744/baseline_diagnostics.md,diagnostics,exploratory_or_side_diagnostic,diagnostic_context,No-lapse baseline diagnostics,587,no
diagnostics/ww_response_level_bernoulli_lapse_20260609_192744/model_comparison_summary.md,diagnostics,exploratory_or_side_diagnostic,diagnostic_context,Model comparison summary,1927,no
diagnostics/ww_response_level_bernoulli_lapse_20260609_192744/response_lapse_method_summary.md,diagnostics,exploratory_or_side_diagnostic,diagnostic_context,Response-level Bernoulli premature-lapse model,834,no
diagnostics/ww_response_level_bernoulli_lapse_20260609_193314/README.md,diagnostics,exploratory_or_side_diagnostic,diagnostic_context,WW response-level Bernoulli premature-lapse analysis,1384,no
diagnostics/ww_response_level_bernoulli_lapse_20260609_193314/baseline_diagnostics.md,diagnostics,exploratory_or_side_diagnostic,diagnostic_context,No-lapse baseline diagnostics,587,no
diagnostics/ww_response_level_bernoulli_lapse_20260609_193314/model_comparison_summary.md,diagnostics,exploratory_or_side_diagnostic,diagnostic_context,Model comparison summary,1925,no
diagnostics/ww_response_level_bernoulli_lapse_20260609_193314/response_lapse_method_summary.md,diagnostics,exploratory_or_side_diagnostic,diagnostic_context,Response-level Bernoulli premature-lapse model,834,no
diagnostics/ww_response_level_bernoulli_lapse_20260609_193738/README.md,diagnostics,exploratory_or_side_diagnostic,diagnostic_context,WW response-level Bernoulli premature-lapse analysis,1384,no
diagnostics/ww_response_level_bernoulli_lapse_20260609_193738/baseline_diagnostics.md,diagnostics,exploratory_or_side_diagnostic,diagnostic_context,No-lapse baseline diagnostics,901,no
diagnostics/ww_response_level_bernoulli_lapse_20260609_193738/model_comparison_summary.md,diagnostics,exploratory_or_side_diagnostic,diagnostic_context,Model comparison summary,2206,no
diagnostics/ww_response_level_bernoulli_lapse_20260609_193738/response_lapse_method_summary.md,diagnostics,exploratory_or_side_diagnostic,diagnostic_context,Response-level Bernoulli premature-lapse model,834,no
diagnostics/ww_response_level_rhythmic_lapse_20260609_231104/README.md,diagnostics,exploratory_or_side_diagnostic,diagnostic_context,WW response-level rhythmic Bernoulli lapse analysis,1027,no
diagnostics/ww_response_level_rhythmic_lapse_20260609_231104/baseline_and_fixed_hazard_recap.md,diagnostics,exploratory_or_side_diagnostic,diagnostic_context,Baseline and fixed-hazard recap,617,no
diagnostics/ww_response_level_rhythmic_lapse_20260609_231104/model_comparison_summary.md,diagnostics,exploratory_or_side_diagnostic,diagnostic_context,Model comparison summary,713,no
diagnostics/ww_response_level_rhythmic_lapse_20260609_231104/rhythmic_lapse_method_summary.md,diagnostics,exploratory_or_side_diagnostic,diagnostic_context,Rhythmic response-level lapse method,812,no
diagnostics/ww_response_level_rhythmic_lapse_minimal_pilot_20260610_093048/pilot_summary.md,diagnostics,exploratory_or_side_diagnostic,diagnostic_context,Minimal rhythmic lapse pilot summary,1794,no
diagnostics/ww_response_level_rhythmic_lapse_sanity_20260610_091354/README.md,diagnostics,exploratory_or_side_diagnostic,diagnostic_context,Rhythmic lapse sanity check,338,no
flanker_suppression_full_ww_validation/summaries/00_overall_summary.md,flanker_suppression_full_ww_validation,exploratory_or_side_diagnostic,diagnostic_context,Overall Summary,1016,no
flanker_suppression_full_ww_validation/summaries/01_fullWW_flanker_suppression_validation.md,flanker_suppression_full_ww_validation,exploratory_or_side_diagnostic,diagnostic_context,Full WW Flanker Suppression Validation,696,no
flanker_suppression_full_ww_validation/summaries/02_fullWW_mechanism_diagnostic.md,flanker_suppression_full_ww_validation,exploratory_or_side_diagnostic,diagnostic_context,Full WW Mechanism Diagnostic,364,no
flanker_suppression_full_ww_validation/summaries/03_flanker_suppression_plus_mild_readout.md,flanker_suppression_full_ww_validation,exploratory_or_side_diagnostic,diagnostic_context,Flanker Suppression Plus Mild Readout,268,no
flanker_suppression_full_ww_validation/summaries/04_fullWW_age_restricted_summary.md,flanker_suppression_full_ww_validation,exploratory_or_side_diagnostic,diagnostic_context,Full WW Age-Restricted Summary,234,no
flanker_suppression_full_ww_validation/summaries/05_best_model_interpretation.md,flanker_suppression_full_ww_validation,exploratory_or_side_diagnostic,diagnostic_context,Best Model Interpretation,537,no
flanker_suppression_full_ww_validation/summaries/06_failed_models_diagnostic.md,flanker_suppression_full_ww_validation,exploratory_or_side_diagnostic,diagnostic_context,Failed Models Diagnostic,133,no
model_aligned_20_29/aligned_20_29_model_summary.md,model_aligned_20_29,unclassified_reference,needs_reader_caution,Aligned 20-29 matched model summary,331,no
natural_layer_to_time_var_ww/representative_extreme_age_subset_5000/best_model_R5_combined_best/README_best_model_R5_combined_best.md,natural_layer_to_time_var_ww,current_spine,authoritative_current,README: best_model_R5_combined_best,4100,no
natural_layer_to_time_var_ww/representative_extreme_age_subset_5000/best_model_R5_combined_best/figures_publication/faithful_ww_best_backbone_human_vs_model_caption.md,natural_layer_to_time_var_ww,current_spine,authoritative_current,,563,no
natural_layer_to_time_var_ww/representative_extreme_age_subset_5000/best_model_R5_combined_best/figures_publication/figure_style_notes.md,natural_layer_to_time_var_ww,current_spine,authoritative_current,Figure Style Notes,439,no
natural_layer_to_time_var_ww/representative_extreme_age_subset_5000/best_model_R5_combined_best/figures_publication/representative_extreme_age_diagnostic_caption.md,natural_layer_to_time_var_ww,current_spine,authoritative_current,,321,no
natural_layer_to_time_var_ww/representative_extreme_age_subset_5000/best_model_R5_combined_best/model_selection_evidence/representative_extreme_age_diagnostic_summary.md,natural_layer_to_time_var_ww,current_spine,authoritative_current,Representative Extreme-age Subset Diagnostic Summary,4961,no
natural_layer_to_time_var_ww/representative_extreme_age_subset_5000/best_model_R5_combined_best/model_selection_evidence/representative_fitting_summary.md,natural_layer_to_time_var_ww,current_spine,authoritative_current,Representative Fitting Summary,564,no
natural_layer_to_time_var_ww/representative_extreme_age_subset_5000/best_model_R5_combined_best/summaries/current_model_training_architecture_testing_summary.md,natural_layer_to_time_var_ww,current_spine,authoritative_current,当前模型流程总结：从训练数据到结果结论,9980,no
natural_layer_to_time_var_ww/representative_extreme_age_subset_5000/best_model_R5_combined_best/summaries/representative_extreme_age_diagnostic_summary.md,natural_layer_to_time_var_ww,current_spine,authoritative_current,Representative Extreme-age Subset Diagnostic Summary,4961,no
natural_layer_to_time_var_ww/representative_extreme_age_subset_5000/best_model_R5_combined_best/summaries/representative_fitting_summary.md,natural_layer_to_time_var_ww,current_spine,authoritative_current,Representative Fitting Summary,564,no
natural_layer_to_time_var_ww/representative_extreme_age_subset_5000/cleanup_logs/current_5000_trial_selection_log.md,natural_layer_to_time_var_ww,current_supporting,current_context,Current 5000-trial Selection Log,4130,no
natural_layer_to_time_var_ww/representative_extreme_age_subset_5000/cleanup_logs/model_selection_and_cleanup_log.md,natural_layer_to_time_var_ww,current_supporting,current_context,Model Selection and Cleanup Log,5651,no
natural_layer_to_time_var_ww/representative_extreme_age_subset_5000/cleanup_logs/outdated_files_relative_to_latest_best_model.md,natural_layer_to_time_var_ww,current_supporting,current_context,Outdated Files Relative to Latest Best Model,35188,no
natural_layer_to_time_var_ww/representative_extreme_age_subset_5000/cleanup_logs/post_cleanup_integrity_check.md,natural_layer_to_time_var_ww,current_supporting,current_context,Post-cleanup Integrity Check,3087,no
natural_layer_to_time_var_ww/representative_extreme_age_subset_5000/congruent_ww_dynamics_diagnostic/summaries/congruent_ww_dynamics_diagnostic_summary.md,natural_layer_to_time_var_ww,current_supporting,current_context,Congruent WW Dynamics Diagnostic Summary,2975,no
natural_layer_to_time_var_ww/representative_extreme_age_subset_5000/current_best_model_one_round_optimization/figures_publication_matched_best_model/current_best_extreme_age_diagnostic_caption.md,natural_layer_to_time_var_ww,current_supporting,current_context,,334,no
natural_layer_to_time_var_ww/representative_extreme_age_subset_5000/current_best_model_one_round_optimization/figures_publication_matched_best_model/current_best_figure_style_notes.md,natural_layer_to_time_var_ww,current_supporting,current_context,Current-best Figure Style Notes,417,no
natural_layer_to_time_var_ww/representative_extreme_age_subset_5000/current_best_model_one_round_optimization/figures_publication_matched_best_model/current_best_model_pros_cons_summary.md,natural_layer_to_time_var_ww,current_supporting,current_context,Current-best 模型优缺点说明,1616,no
natural_layer_to_time_var_ww/representative_extreme_age_subset_5000/current_best_model_one_round_optimization/selected_model/current_best_model_readme.md,natural_layer_to_time_var_ww,current_supporting,current_context,Current-best model package,2495,no
natural_layer_to_time_var_ww/representative_extreme_age_subset_5000/current_best_model_one_round_optimization/summaries/current_best_advisor_report_text.md,natural_layer_to_time_var_ww,current_supporting,current_context,Current-best advisor report text,4204,no
natural_layer_to_time_var_ww/representative_extreme_age_subset_5000/current_best_model_one_round_optimization/summaries/current_best_baseline_comparison_table.md,natural_layer_to_time_var_ww,current_supporting,current_context,,6517,no
natural_layer_to_time_var_ww/representative_extreme_age_subset_5000/current_best_model_one_round_optimization/summaries/current_best_figure_index.md,natural_layer_to_time_var_ww,current_supporting,current_context,Current-best figure index,7388,no
natural_layer_to_time_var_ww/representative_extreme_age_subset_5000/current_best_model_one_round_optimization/summaries/current_best_human_signature_checklist.md,natural_layer_to_time_var_ww,current_supporting,current_context,Current-best human-signature checklist,5564,no
natural_layer_to_time_var_ww/representative_extreme_age_subset_5000/current_best_model_one_round_optimization/summaries/current_best_input_inventory.md,natural_layer_to_time_var_ww,current_supporting,current_context,Current-best one-round input inventory,4982,no
natural_layer_to_time_var_ww/representative_extreme_age_subset_5000/current_best_model_one_round_optimization/summaries/current_best_manuscript_wording.md,natural_layer_to_time_var_ww,current_supporting,current_context,Current-best manuscript wording,2448,no
natural_layer_to_time_var_ww/representative_extreme_age_subset_5000/current_best_model_one_round_optimization/summaries/current_best_one_round_optimization_summary.md,natural_layer_to_time_var_ww,current_supporting,current_context,Current-best one-round optimization summary,2884,no
natural_layer_to_time_var_ww/representative_extreme_age_subset_5000/current_best_rt_shape_audit_rescue/selected_rt_rescue_model/selected_rt_rescue_readme.md,natural_layer_to_time_var_ww,current_supporting,current_context,Selected RT rescue model,184,no
natural_layer_to_time_var_ww/representative_extreme_age_subset_5000/current_best_rt_shape_audit_rescue/summaries/current_best_rt_shape_audit_rescue_summary.md,natural_layer_to_time_var_ww,current_supporting,current_context,Current-best RT shape audit and rescue summary,726,no
natural_layer_to_time_var_ww/representative_extreme_age_subset_5000/current_best_rt_shape_audit_rescue/summaries/rt_shape_audit_input_inventory.md,natural_layer_to_time_var_ww,current_supporting,current_context,RT shape audit input inventory,1371,no
natural_layer_to_time_var_ww/representative_extreme_age_subset_5000/dual_source_conflict_test/20260719_full_v1/summaries/summary.md,natural_layer_to_time_var_ww,current_supporting,current_context,Flanker 双通道表征审计,746,no
natural_layer_to_time_var_ww/representative_extreme_age_subset_5000/dual_source_conflict_test/20260719_smoke_calibrated/summaries/summary.md,natural_layer_to_time_var_ww,current_supporting,current_context,Flanker 双通道表征审计,745,no
natural_layer_to_time_var_ww/representative_extreme_age_subset_5000/dual_source_conflict_test/20260719_smoke_v1/summaries/summary.md,natural_layer_to_time_var_ww,current_supporting,current_context,Flanker 双通道表征审计,643,no
natural_layer_to_time_var_ww/representative_extreme_age_subset_5000/dual_source_conflict_test/20260719_ww_full_v1/summaries/summary.md,natural_layer_to_time_var_ww,current_supporting,current_context,Flanker 双通道 Wong–Wang 比较,793,no
natural_layer_to_time_var_ww/representative_extreme_age_subset_5000/dual_source_conflict_test/20260719_ww_smoke_v1/summaries/summary.md,natural_layer_to_time_var_ww,current_supporting,current_context,Flanker 双通道 Wong–Wang 比较,792,no
natural_layer_to_time_var_ww/representative_extreme_age_subset_5000/error_rt_coupling_diagnostic/summaries/epoch_or_parameter_sensitivity.md,natural_layer_to_time_var_ww,current_supporting,current_context,Epoch Or Parameter Sensitivity,708,no
natural_layer_to_time_var_ww/representative_extreme_age_subset_5000/error_rt_coupling_diagnostic/summaries/error_count_and_power_summary.md,natural_layer_to_time_var_ww,current_supporting,current_context,Error Count And Power Summary,633,no
natural_layer_to_time_var_ww/representative_extreme_age_subset_5000/error_rt_coupling_diagnostic/summaries/error_rt_coupling_diagnostic_summary.md,natural_layer_to_time_var_ww,current_supporting,current_context,Error-RT Coupling Diagnostic Summary,3885,no
natural_layer_to_time_var_ww/representative_extreme_age_subset_5000/error_rt_length_decomposition/summaries/error_rt_length_decomposition_summary.md,natural_layer_to_time_var_ww,current_supporting,current_context,Error RT Length Decomposition,3267,no
natural_layer_to_time_var_ww/representative_extreme_age_subset_5000/faithful_ww_best_backbone_candidate/figures_publication/faithful_ww_best_backbone_human_signature_summary_figure_note.md,natural_layer_to_time_var_ww,current_supporting,current_context,,255,no
natural_layer_to_time_var_ww/representative_extreme_age_subset_5000/faithful_ww_best_backbone_candidate/summaries/README.md,natural_layer_to_time_var_ww,current_supporting,current_context,Folder Contents,380,no
natural_layer_to_time_var_ww/representative_extreme_age_subset_5000/faithful_ww_best_backbone_candidate/summaries/faithful_ww_best_backbone_summary.md,natural_layer_to_time_var_ww,current_supporting,current_context,Faithful WW Best Backbone Candidate,1858,no
natural_layer_to_time_var_ww/representative_extreme_age_subset_5000/faithful_ww_hvenet_core_fit/code_audit/ww_core_parameter_audit.md,natural_layer_to_time_var_ww,current_supporting,current_context,WW core parameter audit,831,no
natural_layer_to_time_var_ww/representative_extreme_age_subset_5000/faithful_ww_hvenet_core_fit/selected_model/selected_faithful_ww_hvenet_model_readme.md,natural_layer_to_time_var_ww,current_supporting,current_context,Selected faithful WW-HVENet model,156,no
natural_layer_to_time_var_ww/representative_extreme_age_subset_5000/faithful_ww_hvenet_core_fit/summaries/advisor_update_faithful_ww_hvenet.md,natural_layer_to_time_var_ww,current_supporting,current_context,Advisor update faithful WW-HVENet,531,no
natural_layer_to_time_var_ww/representative_extreme_age_subset_5000/faithful_ww_hvenet_core_fit/summaries/faithful_ww_hvenet_core_fit_summary.md,natural_layer_to_time_var_ww,current_supporting,current_context,Faithful WW-HVENet core fit summary,1082,no
natural_layer_to_time_var_ww/representative_extreme_age_subset_5000/faithful_ww_hvenet_core_fit/summaries/faithful_ww_hvenet_vs_previous_mechanisms.md,natural_layer_to_time_var_ww,current_supporting,current_context,Faithful WW-HVENet vs previous mechanisms,221,no
natural_layer_to_time_var_ww/representative_extreme_age_subset_5000/faithful_ww_hvenet_core_fit/summaries/ww_core_parameter_audit_summary.md,natural_layer_to_time_var_ww,current_supporting,current_context,WW core parameter audit,831,no
natural_layer_to_time_var_ww/representative_extreme_age_subset_5000/faithful_ww_hvenet_core_fit_stage2_stage3_completion/code_audit/ww_core_parameter_audit.md,natural_layer_to_time_var_ww,current_supporting,current_context,WW core parameter audit,831,no
natural_layer_to_time_var_ww/representative_extreme_age_subset_5000/faithful_ww_hvenet_core_fit_stage2_stage3_completion/selected_model/selected_stage2_stage3_faithful_ww_model_readme.md,natural_layer_to_time_var_ww,current_supporting,current_context,,219,no
natural_layer_to_time_var_ww/representative_extreme_age_subset_5000/faithful_ww_hvenet_core_fit_stage2_stage3_completion/summaries/advisor_update_stage2_stage3_completion.md,natural_layer_to_time_var_ww,current_supporting,current_context,Advisor update stage2 / stage3 completion,4264,no
natural_layer_to_time_var_ww/representative_extreme_age_subset_5000/faithful_ww_hvenet_core_fit_stage2_stage3_completion/summaries/stage2_stage3_completion_input_inventory.md,natural_layer_to_time_var_ww,current_supporting,current_context,Stage 2 / Stage 3 completion input inventory,2172,no
natural_layer_to_time_var_ww/representative_extreme_age_subset_5000/faithful_ww_hvenet_core_fit_stage2_stage3_completion/summaries/stage2_stage3_completion_summary.md,natural_layer_to_time_var_ww,current_supporting,current_context,Stage 2 / Stage 3 completion summary,2763,no
natural_layer_to_time_var_ww/representative_extreme_age_subset_5000/faithful_ww_hvenet_core_fit_stage2_stage3_completion/summaries/stage2_stage3_vs_previous_mechanisms.md,natural_layer_to_time_var_ww,current_supporting,current_context,Stage 2 / Stage 3 vs previous mechanisms,373,no
natural_layer_to_time_var_ww/representative_extreme_age_subset_5000/flanker_measurement_mechanism_followup/full_20260717/summary.md,natural_layer_to_time_var_ww,current_supporting,current_context,Flanker 测量误差与机制修复结果,2814,no
natural_layer_to_time_var_ww/representative_extreme_age_subset_5000/flanker_measurement_mechanism_followup/full_20260717_v2/summary.md,natural_layer_to_time_var_ww,current_supporting,current_context,Flanker 测量误差与机制修复结果,2961,no
natural_layer_to_time_var_ww/representative_extreme_age_subset_5000/flanker_measurement_mechanism_followup/full_20260717_v3/summary.md,natural_layer_to_time_var_ww,current_supporting,current_context,Flanker 测量误差与机制修复结果,2961,no
natural_layer_to_time_var_ww/representative_extreme_age_subset_5000/flanker_measurement_mechanism_followup/smoke_20260717_v3/summary.md,natural_layer_to_time_var_ww,current_supporting,current_context,Flanker 测量误差与机制修复结果,2109,no
natural_layer_to_time_var_ww/representative_extreme_age_subset_5000/flanker_measurement_mechanism_followup/smoke_20260717_v4/summary.md,natural_layer_to_time_var_ww,current_supporting,current_context,Flanker 测量误差与机制修复结果,2246,no
natural_layer_to_time_var_ww/representative_extreme_age_subset_5000/flanker_measurement_mechanism_followup/smoke_20260717_v5/summary.md,natural_layer_to_time_var_ww,current_supporting,current_context,Flanker 测量误差与机制修复结果,2961,no
natural_layer_to_time_var_ww/representative_extreme_age_subset_5000/flanker_rt_4bin_fitting/baseline_diagnostic_20260716_v2/summary.md,natural_layer_to_time_var_ww,current_supporting,current_context,Flanker 4-bin fitting summary,239,no
natural_layer_to_time_var_ww/representative_extreme_age_subset_5000/flanker_rt_4bin_fitting/crossval_4bin_20260716/summary.md,natural_layer_to_time_var_ww,current_supporting,current_context,Flanker 4-bin fitting summary,1151,no
natural_layer_to_time_var_ww/representative_extreme_age_subset_5000/flanker_rt_4bin_fitting/crossval_4bin_20260716_final/summary.md,natural_layer_to_time_var_ww,current_supporting,current_context,Flanker 4-bin fitting summary,1151,no
natural_layer_to_time_var_ww/representative_extreme_age_subset_5000/flanker_rt_4bin_fitting/dual_smoke_20260716/summary.md,natural_layer_to_time_var_ww,current_supporting,current_context,Flanker dual-track 4-bin summary,1426,no
natural_layer_to_time_var_ww/representative_extreme_age_subset_5000/flanker_rt_4bin_fitting/dual_track_4bin_20260716_final/summary.md,natural_layer_to_time_var_ww,current_supporting,current_context,Flanker dual-track 4-bin summary,1426,no
natural_layer_to_time_var_ww/representative_extreme_age_subset_5000/mechanism_redesign_conflict_adaptive_schedule/summaries/mechanism_redesign_input_inventory.md,natural_layer_to_time_var_ww,current_supporting,current_context,Mechanism redesign input inventory,4959,no
natural_layer_to_time_var_ww/representative_extreme_age_subset_5000/mechanism_redesign_conflict_adaptive_schedule/summaries/mechanism_redesign_summary.md,natural_layer_to_time_var_ww,current_supporting,current_context,Mechanism redesign summary,2948,no
natural_layer_to_time_var_ww/representative_extreme_age_subset_5000/natural_evidence_dynamics_optimization/summaries/natural_evidence_dynamics_input_inventory.md,natural_layer_to_time_var_ww,current_supporting,current_context,Natural evidence-dynamics input inventory,1963,no
natural_layer_to_time_var_ww/representative_extreme_age_subset_5000/natural_evidence_dynamics_optimization/summaries/natural_evidence_dynamics_optimization_summary.md,natural_layer_to_time_var_ww,current_supporting,current_context,Natural evidence dynamics optimization summary,764,no
natural_layer_to_time_var_ww/representative_extreme_age_subset_5000/readout_caf_mechanism_diagnostic/figures_publication/figure_style_notes.md,natural_layer_to_time_var_ww,current_supporting,current_context,Figure Style Notes,60,no
natural_layer_to_time_var_ww/representative_extreme_age_subset_5000/readout_caf_mechanism_diagnostic/figures_publication/readout_caf_mechanism_diagnostic_caption.md,natural_layer_to_time_var_ww,current_supporting,current_context,,416,no
natural_layer_to_time_var_ww/representative_extreme_age_subset_5000/readout_caf_mechanism_diagnostic/summaries/caf_decomposition_summary.md,natural_layer_to_time_var_ww,current_supporting,current_context,CAF Decomposition Summary,212,no
natural_layer_to_time_var_ww/representative_extreme_age_subset_5000/readout_caf_mechanism_diagnostic/summaries/choice_rule_comparison_summary.md,natural_layer_to_time_var_ww,current_supporting,current_context,Choice Rule Comparison Summary,468,no
natural_layer_to_time_var_ww/representative_extreme_age_subset_5000/readout_caf_mechanism_diagnostic/summaries/current_best_model_audit.md,natural_layer_to_time_var_ww,current_supporting,current_context,Current Best Model Audit,427,no
natural_layer_to_time_var_ww/representative_extreme_age_subset_5000/readout_caf_mechanism_diagnostic/summaries/group_parameter_effect_on_ww.md,natural_layer_to_time_var_ww,current_supporting,current_context,Group Parameter Effect On WW,446,no
natural_layer_to_time_var_ww/representative_extreme_age_subset_5000/readout_caf_mechanism_diagnostic/summaries/readout_caf_mechanism_diagnostic_summary.md,natural_layer_to_time_var_ww,current_supporting,current_context,Readout-CAF Mechanism Diagnostic Summary,4725,no
natural_layer_to_time_var_ww/representative_extreme_age_subset_5000/readout_caf_mechanism_diagnostic/summaries/readout_time_evidence_diagnostic.md,natural_layer_to_time_var_ww,current_supporting,current_context,Readout-Time Evidence Diagnostic,362,no
natural_layer_to_time_var_ww/representative_extreme_age_subset_5000/readout_caf_mechanism_diagnostic/summaries/rt_spread_mechanism_attribution.md,natural_layer_to_time_var_ww,current_supporting,current_context,RT Spread Mechanism Attribution,885,no
natural_layer_to_time_var_ww/representative_extreme_age_subset_5000/readout_choice_uncertainty_mechanism_comparison/summaries/gated_readout_input_inventory.md,natural_layer_to_time_var_ww,current_supporting,current_context,Gated readout input inventory,31355,no
natural_layer_to_time_var_ww/representative_extreme_age_subset_5000/readout_choice_uncertainty_mechanism_comparison/summaries/gated_readout_model_summary.md,natural_layer_to_time_var_ww,current_supporting,current_context,Gated readout model summary,2965,no
natural_layer_to_time_var_ww/representative_extreme_age_subset_5000/readout_choice_uncertainty_mechanism_comparison/summaries/incongruent_error_failure_and_next_model_summary.md,natural_layer_to_time_var_ww,current_supporting,current_context,Incongruent Error Failure and Next Model Summary,2896,no
natural_layer_to_time_var_ww/representative_extreme_age_subset_5000/readout_choice_uncertainty_mechanism_comparison/summaries/readout_choice_uncertainty_mechanism_comparison_summary.md,natural_layer_to_time_var_ww,current_supporting,current_context,Readout-Choice Uncertainty Mechanism Comparison Summary,4886,no
natural_layer_to_time_var_ww/representative_extreme_age_subset_5000/readout_choice_uncertainty_mechanism_comparison/summaries/trajectory_viability_diagnostic_summary.md,natural_layer_to_time_var_ww,current_supporting,current_context,Trajectory viability diagnostic summary,1905,no
natural_layer_to_time_var_ww/representative_extreme_age_subset_5000/readout_choice_uncertainty_mechanism_comparison/visualization_current_selected_model/summary/current_selected_model_for_visualization.md,natural_layer_to_time_var_ww,current_supporting,current_context,Current Selected Model for Visualization,2221,no
natural_layer_to_time_var_ww/representative_extreme_age_subset_5000/readout_choice_uncertainty_mechanism_comparison/visualization_current_selected_model/summary/current_selected_model_visualization_summary.md,natural_layer_to_time_var_ww,current_supporting,current_context,Current Selected Model Visualization Summary,11534,no
natural_layer_to_time_var_ww/representative_extreme_age_subset_5000/rt_skewness_diagnostic/summaries/rt_skewness_diagnostic_summary.md,natural_layer_to_time_var_ww,current_supporting,current_context,RT Skewness Diagnostic Summary,2982,no
natural_layer_to_time_var_ww/representative_extreme_age_subset_5000/schedule_compression_pareto_search/constraint_first_rescreen/summaries/constraint_first_rescreen_input_inventory.md,natural_layer_to_time_var_ww,current_supporting,current_context,Constraint-first rescreen input inventory,3399,no
natural_layer_to_time_var_ww/representative_extreme_age_subset_5000/schedule_compression_pareto_search/constraint_first_rescreen/summaries/constraint_first_rescreen_summary.md,natural_layer_to_time_var_ww,current_supporting,current_context,Constraint-first rescreen summary,2927,no
natural_layer_to_time_var_ww/representative_extreme_age_subset_5000/schedule_compression_pareto_search/summaries/schedule_compression_coarse_metric_audit.md,natural_layer_to_time_var_ww,current_supporting,current_context,Schedule compression coarse metric audit,735,no
natural_layer_to_time_var_ww/representative_extreme_age_subset_5000/schedule_compression_pareto_search/summaries/schedule_compression_pareto_input_inventory.md,natural_layer_to_time_var_ww,current_supporting,current_context,Schedule compression Pareto input inventory,2121,no
natural_layer_to_time_var_ww/representative_extreme_age_subset_5000/schedule_compression_pareto_search/summaries/schedule_compression_pareto_search_repaired_summary.md,natural_layer_to_time_var_ww,current_supporting,current_context,Schedule compression Pareto search repaired summary,840,no
natural_layer_to_time_var_ww/representative_extreme_age_subset_5000/schedule_compression_pareto_search/summaries/schedule_compression_pareto_search_summary.md,natural_layer_to_time_var_ww,current_supporting,current_context,Schedule compression Pareto search summary,943,no
natural_layer_to_time_var_ww/representative_extreme_age_subset_5000/summaries/representative_extreme_age_diagnostic_summary.md,natural_layer_to_time_var_ww,current_supporting,current_context,Representative Extreme-age Subset Diagnostic Summary,4961,no
natural_layer_to_time_var_ww/representative_extreme_age_subset_5000/summaries/representative_fitting_summary.md,natural_layer_to_time_var_ww,current_supporting,current_context,Representative Fitting Summary,564,no
natural_layer_to_time_var_ww/representative_extreme_age_subset_5000/summaries/representative_sampling_summary.md,natural_layer_to_time_var_ww,current_supporting,current_context,Representative Sampling Summary,701,no
natural_layer_to_time_var_ww/representative_extreme_age_subset_5000/summaries/representative_subset_evidence_summary.md,natural_layer_to_time_var_ww,current_supporting,current_context,Representative Subset Evidence Summary,334,no
natural_layer_to_time_var_ww/representative_extreme_age_subset_5000/time_gap_choice_noise_diagnostic/summaries/time_gap_choice_noise_diagnostic_summary.md,natural_layer_to_time_var_ww,current_supporting,current_context,Time + Gap Choice Noise Diagnostic,1283,no
natural_layer_to_time_var_ww/representative_extreme_age_subset_5000/trial_variable_conflict_recovery/full_20260717_v1/summary.md,natural_layer_to_time_var_ww,current_supporting,current_context,试次间冲突恢复机制检验,1292,no
natural_layer_to_time_var_ww/representative_extreme_age_subset_5000/trial_variable_conflict_recovery/full_20260717_v2/summary.md,natural_layer_to_time_var_ww,current_supporting,current_context,试次间冲突恢复机制检验,1589,no
natural_layer_to_time_var_ww/representative_extreme_age_subset_5000/trial_variable_conflict_recovery/full_strict_20260717_v3/summary.md,natural_layer_to_time_var_ww,current_supporting,current_context,试次间冲突恢复机制检验,1674,no
natural_layer_to_time_var_ww/representative_extreme_age_subset_5000/trial_variable_conflict_recovery/smoke_20260717_b/summary.md,natural_layer_to_time_var_ww,current_supporting,current_context,试次间冲突恢复机制检验,1292,no
natural_layer_to_time_var_ww/representative_extreme_age_subset_5000/trial_variable_conflict_recovery/smoke_strict_20260717_a/summary.md,natural_layer_to_time_var_ww,current_supporting,current_context,试次间冲突恢复机制检验,1675,no
natural_layer_to_time_var_ww/representative_extreme_age_subset_5000/variational_evidence_uncertainty_diagnostic/summaries/variational_evidence_uncertainty_diagnostic_summary.md,natural_layer_to_time_var_ww,current_supporting,current_context,Variational evidence uncertainty diagnostic summary,1505,no
natural_layer_to_time_var_ww/representative_extreme_age_subset_5000/variational_evidence_uncertainty_diagnostic/summaries/variational_evidence_uncertainty_input_inventory.md,natural_layer_to_time_var_ww,current_supporting,current_context,Variational evidence uncertainty input inventory,2631,no
natural_layer_to_time_var_ww/representative_extreme_age_subset_5000/word_compatible_recovery_response_capture/summaries/mechanism_redesign_input_inventory.md,natural_layer_to_time_var_ww,current_supporting,current_context,Mechanism redesign input inventory,4959,no
natural_layer_to_time_var_ww/representative_extreme_age_subset_5000/word_compatible_recovery_response_capture/summaries/mechanism_redesign_summary.md,natural_layer_to_time_var_ww,current_supporting,current_context,Mechanism redesign summary,2025,no
natural_layer_to_time_var_ww/representative_extreme_age_subset_5000/word_compatible_recovery_response_capture/summaries/word_compatible_recovery_response_capture_summary.md,natural_layer_to_time_var_ww,current_supporting,current_context,Word-compatible recovery / response-capture summary,1182,no
natural_layer_to_time_var_ww/representative_extreme_age_subset_5000/wr2_age_specific_ww_noise/summaries/age_specific_ww_noise_recommended_update.md,natural_layer_to_time_var_ww,current_supporting,current_context,Age-specific WW noise recommendation update,1599,no
natural_layer_to_time_var_ww/representative_extreme_age_subset_5000/wr2_age_specific_ww_noise/summaries/age_specific_ww_noise_summary.md,natural_layer_to_time_var_ww,current_supporting,current_context,WR2 age-specific intrinsic Wong-Wang noise summary,1413,no
natural_layer_to_time_var_ww/representative_extreme_age_subset_5000/wr2_age_specific_ww_noise/summaries/mechanism_redesign_input_inventory.md,natural_layer_to_time_var_ww,current_supporting,current_context,Mechanism redesign input inventory,4959,no
natural_layer_to_time_var_ww/representative_extreme_age_subset_5000/wr2_evidence_gate_and_execution_validation/figures_nature_r/figure_contract_and_qa_notes.md,natural_layer_to_time_var_ww,current_supporting,current_context,Figure contract and QA notes,1079,no
natural_layer_to_time_var_ww/representative_extreme_age_subset_5000/wr2_evidence_gate_and_execution_validation/summaries/wr2_evidence_gate_and_execution_summary.md,natural_layer_to_time_var_ww,current_supporting,current_context,WR2 证据门控与执行时间验证,798,no
natural_layer_to_time_var_ww/representative_extreme_age_subset_5000/wr2_hierarchical_individual_model/summaries/individual_model_summary.md,natural_layer_to_time_var_ww,current_supporting,current_context,WR2 分层个体模型结果,665,no
natural_layer_to_time_var_ww/representative_extreme_age_subset_5000/wr2_mentor_report_figures_20260719/README.md,natural_layer_to_time_var_ww,current_supporting,current_context,WR2 导师汇报重绘图,712,no
natural_layer_to_time_var_ww/representative_extreme_age_subset_5000/wr2_mentor_report_figures_20260719_v2/README.md,natural_layer_to_time_var_ww,current_supporting,current_context,WR2 导师汇报重绘图,712,no
natural_layer_to_time_var_ww/representative_extreme_age_subset_5000/wr2_rt_variability_extension/summaries/conservative_report_talking_points.md,natural_layer_to_time_var_ww,current_supporting,current_context,Conservative report talking points,1203,no
natural_layer_to_time_var_ww/representative_extreme_age_subset_5000/wr2_rt_variability_extension/summaries/wr2_rt_variability_extension_summary.md,natural_layer_to_time_var_ww,current_supporting,current_context,WR2 RT variability extension summary,1063,no
natural_layer_to_time_var_ww/representative_extreme_age_subset_5000/wr2_uncertainty_schedule_fine_search/summaries/mechanism_redesign_input_inventory.md,natural_layer_to_time_var_ww,current_supporting,current_context,Mechanism redesign input inventory,4959,no
natural_layer_to_time_var_ww/representative_extreme_age_subset_5000/wr2_uncertainty_schedule_fine_search/summaries/mechanism_redesign_summary.md,natural_layer_to_time_var_ww,current_supporting,current_context,Mechanism redesign summary,1731,no
natural_layer_to_time_var_ww/representative_extreme_age_subset_5000/wr2_uncertainty_schedule_fine_search/summaries/wr2_fine_search_summary.md,natural_layer_to_time_var_ww,current_supporting,current_context,WR2 uncertainty schedule fine search summary,1236,no
natural_layer_to_time_var_ww/representative_extreme_age_subset_5000/wr2_uncertainty_schedule_fine_search/summaries/wr2_model_architecture_and_word_guidance.md,natural_layer_to_time_var_ww,current_supporting,current_context,WR2 model architecture and Word writing guidance,2919,no
natural_layer_to_time_var_ww/representative_extreme_age_subset_5000/wr2_upstream_evidence_mapping_individual_validation/summaries/final_chinese_summary.md,natural_layer_to_time_var_ww,current_supporting,current_context,WR2 上游证据映射个体差异验证总结,889,no
natural_layer_to_time_var_ww/representative_extreme_age_subset_5000/ww_operating_regime_audit/selected_model/selected_ww_regime_model_readme.md,natural_layer_to_time_var_ww,current_supporting,current_context,Selected WW regime model,274,no
natural_layer_to_time_var_ww/representative_extreme_age_subset_5000/ww_operating_regime_audit/summaries/ww_operating_regime_audit_summary.md,natural_layer_to_time_var_ww,current_supporting,current_context,WW operating regime audit summary,2137,no
natural_layer_to_time_var_ww/representative_extreme_age_subset_5000/ww_operating_regime_audit/summaries/ww_operating_regime_input_inventory.md,natural_layer_to_time_var_ww,current_supporting,current_context,WW operating regime input inventory,2291,no
natural_layer_to_time_var_ww/representative_extreme_age_subset_5000/ww_operating_regime_audit/summaries/ww_vs_previous_mechanisms_interpretation.md,natural_layer_to_time_var_ww,current_supporting,current_context,WW vs previous mechanisms interpretation,710,no
organized/FILE_MAPPING.md,organized,legacy_or_historical_reference,legacy_reference_only,File-by-file mapping: results directory,16138,no
organized/README.md,organized,legacy_or_historical_reference,legacy_reference_only,Results organization guide,12076,no
organized/archive/age_groups_raw/analysis_summary.md,organized,legacy_or_historical_reference,legacy_reference_only,Age-Group Post-Stage2 Analysis,2025,no
organized/archive/standalone_figures/analysis_results.md,organized,legacy_or_historical_reference,legacy_reference_only,Human Data Analysis Report,4434,no
organized/archive 2/age_groups_raw/analysis_summary.md,organized,legacy_or_historical_reference,legacy_reference_only,Age-Group Post-Stage2 Analysis,2025,no
organized/archive 2/standalone_figures/analysis_results.md,organized,legacy_or_historical_reference,legacy_reference_only,Human Data Analysis Report,4434,no
organized/current_M3_time_gap_model_package_2026-07-01/README.md,organized,legacy_or_historical_reference,legacy_reference_only,当前 M3 time+gap 候选模型文件包（2026-07-01）,4091,no
organized/current_M3_time_gap_model_package_2026-07-01/key_human_context/integrated_current_results_analysis.md,organized,legacy_or_historical_reference,legacy_reference_only,Integrated current-results analysis,2636,no
organized/current_M3_time_gap_model_package_2026-07-01/organized_memos/current_model_optimization_execution_plan_2026-06-30.md,organized,legacy_or_historical_reference,legacy_reference_only,当前模型优化执行方案（2026-06-30）,8431,no
organized/current_M3_time_gap_model_package_2026-07-01/organized_memos/current_model_optimization_followup_2026-06-30.md,organized,legacy_or_historical_reference,legacy_reference_only,当前模型优化后续执行记录（2026-06-30）,4982,no
organized/current_M3_time_gap_model_package_2026-07-01/organized_memos/current_model_optimization_run_summary_2026-06-30.md,organized,legacy_or_historical_reference,legacy_reference_only,当前模型优化执行总结（2026-06-30）,7482,no
organized/current_M3_time_gap_model_package_2026-07-01/organized_memos/mechanism_direction_memo_2026-06-30.md,organized,legacy_or_historical_reference,legacy_reference_only,机制方向备忘录（2026-06-30）,18123,no
organized/current_M3_time_gap_model_package_2026-07-01/organized_memos/model_optimization_tiered_plan_2026-06-30.md,organized,legacy_or_historical_reference,legacy_reference_only,模型优化分档方案（2026-06-30）,14345,no
organized/current_M3_time_gap_model_package_2026-07-01/source_results/age_group_restricted_fitting/age_group_restricted_fitting_summary.md,organized,legacy_or_historical_reference,legacy_reference_only,Age-group Restricted Parameter Fitting Summary,3308,no
organized/current_M3_time_gap_model_package_2026-07-01/source_results/full_age_group_vgg_evidence_cache_dryrun_20_29_80_89/extraction_unit_decision.md,organized,legacy_or_historical_reference,legacy_reference_only,Extraction Unit Decision,1495,no
organized/current_M3_time_gap_model_package_2026-07-01/source_results/full_age_group_vgg_evidence_cache_dryrun_20_29_80_89/full_age_group_cache_build_summary.md,organized,legacy_or_historical_reference,legacy_reference_only,Full Age-group VGG / Layerwise Evidence Cache Build Summary,2574,no
organized/current_M3_time_gap_model_package_2026-07-01/source_results/full_age_group_vgg_evidence_cache_dryrun_20_29_80_89/full_age_group_evidence_audit_summary.md,organized,legacy_or_historical_reference,legacy_reference_only,Full Age-group Evidence Audit Summary,1903,no
organized/current_M3_time_gap_model_package_2026-07-01/source_results/full_age_group_vgg_evidence_cache_dryrun_20_29_80_89/full_age_group_evidence_coverage_summary.md,organized,legacy_or_historical_reference,legacy_reference_only,Full Age-group Evidence Coverage Summary,266,no
organized/current_M3_time_gap_model_package_2026-07-01/source_results/full_age_group_vgg_evidence_cache_dryrun_20_29_80_89/full_extraction_benchmark_summary.md,organized,legacy_or_historical_reference,legacy_reference_only,Full Extraction Benchmark Summary,293,no
organized/current_M3_time_gap_model_package_2026-07-01/source_results/full_age_group_vgg_evidence_cache_dryrun_20_29_80_89/full_run_readiness_summary.md,organized,legacy_or_historical_reference,legacy_reference_only,Full-run Readiness Summary,1214,no
organized/current_M3_time_gap_model_package_2026-07-01/source_results/full_age_group_vgg_evidence_cache_dryrun_20_29_80_89/resume_integrity_summary.md,organized,legacy_or_historical_reference,legacy_reference_only,Resume Integrity Summary,56,no
organized/current_M3_time_gap_model_package_2026-07-01/source_results/readout_choice_uncertainty_mechanism_comparison/summaries/gated_readout_input_inventory.md,organized,legacy_or_historical_reference,legacy_reference_only,Gated readout input inventory,31355,no
organized/current_M3_time_gap_model_package_2026-07-01/source_results/readout_choice_uncertainty_mechanism_comparison/summaries/gated_readout_model_summary.md,organized,legacy_or_historical_reference,legacy_reference_only,Gated readout model summary,2965,no
organized/current_M3_time_gap_model_package_2026-07-01/source_results/readout_choice_uncertainty_mechanism_comparison/summaries/incongruent_error_failure_and_next_model_summary.md,organized,legacy_or_historical_reference,legacy_reference_only,Incongruent Error Failure and Next Model Summary,2896,no
organized/current_M3_time_gap_model_package_2026-07-01/source_results/readout_choice_uncertainty_mechanism_comparison/summaries/readout_choice_uncertainty_mechanism_comparison_summary.md,organized,legacy_or_historical_reference,legacy_reference_only,Readout-Choice Uncertainty Mechanism Comparison Summary,4886,no
organized/current_M3_time_gap_model_package_2026-07-01/source_results/readout_choice_uncertainty_mechanism_comparison/summaries/trajectory_viability_diagnostic_summary.md,organized,legacy_or_historical_reference,legacy_reference_only,Trajectory viability diagnostic summary,1905,no
organized/current_M3_time_gap_model_package_2026-07-01/source_results/readout_choice_uncertainty_mechanism_comparison/visualization_current_selected_model/summary/current_selected_model_for_visualization.md,organized,legacy_or_historical_reference,legacy_reference_only,Current Selected Model for Visualization,2221,no
organized/current_M3_time_gap_model_package_2026-07-01/source_results/readout_choice_uncertainty_mechanism_comparison/visualization_current_selected_model/summary/current_selected_model_visualization_summary.md,organized,legacy_or_historical_reference,legacy_reference_only,Current Selected Model Visualization Summary,11534,no
organized/current_M3_time_gap_model_package_2026-07-01/source_results/time_gap_choice_noise_diagnostic/summaries/time_gap_choice_noise_diagnostic_summary.md,organized,legacy_or_historical_reference,legacy_reference_only,Time + Gap Choice Noise Diagnostic,1283,no
organized/current_best_response_supervision/frozen_current_best_memo.md,organized,legacy_or_historical_reference,legacy_reference_only,Frozen current-best response-supervision memo,1679,no
organized/current_best_response_supervision/response_supervision_interim_memo.md,organized,legacy_or_historical_reference,legacy_reference_only,Response-supervision interim memo,1117,no
organized/handoff/CURRENT_STATUS.md,organized,legacy_or_historical_reference,legacy_reference_only,Current status / handoff note,12087,no
organized/handoff/HANDOFF_INDEX.md,organized,legacy_or_historical_reference,legacy_reference_only,Handoff document index,4881,no
organized/handoff/NEXT_STEP_DECISION_MEMO.md,organized,legacy_or_historical_reference,legacy_reference_only,Next-step decision memo,5006,no
organized/handoff/OFFLINE_AUTORUN_NOTE.md,organized,legacy_or_historical_reference,legacy_reference_only,Offline / autorun note,1581,no
organized/handoff/agent_file_structure_cleanup_prompt.md,organized,legacy_or_historical_reference,legacy_reference_only,Agent prompt: organize and clean current file structure,4891,no
organized/handoff/ai_prompt_error_regime_experiment.md,organized,legacy_or_historical_reference,legacy_reference_only,Coding Prompt — Drive Human-Like Error Responses and Behavioral Signatures,7165,no
organized/handoff/archive_cleanup_plan.md,organized,legacy_or_historical_reference,legacy_reference_only,Archive / cleanup plan,2407,no
organized/handoff/error_regime_experiment_chain_memo.md,organized,legacy_or_historical_reference,legacy_reference_only,Error-Regime Experiment Chain Memo,9770,no
organized/handoff/final_post_prototype_decision_memo.md,organized,legacy_or_historical_reference,legacy_reference_only,Final Post-Prototype Decision Memo,13379,no
organized/handoff/logs.md,organized,legacy_or_historical_reference,legacy_reference_only,Experiment log summary,2772,no
organized/handoff/post_error_ordering_decision_memo.md,organized,legacy_or_historical_reference,legacy_reference_only,Post-Error-Ordering Decision Memo,14280,no
organized/handoff/rt_readout_redesign_options.md,organized,legacy_or_historical_reference,legacy_reference_only,RT readout redesign options while preserving accumulation,2755,no
organized/handoff/rt_readout_smoke_decision_memo.md,organized,legacy_or_historical_reference,legacy_reference_only,RT Readout Smoke Decision Memo,8830,no
organized/handoff/single_subject_rt_response_research_judgment_memo.md,organized,legacy_or_historical_reference,legacy_reference_only,Single-Subject RT/Response Research Judgment Memo,9136,no
organized/handoff/supervisor_update_2026-04-08.md,organized,legacy_or_historical_reference,legacy_reference_only,Supervisor Update — 2026-04-08,4460,no
organized/handoff/ww_behavior_balanced_decision_memo.md,organized,legacy_or_historical_reference,legacy_reference_only,WW Behavior-Balanced Decision Memo,12208,no
organized/legacy_interim_reference/three_way_comparison_memo.md,organized,legacy_or_historical_reference,legacy_reference_only,Three-way comparison memo,4294,no
organized/proposal_aligned_human_behavior/complete_model_optimization_summary_2026-07-15.md,organized,legacy_or_historical_reference,legacy_reference_only,HVENet / WR2 模型优化完整总结（截至 2026-07-15）,13144,no
organized/proposal_aligned_human_behavior/current_model_optimization_execution_plan_2026-06-30.md,organized,legacy_or_historical_reference,legacy_reference_only,当前模型优化执行方案（2026-06-30）,8431,no
organized/proposal_aligned_human_behavior/current_model_optimization_followup_2026-06-30.md,organized,legacy_or_historical_reference,legacy_reference_only,当前模型优化后续执行记录（2026-06-30）,4982,no
organized/proposal_aligned_human_behavior/current_model_optimization_run_summary_2026-06-30.md,organized,legacy_or_historical_reference,legacy_reference_only,当前模型优化执行总结（2026-06-30）,7482,no
organized/proposal_aligned_human_behavior/integrated_current_results_analysis.md,organized,legacy_or_historical_reference,legacy_reference_only,Integrated current-results analysis,2636,no
organized/proposal_aligned_human_behavior/mechanism_direction_memo_2026-06-30.md,organized,legacy_or_historical_reference,legacy_reference_only,机制方向备忘录（2026-06-30）,18123,no
organized/proposal_aligned_human_behavior/model_optimization_tiered_plan_2026-06-30.md,organized,legacy_or_historical_reference,legacy_reference_only,模型优化分档方案（2026-06-30）,14345,no
organized/proposal_aligned_human_behavior/proposal_aligned_figure_note.md,organized,legacy_or_historical_reference,legacy_reference_only,Proposal-aligned behavior figure note,922,no
premature_readout_evidence_schedule_optimization/summaries/00_overall_summary.md,premature_readout_evidence_schedule_optimization,exploratory_or_side_diagnostic,diagnostic_context,Overall Summary,1901,no
premature_readout_evidence_schedule_optimization/summaries/01_frozen_trajectory_diagnostic.md,premature_readout_evidence_schedule_optimization,exploratory_or_side_diagnostic,diagnostic_context,Frozen Trajectory Diagnostic,427,no
premature_readout_evidence_schedule_optimization/summaries/02_readout_time_sweep_summary.md,premature_readout_evidence_schedule_optimization,exploratory_or_side_diagnostic,diagnostic_context,Readout-Time Sweep Summary,284,no
premature_readout_evidence_schedule_optimization/summaries/03_stopping_choice_reliability_summary.md,premature_readout_evidence_schedule_optimization,exploratory_or_side_diagnostic,diagnostic_context,Stopping Choice Reliability Summary,333,no
premature_readout_evidence_schedule_optimization/summaries/04_evidence_schedule_summary.md,premature_readout_evidence_schedule_optimization,exploratory_or_side_diagnostic,diagnostic_context,Evidence Schedule Summary,328,no
premature_readout_evidence_schedule_optimization/summaries/05_age_restricted_mechanism_summary.md,premature_readout_evidence_schedule_optimization,exploratory_or_side_diagnostic,diagnostic_context,Age-Restricted Mechanism Summary,317,no
premature_readout_evidence_schedule_optimization/summaries/06_best_model_interpretation.md,premature_readout_evidence_schedule_optimization,exploratory_or_side_diagnostic,diagnostic_context,Best Model Interpretation,258,no
premature_readout_evidence_schedule_optimization/summaries/07_failed_models_diagnostic.md,premature_readout_evidence_schedule_optimization,exploratory_or_side_diagnostic,diagnostic_context,Failed Models Diagnostic,221,no
proposal_aligned_behavior/integrated_current_results_analysis.md,proposal_aligned_behavior,exploratory_or_side_diagnostic,diagnostic_context,Integrated current-results analysis,2636,no
proposal_aligned_behavior/proposal_aligned_figure_note.md,proposal_aligned_behavior,exploratory_or_side_diagnostic,diagnostic_context,Proposal-aligned behavior figure note,922,no
r5_caf_delta_curves_20260803/caf_delta_caption.md,r5_caf_delta_curves_20260803,current_supporting,current_context,Figures | Current choice-coupled model CAF and RT delta curves,759,no
r5_choice_coupled_refit_20260803/summaries/representative_fitting_summary.md,r5_choice_coupled_refit_20260803,current_supporting,current_context,Representative Fitting Summary,564,no
r5_choice_coupled_refit_20260803/summary.md,r5_choice_coupled_refit_20260803,current_supporting,current_context,R5 choice–RT coupling correction and representative refit,2830,no
r5_choice_coupled_schedule_optimization_20260803/schedule_compression_optimization_overview_caption.md,r5_choice_coupled_schedule_optimization_20260803,current_supporting,current_context,Figure | Choice-coupled schedule compression optimization,855,no
r5_choice_coupled_schedule_optimization_20260803/summary.md,r5_choice_coupled_schedule_optimization_20260803,current_spine,authoritative_current,Choice-coupled schedule compression optimization,1783,no
r5_choice_rule_alignment_audit_20260803/summary.md,r5_choice_rule_alignment_audit_20260803,current_supporting,current_context,R5 决策时点与选择规则一致性检查,2578,no
r5_real_vgg_target_flanker_audit_20260803/05_natural_emergence_evidence_chain_caption.md,r5_real_vgg_target_flanker_audit_20260803,current_supporting,current_context,Figure 05 | Natural emergence of target recovery,860,no
r5_real_vgg_target_flanker_audit_20260803/summary.md,r5_real_vgg_target_flanker_audit_20260803,current_supporting,current_context,真实 VGG target-flanker 时间动力学检查,3162,no
r5_rt_distribution_kde_20260803/observed_vs_model_rt_kde_caption.md,r5_rt_distribution_kde_20260803,current_supporting,current_context,Figure | Observed and model-predicted RT distributions,608,no
r5_supervisor_followup/01_reproducibility_and_active_config_audit.md,r5_supervisor_followup,current_spine,authoritative_current,Reproducibility and active config audit,6904,no
r5_supervisor_followup/03_CRF_validation_report.md,r5_supervisor_followup,current_spine,authoritative_current,CRF validation report,416,no
r5_supervisor_followup/04_state_and_readout_implementation.md,r5_supervisor_followup,current_spine,authoritative_current,State and readout implementation audit,2482,no
r5_supervisor_followup/05_first_passage_interpretation.md,r5_supervisor_followup,current_spine,authoritative_current,First-passage distribution interpretation,1000,no
r5_supervisor_followup/06_error_mechanism_report.md,r5_supervisor_followup,current_spine,authoritative_current,Error mechanism report,574,no
r5_supervisor_followup/07_ranked_bottleneck_assessment.md,r5_supervisor_followup,current_spine,authoritative_current,Ranked bottleneck assessment,2984,no
r5_supervisor_followup/08_targeted_ablation_interpretation.md,r5_supervisor_followup,current_spine,authoritative_current,Targeted ablation interpretation,218,no
r5_supervisor_followup/09_full_technical_report.md,r5_supervisor_followup,current_spine,authoritative_current,Full technical report,1343,no
r5_supervisor_followup/10_supervisor_response_summary_chinese.md,r5_supervisor_followup,current_spine,authoritative_current,给导师的简短中文回复,1346,no
r5_supervisor_followup/11_supervisor_response_summary_english.md,r5_supervisor_followup,current_spine,authoritative_current,Concise Supervisor Response,1355,no
r5_supervisor_round2_20260802/summary.md,r5_supervisor_round2_20260802,current_supporting,current_context,第二轮导师问题检查,1271,no
repro_legacy_interim/README 2.md,repro_legacy_interim,legacy_or_historical_reference,legacy_reference_only,Legacy interim reproduction bundle,1338,yes
repro_legacy_interim/README.md,repro_legacy_interim,legacy_or_historical_reference,legacy_reference_only,Legacy interim reproduction bundle,1338,no
repro_legacy_interim/dynamic_selection_20_29_smoke/mechanism_pivot_decision_memo.md,repro_legacy_interim,legacy_or_historical_reference,legacy_reference_only,Mechanism pivot decision memo,1192,no
repro_legacy_interim/dynamic_selection_dmc_extension_20_29_smoke/mechanism_extension_decision_memo.md,repro_legacy_interim,legacy_or_historical_reference,legacy_reference_only,Mechanism extension decision memo,2522,no
repro_legacy_interim/dynamic_selection_dmc_extension_20_29_smoke/mechanism_pivot_decision_memo.md,repro_legacy_interim,legacy_or_historical_reference,legacy_reference_only,Mechanism pivot decision memo,441,no
repro_legacy_interim/dynamic_selection_single_subject/heterogeneity_probe_summary.md,repro_legacy_interim,legacy_or_historical_reference,legacy_reference_only,Heterogeneity probe summary,2638,no
repro_legacy_interim/flanker_mechanism_evaluation_framework 2.md,repro_legacy_interim,legacy_or_historical_reference,legacy_reference_only,Flanker Mechanism-Oriented Evaluation Framework,5615,yes
repro_legacy_interim/flanker_mechanism_evaluation_framework.md,repro_legacy_interim,legacy_or_historical_reference,legacy_reference_only,Flanker Mechanism-Oriented Evaluation Framework,5615,no
repro_legacy_interim/hybrid_legacy_parameter_notes 2.md,repro_legacy_interim,legacy_or_historical_reference,legacy_reference_only,Hybrid legacy parameter comparison notes,1413,yes
repro_legacy_interim/hybrid_legacy_parameter_notes.md,repro_legacy_interim,legacy_or_historical_reference,legacy_reference_only,Hybrid legacy parameter comparison notes,1413,no
repro_legacy_interim/legacy_reference_comparison 2.md,repro_legacy_interim,legacy_or_historical_reference,legacy_reference_only,Legacy interim reproduction comparison,1758,yes
repro_legacy_interim/legacy_reference_comparison.md,repro_legacy_interim,legacy_or_historical_reference,legacy_reference_only,Legacy interim reproduction comparison,1758,no
repro_legacy_interim/minimal_conflict_capture_probe/minimal_conflict_capture_summary.md,repro_legacy_interim,legacy_or_historical_reference,legacy_reference_only,Minimal conflict-capture probe summary,1905,no
repro_legacy_interim/postpatch_canonical_gate_clarification 2.md,repro_legacy_interim,legacy_or_historical_reference,legacy_reference_only,Post-patch canonical gate clarification,3067,yes
repro_legacy_interim/postpatch_canonical_gate_clarification.md,repro_legacy_interim,legacy_or_historical_reference,legacy_reference_only,Post-patch canonical gate clarification,3067,no
repro_legacy_interim/repro_drift/config_reconciliation.md,repro_legacy_interim,legacy_or_historical_reference,legacy_reference_only,Config reconciliation: stored vs recheck urgency run,3551,no
repro_legacy_interim/repro_drift/nondeterminism_audit.md,repro_legacy_interim,legacy_or_historical_reference,legacy_reference_only,Nondeterminism audit,3748,no
repro_legacy_interim/repro_drift/readout_recheck_diff.md,repro_legacy_interim,legacy_or_historical_reference,legacy_reference_only,Readout recheck drift summary,2187,no
repro_legacy_interim/repro_drift/reproducibility_drift_decision_memo.md,repro_legacy_interim,legacy_or_historical_reference,legacy_reference_only,Reproducibility drift decision memo,3954,no
repro_legacy_interim/repro_drift/urgency_rerun_stability.md,repro_legacy_interim,legacy_or_historical_reference,legacy_reference_only,Urgency rerun stability,1360,no
repro_legacy_interim/true_single_subject_feasibility/true_single_subject_feasibility_summary 2.md,repro_legacy_interim,legacy_or_historical_reference,legacy_reference_only,True single-subject feasibility summary,3290,yes
repro_legacy_interim/true_single_subject_feasibility/true_single_subject_feasibility_summary.md,repro_legacy_interim,legacy_or_historical_reference,legacy_reference_only,True single-subject feasibility summary,3290,no
repro_legacy_interim/true_single_subject_feasibility_accumrnn/true_single_subject_feasibility_summary.md,repro_legacy_interim,legacy_or_historical_reference,legacy_reference_only,True single-subject feasibility summary (VGG + recurrent accumulator),3123,no
repro_legacy_interim/true_single_subject_feasibility_accumrnn_coupled/true_single_subject_feasibility_summary.md,repro_legacy_interim,legacy_or_historical_reference,legacy_reference_only,True single-subject feasibility summary (VGG + recurrent accumulator),3141,no
repro_legacy_interim/true_single_subject_feasibility_accumrnn_smoke/true_single_subject_feasibility_summary.md,repro_legacy_interim,legacy_or_historical_reference,legacy_reference_only,True single-subject feasibility summary (VGG + recurrent accumulator),2823,no
repro_legacy_interim/true_single_subject_feasibility_accumrnn_sweep/baseline/true_single_subject_feasibility_summary.md,repro_legacy_interim,legacy_or_historical_reference,legacy_reference_only,True single-subject feasibility summary (VGG + recurrent accumulator),3123,no
repro_legacy_interim/true_single_subject_feasibility_accumrnn_sweep/competition_norm/true_single_subject_feasibility_summary.md,repro_legacy_interim,legacy_or_historical_reference,legacy_reference_only,True single-subject feasibility summary (VGG + recurrent accumulator),3131,no
repro_legacy_interim/true_single_subject_feasibility_accumrnn_sweep/gaussian_pool/true_single_subject_feasibility_summary.md,repro_legacy_interim,legacy_or_historical_reference,legacy_reference_only,True single-subject feasibility summary (VGG + recurrent accumulator),3123,no
repro_legacy_interim/true_single_subject_feasibility_accumrnn_sweep/threshold_relative/true_single_subject_feasibility_summary.md,repro_legacy_interim,legacy_or_historical_reference,legacy_reference_only,True single-subject feasibility summary (VGG + recurrent accumulator),3123,no
repro_legacy_interim/true_single_subject_feasibility_backup_2026-04-18/true_single_subject_feasibility_summary.md,repro_legacy_interim,legacy_or_historical_reference,legacy_reference_only,True single-subject feasibility summary,2842,no
repro_legacy_interim/urgency_mechanism_tie_break_20_29/urgency_mechanism_decision_memo.md,repro_legacy_interim,legacy_or_historical_reference,legacy_reference_only,Urgency mechanism decision memo,2952,no
repro_legacy_interim/urgency_parameter_20_29_sweep_v2/winner_decision.md,repro_legacy_interim,legacy_or_historical_reference,legacy_reference_only,Urgency winner decision,1456,no
repro_legacy_interim/urgency_readout_decision_memo 2.md,repro_legacy_interim,legacy_or_historical_reference,legacy_reference_only,Urgency readout decision memo,4376,yes
repro_legacy_interim/urgency_readout_decision_memo.md,repro_legacy_interim,legacy_or_historical_reference,legacy_reference_only,Urgency readout decision memo,4376,no
rt_model_dmc_var_ww/single_trial_rt_probe/missing_artifacts_report.md,rt_model_dmc_var_ww,legacy_or_historical_reference,legacy_reference_only,Missing Artifacts Report,2134,no
rt_model_dmc_var_ww/smoke_a3_s4_all/gate_decision.md,rt_model_dmc_var_ww,legacy_or_historical_reference,legacy_reference_only,Gate Decision: DMC apply_to=all_trials — Congruent-Trial Diagnostic,2350,no
rt_model_dmc_var_ww/summary_smoke.md,rt_model_dmc_var_ww,legacy_or_historical_reference,legacy_reference_only,RT Readout Smoke Summary,1850,no
rt_model_variational_ww_synthesis/var_ww_mechanism_memo.md,rt_model_variational_ww_synthesis,legacy_or_historical_reference,legacy_reference_only,Variational Evidence → Wong-Wang Synthesis: Mechanism Memo,16024,no
rtshape_experiment/rtshape_experiment_summary 2.md,rtshape_experiment,legacy_or_historical_reference,legacy_reference_only,RT-shape experiment summary,1292,yes
rtshape_experiment/rtshape_experiment_summary.md,rtshape_experiment,legacy_or_historical_reference,legacy_reference_only,RT-shape experiment summary,1292,no
rtshape_experiment/rtshape_tail_loss_summary 2.md,rtshape_experiment,legacy_or_historical_reference,legacy_reference_only,RT-shape tail-loss experiment summary,1081,yes
rtshape_experiment/rtshape_tail_loss_summary.md,rtshape_experiment,legacy_or_historical_reference,legacy_reference_only,RT-shape tail-loss experiment summary,1081,no
ww_diffdecision_core_audit_20260802/summary.md,ww_diffdecision_core_audit_20260802,current_supporting,current_context,Wong-Wang / DiffDecision 核心检查,2210,no
