trial_index,subject_id_anonymized,target_labels,flanker_labels,response_labels,pred_choice,true_rt,pred_rt,congruency,human_correct,model_correct,split,human_rt,model_rt
43,S01,1,1,2,1,0.751,0.585372,1,False,True,test,0.751,0.585372
4480,S03,1,1,1,1,0.65,0.6100846,1,True,True,test,0.65,0.6100846
5394,S01,1,0,1,0,0.655,0.62997675,0,True,False,test,0.655,0.62997675
5441,S02,0,0,3,3,0.571,0.56122434,1,False,False,test,0.571,0.56122434
3272,S01,3,3,2,3,0.2,0.5665297,1,False,True,test,0.2,0.5665297
5603,S01,0,3,0,3,0.864,0.6382847,0,True,False,test,0.864,0.6382847
684,S01,3,2,3,2,0.705,0.6782176,0,True,False,test,0.705,0.6782176
5059,S02,2,0,2,3,0.67,0.56423116,0,True,False,test,0.67,0.56423116
828,S03,2,0,2,3,0.552,0.58585256,0,True,False,test,0.552,0.58585256
5984,S02,1,1,1,3,0.598,0.58859456,1,True,False,test,0.598,0.58859456
1383,S01,0,0,2,0,0.576,0.5839594,1,False,True,test,0.576,0.5839594
1108,S02,2,2,2,2,0.639,0.57081765,1,True,True,test,0.639,0.57081765
4065,S01,0,0,2,3,0.576,0.5891229,1,False,False,test,0.576,0.5891229
4025,S01,2,1,2,2,0.543,0.59436816,0,True,True,test,0.543,0.59436816
5875,S03,0,0,0,0,0.501,0.5786644,1,True,True,test,0.501,0.5786644
1177,S03,3,2,2,3,0.5,0.6596485,0,False,True,test,0.5,0.6596485
3287,S03,2,2,2,2,0.503,0.58464617,1,True,True,test,0.503,0.58464617
1618,S03,0,1,1,0,0.603,0.6207472,0,False,True,test,0.603,0.6207472
4083,S03,3,0,0,3,0.52,0.64681065,0,False,True,test,0.52,0.64681065
5689,S03,2,1,1,1,0.486,0.60211086,0,False,False,test,0.486,0.60211086
5750,S01,2,3,2,0,0.784,0.61495805,0,True,False,test,0.784,0.61495805
2536,S01,2,1,2,1,0.796,0.5625082,0,True,False,test,0.796,0.5625082
1827,S03,1,1,1,1,0.574,0.6231167,1,True,True,test,0.574,0.6231167
4264,S01,3,0,3,3,0.897,0.640358,0,True,True,test,0.897,0.640358
3370,S01,1,1,3,2,0.638,0.59328103,1,False,False,test,0.638,0.59328103
2674,S03,3,1,1,1,0.473,0.6067385,0,False,False,test,0.473,0.6067385
3387,S01,2,1,2,1,0.722,0.60489166,0,True,False,test,0.722,0.60489166
3726,S02,3,3,3,3,0.78,0.58791333,1,True,True,test,0.78,0.58791333
571,S01,3,0,0,0,0.544,0.6696215,0,False,False,test,0.544,0.6696215
4268,S01,2,0,1,0,0.739,0.5826175,0,False,False,test,0.739,0.5826175
3754,S02,2,2,1,3,0.588,0.54323626,1,False,False,test,0.588,0.54323626
2785,S02,1,3,1,1,0.679,0.669373,0,True,True,test,0.679,0.669373
5135,S02,1,0,3,1,0.637,0.6357995,0,False,True,test,0.637,0.6357995
1102,S03,0,3,0,0,1.47,0.6221335,0,True,True,test,1.47,0.6221335
568,S02,1,1,1,2,0.595,0.5776922,1,True,False,test,0.595,0.5776922
4649,S01,0,0,0,0,0.703,0.59039104,1,True,True,test,0.703,0.59039104
4755,S01,2,2,2,2,0.463,0.56942576,1,True,True,test,0.463,0.56942576
5367,S02,1,3,3,1,0.577,0.64605427,0,False,True,test,0.577,0.64605427
4108,S03,0,0,0,0,0.502,0.5802399,1,True,True,test,0.502,0.5802399
5203,S02,1,1,1,2,0.621,0.6192224,1,True,False,test,0.621,0.6192224
1922,S03,1,1,1,1,0.533,0.5930092,1,True,True,test,0.533,0.5930092
33,S03,0,3,3,0,0.64,0.6388717,0,False,True,test,0.64,0.6388717
2562,S01,1,2,1,1,0.527,0.5772851,0,True,True,test,0.527,0.5772851
1906,S02,0,0,0,2,0.64,0.57184577,1,True,False,test,0.64,0.57184577
2794,S03,0,2,2,0,0.2,0.60383147,0,False,True,test,0.2,0.60383147
513,S03,1,1,3,0,0.553,0.55553275,1,False,False,test,0.553,0.55553275
3216,S01,0,0,2,0,0.527,0.59205556,1,False,True,test,0.527,0.59205556
2528,S02,1,3,3,1,0.586,0.6848842,0,False,True,test,0.586,0.6848842
2123,S01,3,3,2,3,0.783,0.5763219,1,False,True,test,0.783,0.5763219
1417,S01,3,0,3,3,0.592,0.6367831,0,True,True,test,0.592,0.6367831
439,S03,1,1,1,3,0.464,0.6151853,1,True,False,test,0.464,0.6151853
546,S03,2,3,2,2,0.585,0.62776184,0,True,True,test,0.585,0.62776184
232,S01,0,3,0,0,0.8,0.645731,0,True,True,test,0.8,0.645731
1680,S01,1,2,3,0,0.592,0.56380475,0,False,False,test,0.592,0.56380475
6005,S02,2,2,2,2,0.565,0.5836646,1,True,True,test,0.565,0.5836646
3173,S02,3,1,3,1,0.561,0.63108635,0,True,False,test,0.561,0.63108635
4985,S02,2,2,2,2,0.586,0.5425892,1,True,True,test,0.586,0.5425892
4750,S02,1,1,3,0,0.606,0.58487135,1,False,False,test,0.606,0.58487135
4386,S01,1,1,1,1,0.609,0.6352011,1,True,True,test,0.609,0.6352011
3293,S01,1,0,1,1,0.747,0.6236073,0,True,True,test,0.747,0.6236073
538,S02,3,0,3,0,0.602,0.6407773,0,True,False,test,0.602,0.6407773
996,S03,2,1,2,2,0.573,0.60290796,0,True,True,test,0.573,0.60290796
5589,S01,2,0,2,0,0.864,0.5637542,0,True,False,test,0.864,0.5637542
5259,S03,1,2,2,1,0.621,0.59776336,0,False,True,test,0.621,0.59776336
1244,S02,3,1,3,3,0.635,0.641441,0,True,True,test,0.635,0.641441
3954,S02,1,1,1,1,0.57,0.633966,1,True,True,test,0.57,0.633966
23,S03,2,0,2,2,0.543,0.54710245,0,True,True,test,0.543,0.54710245
641,S02,1,3,1,3,0.582,0.64036024,0,True,False,test,0.582,0.64036024
6077,S03,1,3,1,3,0.548,0.6416662,0,True,False,test,0.548,0.6416662
3369,S02,0,1,1,3,0.61,0.62875456,0,False,False,test,0.61,0.62875456
3145,S03,3,0,0,0,0.516,0.6599735,0,False,False,test,0.516,0.6599735
5428,S02,0,1,1,0,0.559,0.60597503,0,False,True,test,0.559,0.60597503
2919,S01,2,3,2,2,0.64,0.6551651,0,True,True,test,0.64,0.6551651
160,S02,0,1,1,0,0.61,0.5593925,0,False,True,test,0.61,0.5593925
1005,S03,1,1,1,3,0.488,0.58903444,1,True,False,test,0.488,0.58903444
5194,S02,3,3,1,2,0.584,0.5702934,1,False,False,test,0.584,0.5702934
3457,S03,0,0,0,0,0.536,0.5801736,1,True,True,test,0.536,0.5801736
3657,S03,0,2,2,0,0.544,0.5834641,0,False,True,test,0.544,0.5834641
2075,S02,0,0,2,0,0.603,0.582492,1,False,True,test,0.603,0.582492
3355,S01,3,0,0,3,0.683,0.6665632,0,False,True,test,0.683,0.6665632
2125,S01,0,2,0,2,0.805,0.60671127,0,True,False,test,0.805,0.60671127
642,S02,2,2,3,2,0.581,0.5650498,1,False,True,test,0.581,0.5650498
1748,S02,0,0,0,0,0.55,0.57824117,1,True,True,test,0.55,0.57824117
1623,S02,3,1,1,0,0.53,0.64903206,0,False,False,test,0.53,0.64903206
1114,S02,0,0,3,1,0.207,0.5548949,1,False,False,test,0.207,0.5548949
2505,S01,3,3,3,3,0.672,0.6085708,1,True,True,test,0.672,0.6085708
3717,S01,3,3,2,1,0.591,0.587213,1,False,False,test,0.591,0.587213
4378,S02,1,3,1,2,0.637,0.6784353,0,True,False,test,0.637,0.6784353
3566,S02,1,1,2,2,0.671,0.55942625,1,False,False,test,0.671,0.55942625
1033,S01,2,0,2,0,0.654,0.5931642,0,True,False,test,0.654,0.5931642
5327,S02,1,3,1,1,0.61,0.6441001,0,True,True,test,0.61,0.6441001
4700,S01,2,2,2,2,0.624,0.5712748,1,True,True,test,0.624,0.5712748
3928,S02,3,1,2,3,0.621,0.6523529,0,False,True,test,0.621,0.6523529
2203,S02,0,1,0,0,0.668,0.6160193,0,True,True,test,0.668,0.6160193
4925,S03,2,0,2,2,0.608,0.5441983,0,True,True,test,0.608,0.5441983
4865,S03,0,2,0,2,0.678,0.58678776,0,True,False,test,0.678,0.58678776
3731,S01,0,3,0,0,0.579,0.62495595,0,True,True,test,0.579,0.62495595
1505,S01,2,2,3,1,0.559,0.5313669,1,False,False,test,0.559,0.5313669
3620,S01,3,1,3,3,0.783,0.6442457,0,True,True,test,0.783,0.6442457
1193,S01,1,1,1,3,0.736,0.5945407,1,True,False,test,0.736,0.5945407
716,S03,1,1,1,1,0.446,0.5750731,1,True,True,test,0.446,0.5750731
4944,S02,3,0,3,0,0.62,0.63488173,0,True,False,test,0.62,0.63488173
2689,S01,0,3,0,0,0.589,0.6330655,0,True,True,test,0.589,0.6330655
5616,S01,2,2,0,2,0.623,0.579964,1,False,True,test,0.623,0.579964
2977,S02,2,2,2,2,0.623,0.54801905,1,True,True,test,0.623,0.54801905
5385,S03,0,2,2,0,0.592,0.6254902,0,False,True,test,0.592,0.6254902
5530,S01,0,0,0,0,0.689,0.58461964,1,True,True,test,0.689,0.58461964
4793,S03,2,2,2,2,0.494,0.5832309,1,True,True,test,0.494,0.5832309
4739,S02,3,1,1,1,0.57,0.61723906,0,False,False,test,0.57,0.61723906
5519,S03,3,0,3,3,0.64,0.65127826,0,True,True,test,0.64,0.65127826
1624,S01,1,2,2,3,0.608,0.58691835,0,False,False,test,0.608,0.58691835
1093,S02,2,0,3,2,0.617,0.58095753,0,False,True,test,0.617,0.58095753
2610,S02,1,1,2,1,0.577,0.5534114,1,False,True,test,0.577,0.5534114
917,S03,0,0,0,0,0.536,0.5964479,1,True,True,test,0.536,0.5964479
2171,S03,1,2,1,1,0.496,0.6120064,0,True,True,test,0.496,0.6120064
935,S02,1,2,2,1,0.6,0.5853615,0,False,True,test,0.6,0.5853615
3959,S01,1,2,1,1,0.656,0.57514477,0,True,True,test,0.656,0.57514477
5553,S02,3,3,3,0,0.576,0.5709408,1,True,False,test,0.576,0.5709408
5260,S03,2,2,2,2,0.523,0.58063656,1,True,True,test,0.523,0.58063656
5015,S03,2,3,3,3,0.601,0.6552381,0,False,False,test,0.601,0.6552381
1384,S03,3,2,3,3,0.61,0.68513304,0,True,True,test,0.61,0.68513304
1637,S03,3,3,3,2,0.519,0.5722828,1,True,False,test,0.519,0.5722828
153,S02,3,3,3,3,0.751,0.58285177,1,True,True,test,0.751,0.58285177
5857,S01,0,0,2,0,0.511,0.59670043,1,False,True,test,0.511,0.59670043
2301,S02,1,2,1,1,0.549,0.6210137,0,True,True,test,0.549,0.6210137
524,S01,1,1,1,3,0.208,0.5721522,1,True,False,test,0.208,0.5721522
1223,S02,3,0,3,0,0.58,0.6889282,0,True,False,test,0.58,0.6889282
503,S01,3,0,0,3,0.621,0.6843936,0,False,True,test,0.621,0.6843936
4265,S02,3,2,3,2,0.533,0.6914171,0,True,False,test,0.533,0.6914171
3851,S02,2,2,2,2,0.569,0.5403285,1,True,True,test,0.569,0.5403285
5040,S01,0,3,0,2,0.72,0.6448417,0,True,False,test,0.72,0.6448417
2982,S02,3,1,3,3,0.57,0.6472326,0,True,True,test,0.57,0.6472326
5645,S01,2,0,3,0,0.863,0.54658973,0,False,False,test,0.863,0.54658973
863,S01,3,3,3,3,0.671,0.5688781,1,True,True,test,0.671,0.5688781
5406,S01,2,2,2,2,0.687,0.5811031,1,True,True,test,0.687,0.5811031
245,S02,2,3,2,2,0.925,0.6358774,0,True,True,test,0.925,0.6358774
1549,S03,1,1,1,1,0.494,0.58221257,1,True,True,test,0.494,0.58221257
2552,S02,0,1,0,1,0.6,0.5750168,0,True,False,test,0.6,0.5750168
4213,S01,3,2,3,3,0.672,0.61969066,0,True,True,test,0.672,0.61969066
4778,S02,2,2,1,2,0.556,0.5465069,1,False,True,test,0.556,0.5465069
2743,S03,2,1,2,1,0.528,0.5922686,0,True,False,test,0.528,0.5922686
5487,S02,0,0,1,0,0.59,0.5765024,1,False,True,test,0.59,0.5765024
1655,S03,1,0,0,1,0.519,0.6273664,0,False,True,test,0.519,0.6273664
4257,S02,1,1,3,3,0.591,0.5784096,1,False,False,test,0.591,0.5784096
5546,S02,1,1,1,1,0.6,0.5856848,1,True,True,test,0.6,0.5856848
1254,S01,2,1,2,2,0.715,0.6169917,0,True,True,test,0.715,0.6169917
2975,S03,3,3,1,3,0.555,0.55827665,1,False,True,test,0.555,0.55827665
3999,S01,2,2,2,2,0.544,0.5524235,1,True,True,test,0.544,0.5524235
1058,S03,1,0,1,3,0.574,0.66322315,0,True,False,test,0.574,0.66322315
1513,S01,2,2,2,2,0.591,0.56196654,1,True,True,test,0.591,0.56196654
1790,S01,1,1,1,1,0.623,0.57513434,1,True,True,test,0.623,0.57513434
298,S02,0,0,0,0,0.56,0.57931376,1,True,True,test,0.56,0.57931376
1843,S02,3,1,3,1,0.644,0.6383178,0,True,False,test,0.644,0.6383178
5770,S02,0,0,0,0,1.04,0.5802752,1,True,True,test,1.04,0.5802752
5763,S02,1,0,1,0,0.653,0.6436634,0,True,False,test,0.653,0.6436634
5103,S02,0,1,0,1,0.76,0.6271675,0,True,False,test,0.76,0.6271675
6121,S02,2,2,2,2,0.589,0.5469601,1,True,True,test,0.589,0.5469601
966,S01,0,3,3,2,0.688,0.6588817,0,False,False,test,0.688,0.6588817
986,S03,1,1,1,1,0.517,0.57404226,1,True,True,test,0.517,0.57404226
5469,S03,2,3,2,3,0.483,0.61404955,0,True,False,test,0.483,0.61404955
609,S01,3,3,0,3,0.496,0.57889766,1,False,True,test,0.496,0.57889766
3748,S01,2,1,2,1,0.819,0.59862924,0,True,False,test,0.819,0.59862924
3088,S03,2,2,2,2,0.435,0.560382,1,True,True,test,0.435,0.560382
971,S01,3,2,3,2,0.621,0.63389534,0,True,False,test,0.621,0.63389534
3602,S01,1,2,1,2,0.751,0.6085601,0,True,False,test,0.751,0.6085601
242,S01,2,3,3,2,0.447,0.6390408,0,False,True,test,0.447,0.6390408
1952,S03,1,1,1,1,0.49,0.5520313,1,True,True,test,0.49,0.5520313
5547,S03,2,2,3,2,0.724,0.5530106,1,False,True,test,0.724,0.5530106
6009,S03,0,0,0,3,0.493,0.5878804,1,True,False,test,0.493,0.5878804
2007,S02,2,2,2,2,0.599,0.55180514,1,True,True,test,0.599,0.55180514
5840,S01,2,0,0,2,0.621,0.58284104,0,False,True,test,0.621,0.58284104
4998,S02,0,3,3,0,0.56,0.64334905,0,False,True,test,0.56,0.64334905
147,S03,2,2,2,0,0.602,0.5625258,1,True,False,test,0.602,0.5625258
4902,S01,2,3,2,3,0.735,0.60767376,0,True,False,test,0.735,0.60767376
3451,S02,0,1,3,0,0.593,0.5778668,0,False,True,test,0.593,0.5778668
6187,S02,2,0,0,0,0.592,0.5617547,0,False,False,test,0.592,0.5617547
1159,S01,2,2,0,2,0.752,0.618663,1,False,True,test,0.752,0.618663
5625,S03,2,2,2,2,0.548,0.57305247,1,True,True,test,0.548,0.57305247
4328,S01,1,1,1,1,0.527,0.61174446,1,True,True,test,0.527,0.61174446
3813,S02,1,1,1,1,0.62,0.59450746,1,True,True,test,0.62,0.59450746
3318,S02,2,3,3,2,0.6,0.61725414,0,False,True,test,0.6,0.61725414
116,S02,2,0,0,2,0.46,0.5863898,0,False,True,test,0.46,0.5863898
2347,S01,0,0,0,0,0.608,0.5656975,1,True,True,test,0.608,0.5656975
792,S03,2,1,2,2,0.539,0.5829467,0,True,True,test,0.539,0.5829467
1487,S01,2,3,2,3,0.64,0.63100857,0,True,False,test,0.64,0.63100857
5021,S02,2,3,2,2,0.579,0.6115761,0,True,True,test,0.579,0.6115761
5435,S02,0,0,0,0,0.634,0.5895093,1,True,True,test,0.634,0.5895093
2949,S02,3,3,3,0,0.533,0.588237,1,True,False,test,0.533,0.588237
2096,S03,2,2,2,0,0.542,0.58008486,1,True,False,test,0.542,0.58008486
1088,S02,1,0,0,1,0.582,0.61128247,0,False,True,test,0.582,0.61128247
1394,S03,3,0,3,3,0.679,0.6524928,0,True,True,test,0.679,0.6524928
6058,S02,3,2,3,2,0.54,0.63906235,0,True,False,test,0.54,0.63906235
57,S03,3,1,3,3,0.587,0.60993916,0,True,True,test,0.587,0.60993916
4601,S03,1,1,1,3,0.553,0.60513115,1,True,False,test,0.553,0.60513115
3676,S02,0,0,3,0,0.62,0.58268607,1,False,True,test,0.62,0.58268607
3273,S02,1,2,2,1,0.621,0.57900316,0,False,True,test,0.621,0.57900316
5266,S03,0,0,0,0,0.493,0.5969914,1,True,True,test,0.493,0.5969914
1219,S01,0,0,3,0,0.63,0.5816997,1,False,True,test,0.63,0.5816997
4003,S03,1,2,1,0,0.611,0.6387731,0,True,False,test,0.611,0.6387731
1650,S02,3,3,3,3,0.657,0.56691325,1,True,True,test,0.657,0.56691325
5850,S03,1,1,1,1,0.529,0.5802311,1,True,True,test,0.529,0.5802311
2385,S01,1,2,1,2,0.687,0.59347385,0,True,False,test,0.687,0.59347385
2289,S02,3,1,1,3,0.563,0.6591012,0,False,True,test,0.563,0.6591012
3649,S03,1,2,1,3,0.563,0.61127025,0,True,False,test,0.563,0.61127025
5114,S01,3,1,1,1,0.682,0.6693839,0,False,False,test,0.682,0.6693839
2433,S02,2,1,1,1,0.6,0.59333163,0,False,False,test,0.6,0.59333163
5821,S02,3,2,3,3,0.595,0.72303617,0,True,True,test,0.595,0.72303617
279,S02,3,0,3,3,0.599,0.66205144,0,True,True,test,0.599,0.66205144
4652,S03,2,1,2,2,0.496,0.59431636,0,True,True,test,0.496,0.59431636
3163,S01,2,0,2,2,0.59,0.55464077,0,True,True,test,0.59,0.55464077
2337,S01,3,3,0,2,0.544,0.59920305,1,False,False,test,0.544,0.59920305
2575,S03,0,0,2,0,0.463,0.57880884,1,False,True,test,0.463,0.57880884
1987,S03,3,3,3,1,0.547,0.57057196,1,True,False,test,0.547,0.57057196
2261,S01,0,1,2,0,0.799,0.5922222,0,False,True,test,0.799,0.5922222
2312,S01,1,1,3,1,0.576,0.63765985,1,False,True,test,0.576,0.63765985
5807,S01,0,2,0,0,0.737,0.61137295,0,True,True,test,0.737,0.61137295
3493,S02,3,3,1,1,0.634,0.59518236,1,False,False,test,0.634,0.59518236
907,S01,2,2,2,2,0.703,0.5656131,1,True,True,test,0.703,0.5656131
4656,S02,3,2,3,0,0.57,0.65693235,0,True,False,test,0.57,0.65693235
1863,S01,3,3,0,0,0.576,0.5892417,1,False,False,test,0.576,0.5892417
6126,S02,3,0,3,0,0.653,0.6482814,0,True,False,test,0.653,0.6482814
2911,S02,3,3,3,0,0.524,0.573337,1,True,False,test,0.524,0.573337
4316,S03,3,2,2,3,0.552,0.6821867,0,False,True,test,0.552,0.6821867
4922,S03,1,1,1,1,0.586,0.58214754,1,True,True,test,0.586,0.58214754
3438,S01,0,1,0,1,0.72,0.5727163,0,True,False,test,0.72,0.5727163
3261,S03,3,3,3,3,0.608,0.60031176,1,True,True,test,0.608,0.60031176
2878,S01,2,1,2,2,0.767,0.6062402,0,True,True,test,0.767,0.6062402
3651,S03,1,0,1,1,0.507,0.64405143,0,True,True,test,0.507,0.64405143
4570,S01,1,3,1,1,0.688,0.65677565,0,True,True,test,0.688,0.65677565
4124,S01,3,3,0,3,0.657,0.5574826,1,False,True,test,0.657,0.5574826
3530,S01,2,1,2,2,0.607,0.5652246,0,True,True,test,0.607,0.5652246
5172,S03,2,2,2,2,0.548,0.5701492,1,True,True,test,0.548,0.5701492
3011,S03,3,3,3,3,0.64,0.58198786,1,True,True,test,0.64,0.58198786
1285,S02,0,0,0,0,0.58,0.5838972,1,True,True,test,0.58,0.5838972
118,S01,1,1,1,3,0.607,0.59209085,1,True,False,test,0.607,0.59209085
3219,S03,3,2,3,2,0.64,0.6486553,0,True,False,test,0.64,0.6486553
3476,S01,3,3,2,2,0.735,0.58189166,1,False,False,test,0.735,0.58189166
128,S03,1,0,3,1,0.63,0.6279121,0,False,True,test,0.63,0.6279121
2023,S02,1,2,1,1,0.579,0.56965005,0,True,True,test,0.579,0.56965005
3568,S03,0,0,0,0,0.544,0.5595517,1,True,True,test,0.544,0.5595517
5696,S03,3,1,1,2,0.535,0.7092068,0,False,False,test,0.535,0.7092068
4972,S02,0,0,0,3,0.571,0.5735021,1,True,False,test,0.571,0.5735021
2567,S02,3,0,3,3,0.6,0.62754405,0,True,True,test,0.6,0.62754405
1514,S02,1,1,1,3,0.567,0.6481436,1,True,False,test,0.567,0.6481436
3463,S03,2,2,2,2,0.451,0.5585384,1,True,True,test,0.451,0.5585384
4076,S01,2,0,0,2,0.526,0.52391094,0,False,True,test,0.526,0.52391094
5577,S03,2,3,2,2,0.683,0.62027246,0,True,True,test,0.683,0.62027246
847,S01,0,3,3,0,0.591,0.65301526,0,False,True,test,0.591,0.65301526
3727,S03,1,0,1,3,0.557,0.62682694,0,True,False,test,0.557,0.62682694
1171,S03,2,1,1,2,0.495,0.59653956,0,False,True,test,0.495,0.59653956
5947,S01,3,3,1,3,0.591,0.5458493,1,False,True,test,0.591,0.5458493
5066,S02,0,0,3,0,0.663,0.58370745,1,False,True,test,0.663,0.58370745
5853,S02,1,1,3,2,0.2,0.62085885,1,False,False,test,0.2,0.62085885
2777,S02,0,0,3,0,0.34,0.5784065,1,False,True,test,0.34,0.5784065
5056,S02,3,2,2,3,0.65,0.6250058,0,False,True,test,0.65,0.6250058
1073,S03,2,3,2,3,0.664,0.64164037,0,True,False,test,0.664,0.64164037
2764,S01,3,0,0,0,0.662,0.6500766,0,False,False,test,0.662,0.6500766
4892,S03,0,1,1,0,0.534,0.5998252,0,False,True,test,0.534,0.5998252
4790,S02,2,2,2,2,0.568,0.56572306,1,True,True,test,0.568,0.56572306
5561,S03,1,1,1,3,0.487,0.54894483,1,True,False,test,0.487,0.54894483
5403,S03,0,3,0,2,0.482,0.6285281,0,True,False,test,0.482,0.6285281
2221,S02,1,1,1,3,0.531,0.57375336,1,True,False,test,0.531,0.57375336
3522,S03,3,1,3,1,0.513,0.7008322,0,True,False,test,0.513,0.7008322
3474,S01,3,2,3,3,0.627,0.66476285,0,True,True,test,0.627,0.66476285
894,S02,0,0,0,0,0.61,0.59960693,1,True,True,test,0.61,0.59960693
1049,S01,0,0,0,3,0.64,0.5861572,1,True,False,test,0.64,0.5861572
4682,S01,0,2,2,2,0.69,0.6116104,0,False,False,test,0.69,0.6116104
5881,S02,0,0,0,0,0.681,0.5505873,1,True,True,test,0.681,0.5505873
5668,S03,3,1,3,1,0.504,0.61425185,0,True,False,test,0.504,0.61425185
2661,S03,1,1,1,1,0.654,0.606054,1,True,True,test,0.654,0.606054
1521,S02,0,1,0,1,0.659,0.60567003,0,True,False,test,0.659,0.60567003
3527,S01,0,2,2,0,0.541,0.60238683,0,False,True,test,0.541,0.60238683
3180,S01,0,1,1,1,0.605,0.60666466,0,False,False,test,0.605,0.60666466
3899,S03,2,3,2,2,0.614,0.6243896,0,True,True,test,0.614,0.6243896
2837,S01,3,0,3,3,0.559,0.6338852,0,True,True,test,0.559,0.6338852
4599,S03,0,3,0,0,0.542,0.61330855,0,True,True,test,0.542,0.61330855
363,S01,2,3,3,1,0.527,0.6174534,0,False,False,test,0.527,0.6174534
4074,S03,3,1,1,1,0.492,0.6444386,0,False,False,test,0.492,0.6444386
3689,S01,2,2,2,3,0.655,0.58340806,1,True,False,test,0.655,0.58340806
682,S01,2,2,2,2,0.577,0.5370513,1,True,True,test,0.577,0.5370513
2693,S02,3,3,3,3,0.6,0.5702213,1,True,True,test,0.6,0.5702213
226,S02,1,3,1,3,0.871,0.6657321,0,True,False,test,0.871,0.6657321
5996,S03,0,0,0,3,0.534,0.5844341,1,True,False,test,0.534,0.5844341
2371,S01,2,2,2,0,0.541,0.55443025,1,True,False,test,0.541,0.55443025
1883,S03,3,0,0,1,0.537,0.6351172,0,False,False,test,0.537,0.6351172
2984,S03,3,1,1,2,0.502,0.6290638,0,False,False,test,0.502,0.6290638
4036,S02,0,0,1,3,0.534,0.5806189,1,False,False,test,0.534,0.5806189
4173,S01,0,1,0,0,0.911,0.5672414,0,True,True,test,0.911,0.5672414
4551,S01,0,3,0,0,0.607,0.5887965,0,True,True,test,0.607,0.5887965
1366,S01,1,1,1,1,0.592,0.5909102,1,True,True,test,0.592,0.5909102
4531,S02,1,1,3,3,0.539,0.6269184,1,False,False,test,0.539,0.6269184
2177,S03,3,2,2,0,0.622,0.69165665,0,False,False,test,0.622,0.69165665
5522,S02,2,1,2,2,0.694,0.61353135,0,True,True,test,0.694,0.61353135
3264,S03,3,0,3,3,0.609,0.6277282,0,True,True,test,0.609,0.6277282
2112,S02,1,1,1,3,0.557,0.62157667,1,True,False,test,0.557,0.62157667
1135,S02,2,2,2,1,0.621,0.55435455,1,True,False,test,0.621,0.55435455
346,S01,1,3,1,3,0.64,0.6547705,0,True,False,test,0.64,0.6547705
2512,S02,0,0,0,0,0.57,0.58217806,1,True,True,test,0.57,0.58217806
4374,S03,1,1,2,3,0.51,0.59520525,1,False,False,test,0.51,0.59520525
4337,S01,1,1,3,3,0.575,0.56800675,1,False,False,test,0.575,0.56800675
699,S02,0,3,0,2,0.724,0.64771795,0,True,False,test,0.724,0.64771795
5070,S02,3,2,2,3,0.667,0.65744424,0,False,True,test,0.667,0.65744424
892,S02,2,1,2,2,0.643,0.6111,0,True,True,test,0.643,0.6111
1873,S02,2,2,0,2,0.609,0.555112,1,False,True,test,0.609,0.555112
3666,S03,3,2,3,2,0.622,0.62307376,0,True,False,test,0.622,0.62307376
4395,S02,0,2,0,0,0.736,0.6124611,0,True,True,test,0.736,0.6124611
5432,S02,0,0,0,3,0.701,0.5823269,1,True,False,test,0.701,0.5823269
4459,S02,2,2,2,2,0.598,0.5398244,1,True,True,test,0.598,0.5398244
4634,S01,3,3,2,3,0.623,0.5739319,1,False,True,test,0.623,0.5739319
804,S02,2,3,2,2,0.976,0.63793415,0,True,True,test,0.976,0.63793415
3338,S01,0,0,1,0,1.008,0.57877,1,False,True,test,1.008,0.57877
1389,S02,1,2,1,1,0.55,0.6143429,0,True,True,test,0.55,0.6143429
3141,S03,1,1,1,1,0.503,0.5768272,1,True,True,test,0.503,0.5768272
4141,S02,3,2,2,2,0.655,0.6268747,0,False,False,test,0.655,0.6268747
5987,S01,2,2,2,0,0.64,0.59189624,1,True,False,test,0.64,0.59189624
2250,S03,0,0,0,0,0.632,0.56604195,1,True,True,test,0.632,0.56604195
530,S02,3,3,3,3,0.59,0.58660847,1,True,True,test,0.59,0.58660847
1236,S03,2,0,0,2,0.553,0.5312567,0,False,True,test,0.553,0.5312567
2183,S02,0,2,2,2,0.595,0.61511916,0,False,False,test,0.595,0.61511916
4163,S01,2,1,2,2,0.64,0.6107704,0,True,True,test,0.64,0.6107704
5479,S01,0,0,2,0,0.479,0.5902138,1,False,True,test,0.479,0.5902138
6190,S01,0,0,0,0,0.48,0.57284844,1,True,True,test,0.48,0.57284844
1712,S01,1,0,1,1,0.703,0.6149715,0,True,True,test,0.703,0.6149715
1744,S03,3,1,1,1,0.473,0.6619418,0,False,False,test,0.473,0.6619418
4679,S03,3,1,3,1,0.744,0.62238383,0,True,False,test,0.744,0.62238383
4510,S01,1,3,1,2,0.93,0.6203785,0,True,False,test,0.93,0.6203785
4010,S03,2,1,2,2,0.556,0.62003875,0,True,True,test,0.556,0.62003875
1846,S03,3,3,3,3,0.518,0.5374513,1,True,True,test,0.518,0.5374513
459,S02,1,0,1,1,0.544,0.6356301,0,True,True,test,0.544,0.6356301
263,S01,2,2,2,2,0.719,0.55902517,1,True,True,test,0.719,0.55902517
6166,S02,0,0,3,0,0.53,0.5438227,1,False,True,test,0.53,0.5438227
4639,S02,1,1,1,1,0.613,0.6262247,1,True,True,test,0.613,0.6262247
4421,S03,2,1,2,2,0.506,0.6037459,0,True,True,test,0.506,0.6037459
2390,S01,2,0,0,0,0.637,0.5802023,0,False,False,test,0.637,0.5802023
4521,S03,1,0,1,2,0.481,0.6033759,0,True,False,test,0.481,0.6033759
4412,S02,3,3,3,0,0.555,0.54965395,1,True,False,test,0.555,0.54965395
5892,S02,1,1,1,2,0.581,0.58806485,1,True,False,test,0.581,0.58806485
1274,S02,1,1,1,3,0.58,0.5962756,1,True,False,test,0.58,0.5962756
1504,S01,2,1,2,2,0.719,0.6186994,0,True,True,test,0.719,0.6186994
2502,S02,3,3,3,2,0.63,0.5928176,1,True,False,test,0.63,0.5928176
1687,S01,0,3,0,0,0.816,0.6152127,0,True,True,test,0.816,0.6152127
5701,S02,1,2,2,1,0.575,0.56455374,0,False,True,test,0.575,0.56455374
5556,S03,2,3,2,2,0.579,0.6465736,0,True,True,test,0.579,0.6465736
1144,S02,2,1,3,2,0.581,0.5877707,0,False,True,test,0.581,0.5877707
1440,S03,0,1,0,0,0.637,0.6386791,0,True,True,test,0.637,0.6386791
5878,S03,2,2,2,2,0.517,0.556887,1,True,True,test,0.517,0.556887
1370,S02,0,3,0,3,0.723,0.61944574,0,True,False,test,0.723,0.61944574
5956,S03,3,0,3,0,0.617,0.6668743,0,True,False,test,0.617,0.6668743
4131,S03,3,0,3,3,0.696,0.6318365,0,True,True,test,0.696,0.6318365
1651,S03,1,2,1,1,0.548,0.6357606,0,True,True,test,0.548,0.6357606
3546,S01,2,0,1,1,0.799,0.56292623,0,False,False,test,0.799,0.56292623
313,S03,0,0,0,0,0.622,0.5741269,1,True,True,test,0.622,0.5741269
5170,S03,2,0,0,0,0.541,0.54289365,0,False,False,test,0.541,0.54289365
4597,S01,1,2,1,1,0.624,0.59805006,0,True,True,test,0.624,0.59805006
6157,S02,1,3,3,3,0.65,0.6718338,0,False,False,test,0.65,0.6718338
6135,S03,1,1,1,1,0.535,0.5958468,1,True,True,test,0.535,0.5958468
4731,S03,2,3,2,2,0.527,0.66340655,0,True,True,test,0.527,0.66340655
3965,S01,1,1,2,1,0.643,0.63419455,1,False,True,test,0.643,0.63419455
1671,S01,2,2,2,3,0.605,0.57283837,1,True,False,test,0.605,0.57283837
1047,S03,1,0,1,1,0.56,0.63187873,0,True,True,test,0.56,0.63187873
315,S03,2,2,0,2,0.525,0.5873118,1,False,True,test,0.525,0.5873118
2166,S02,0,2,0,0,0.619,0.6090613,0,True,True,test,0.619,0.6090613
1230,S02,2,2,3,2,0.208,0.52885216,1,False,True,test,0.208,0.52885216
4434,S03,2,1,2,2,0.587,0.63963324,0,True,True,test,0.587,0.63963324
64,S03,0,3,0,1,0.648,0.6628618,0,True,False,test,0.648,0.6628618
3582,S01,2,1,2,2,0.883,0.5875006,0,True,True,test,0.883,0.5875006
4873,S01,3,3,2,2,0.543,0.6087456,1,False,False,test,0.543,0.6087456
837,S02,2,0,2,0,0.575,0.57854533,0,True,False,test,0.575,0.57854533
3986,S01,2,2,3,2,0.639,0.5363392,1,False,True,test,0.639,0.5363392
306,S02,3,3,1,3,0.619,0.5952508,1,False,True,test,0.619,0.5952508
854,S02,3,0,3,1,0.67,0.6355557,0,True,False,test,0.67,0.6355557
205,S02,0,0,0,0,0.561,0.58589154,1,True,True,test,0.561,0.58589154
879,S02,3,2,2,3,0.611,0.6591913,0,False,True,test,0.611,0.6591913
4677,S02,1,2,1,2,0.79,0.5942868,0,True,False,test,0.79,0.5942868
252,S02,3,3,2,3,0.6,0.5717585,1,False,True,test,0.6,0.5717585
1997,S03,3,1,2,3,0.488,0.63035035,0,False,True,test,0.488,0.63035035
4024,S03,0,0,0,0,0.55,0.589355,1,True,True,test,0.55,0.589355
3398,S03,0,0,2,0,0.471,0.56825197,1,False,True,test,0.471,0.56825197
4032,S02,1,2,1,1,0.58,0.61537504,0,True,True,test,0.58,0.61537504
3055,S01,0,0,0,1,0.668,0.5803633,1,True,False,test,0.668,0.5803633
5401,S03,1,1,1,3,0.56,0.6215079,1,True,False,test,0.56,0.6215079
5818,S01,1,3,3,0,0.608,0.6516103,0,False,False,test,0.608,0.6516103
2173,S03,2,3,2,2,0.559,0.6282264,0,True,True,test,0.559,0.6282264
2251,S03,3,3,3,1,0.59,0.5727859,1,True,False,test,0.59,0.5727859
4527,S03,1,0,1,0,0.784,0.6473184,0,True,False,test,0.784,0.6473184
479,S01,3,0,3,3,0.623,0.64388984,0,True,True,test,0.623,0.64388984
4901,S02,3,1,3,2,0.587,0.6495101,0,True,False,test,0.587,0.6495101
5594,S02,3,3,3,3,0.549,0.57214737,1,True,True,test,0.549,0.57214737
5643,S03,0,0,2,0,0.496,0.6164659,1,False,True,test,0.496,0.6164659
2088,S01,0,2,1,0,0.528,0.5859845,0,False,True,test,0.528,0.5859845
5890,S02,0,1,0,3,0.61,0.6155505,0,True,False,test,0.61,0.6155505
3150,S01,1,1,3,1,0.671,0.5737281,1,False,True,test,0.671,0.5737281
3059,S03,2,2,2,2,0.534,0.55555874,1,True,True,test,0.534,0.55555874
4449,S01,1,1,2,1,0.591,0.5736694,1,False,True,test,0.591,0.5736694
2913,S02,0,0,0,3,0.608,0.56197983,1,True,False,test,0.608,0.56197983
310,S02,1,0,1,1,0.651,0.59445506,0,True,True,test,0.651,0.59445506
4814,S03,3,1,3,3,0.595,0.670311,0,True,True,test,0.595,0.670311
3208,S02,0,2,2,3,0.53,0.62405753,0,False,False,test,0.53,0.62405753
82,S01,1,1,1,3,0.656,0.60749453,1,True,False,test,0.656,0.60749453
1179,S02,1,1,3,3,0.71,0.56705034,1,False,False,test,0.71,0.56705034
1841,S01,0,2,0,0,0.69,0.60175574,0,True,True,test,0.69,0.60175574
2328,S02,2,2,1,2,0.589,0.56027424,1,False,True,test,0.589,0.56027424
5093,S02,0,0,2,0,0.61,0.57583976,1,False,True,test,0.61,0.57583976
2771,S01,1,3,3,3,0.67,0.695797,0,False,False,test,0.67,0.695797
4617,S03,3,3,3,3,0.437,0.56767565,1,True,True,test,0.437,0.56767565
5474,S01,3,3,3,3,0.594,0.5462916,1,True,True,test,0.594,0.5462916
3241,S02,0,2,0,0,0.999,0.609422,0,True,True,test,0.999,0.609422
2021,S02,0,3,0,0,0.631,0.6701371,0,True,True,test,0.631,0.6701371
4239,S03,3,3,3,3,0.528,0.5701408,1,True,True,test,0.528,0.5701408
1414,S01,0,0,0,1,0.743,0.5715674,1,True,False,test,0.743,0.5715674
294,S02,3,1,3,3,0.62,0.6233036,0,True,True,test,0.62,0.6233036
3468,S03,3,3,3,3,0.617,0.5682782,1,True,True,test,0.617,0.5682782
3324,S02,3,1,1,1,0.571,0.6366463,0,False,False,test,0.571,0.6366463
1014,S01,3,0,0,3,0.623,0.6593021,0,False,True,test,0.623,0.6593021
6082,S01,1,1,3,3,0.767,0.63073,1,False,False,test,0.767,0.63073
5495,S03,3,3,3,3,0.534,0.6029772,1,True,True,test,0.534,0.6029772
5369,S03,0,0,0,0,0.512,0.56832147,1,True,True,test,0.512,0.56832147
5991,S02,3,0,3,0,0.69,0.66840154,0,True,False,test,0.69,0.66840154
2651,S01,0,0,0,0,0.64,0.5461715,1,True,True,test,0.64,0.5461715
1770,S01,1,3,1,1,0.592,0.6879229,0,True,True,test,0.592,0.6879229
5882,S03,2,2,2,2,0.497,0.53339595,1,True,True,test,0.497,0.53339595
1767,S03,3,1,3,3,0.688,0.6320349,0,True,True,test,0.688,0.6320349
2568,S02,3,3,3,3,0.531,0.59246606,1,True,True,test,0.531,0.59246606
2532,S02,1,3,1,0,0.728,0.6455677,0,True,False,test,0.728,0.6455677
5176,S01,0,3,0,0,0.703,0.6395002,0,True,True,test,0.703,0.6395002
2924,S02,0,3,3,0,0.632,0.6403737,0,False,True,test,0.632,0.6403737
4804,S02,1,2,2,1,0.565,0.5990859,0,False,True,test,0.565,0.5990859
3015,S03,3,1,3,3,0.639,0.66498274,0,True,True,test,0.639,0.66498274
1368,S03,2,2,2,1,0.515,0.5601627,1,True,False,test,0.515,0.5601627
529,S03,3,3,0,3,0.495,0.5453889,1,False,True,test,0.495,0.5453889
3155,S02,0,0,1,0,0.629,0.5798224,1,False,True,test,0.629,0.5798224
1848,S02,2,2,2,2,0.642,0.54079974,1,True,True,test,0.642,0.54079974
2394,S01,1,1,3,3,0.704,0.6623209,1,False,False,test,0.704,0.6623209
5339,S01,1,3,1,3,0.701,0.6452633,0,True,False,test,0.701,0.6452633
5687,S01,0,2,0,0,0.895,0.6310574,0,True,True,test,0.895,0.6310574
1508,S01,0,0,0,0,0.528,0.5999926,1,True,True,test,0.528,0.5999926
3816,S01,1,1,2,1,0.445,0.5883118,1,False,True,test,0.445,0.5883118
5655,S03,2,2,2,2,0.513,0.55934376,1,True,True,test,0.513,0.55934376
1965,S02,3,3,3,3,0.581,0.5482656,1,True,True,test,0.581,0.5482656
1462,S02,0,0,0,0,0.589,0.5811561,1,True,True,test,0.589,0.5811561
2149,S03,2,2,3,0,0.588,0.5531479,1,False,False,test,0.588,0.5531479
2963,S02,2,2,2,2,0.5,0.55016816,1,True,True,test,0.5,0.55016816
2518,S01,1,1,3,1,0.704,0.6106043,1,False,True,test,0.704,0.6106043
1711,S03,2,0,2,3,0.577,0.585101,0,True,False,test,0.577,0.585101
1876,S02,3,3,3,3,0.642,0.57440543,1,True,True,test,0.642,0.57440543
3439,S01,2,2,2,2,0.608,0.57095915,1,True,True,test,0.608,0.57095915
5211,S03,1,1,1,3,0.695,0.5892621,1,True,False,test,0.695,0.5892621
3259,S01,1,3,3,0,0.624,0.68022704,0,False,False,test,0.624,0.68022704
3044,S01,0,3,0,0,0.592,0.6651879,0,True,True,test,0.592,0.6651879
746,S02,1,1,3,1,0.55,0.5560914,1,False,True,test,0.55,0.5560914
2440,S01,1,3,2,1,0.89,0.6483327,0,False,True,test,0.89,0.6483327
1659,S01,3,3,3,3,0.948,0.58287096,1,True,True,test,0.948,0.58287096
5779,S03,3,3,3,3,0.503,0.56836236,1,True,True,test,0.503,0.56836236
3858,S02,1,1,1,3,0.62,0.5903602,1,True,False,test,0.62,0.5903602
3036,S03,0,0,1,0,0.464,0.56846154,1,False,True,test,0.464,0.56846154
1993,S01,3,3,3,3,0.656,0.57644355,1,True,True,test,0.656,0.57644355
4115,S02,2,3,3,1,0.631,0.59944683,0,False,False,test,0.631,0.59944683
323,S03,1,1,1,1,0.537,0.5775157,1,True,True,test,0.537,0.5775157
1665,S03,2,2,2,2,0.573,0.5633659,1,True,True,test,0.573,0.5633659
2884,S01,2,2,2,2,0.606,0.5618036,1,True,True,test,0.606,0.5618036
4957,S02,2,0,0,2,0.56,0.55351144,0,False,True,test,0.56,0.55351144
1201,S02,3,1,3,3,0.544,0.6541138,0,True,True,test,0.544,0.6541138
1653,S02,1,3,3,3,0.615,0.66119015,0,False,False,test,0.615,0.66119015
1027,S02,0,2,2,2,0.629,0.5896278,0,False,False,test,0.629,0.5896278
5946,S03,0,1,1,0,0.559,0.611613,0,False,True,test,0.559,0.611613
2540,S02,2,1,2,1,0.57,0.5713655,0,True,False,test,0.57,0.5713655
605,S01,1,3,3,1,0.767,0.6892884,0,False,True,test,0.767,0.6892884
2081,S01,3,3,2,2,0.512,0.59456986,1,False,False,test,0.512,0.59456986
1769,S03,2,0,2,3,0.616,0.53408015,0,True,False,test,0.616,0.53408015
2343,S02,0,2,2,0,0.58,0.57961965,0,False,True,test,0.58,0.57961965
3064,S02,2,3,2,2,0.708,0.632132,0,True,True,test,0.708,0.632132
5842,S03,2,2,2,3,0.489,0.5534392,1,True,False,test,0.489,0.5534392
5719,S01,1,1,3,1,0.592,0.5834406,1,False,True,test,0.592,0.5834406
3518,S01,1,1,1,1,0.607,0.60028756,1,True,True,test,0.607,0.60028756
3912,S01,2,3,3,2,0.607,0.64287823,0,False,True,test,0.607,0.64287823
1859,S02,3,0,3,0,0.623,0.63646376,0,True,False,test,0.623,0.63646376
5791,S03,2,2,2,2,0.496,0.54189956,1,True,True,test,0.496,0.54189956
4777,S03,3,3,3,3,0.516,0.5810446,1,True,True,test,0.516,0.5810446
2486,S02,2,0,2,2,0.57,0.55111015,0,True,True,test,0.57,0.55111015
5045,S02,1,2,1,1,0.66,0.61830455,0,True,True,test,0.66,0.61830455
1043,S01,2,2,2,2,0.672,0.58206904,1,True,True,test,0.672,0.58206904
6100,S02,3,1,1,1,0.559,0.62135965,0,False,False,test,0.559,0.62135965
5053,S01,0,2,3,2,0.846,0.6039419,0,False,False,test,0.846,0.6039419
1431,S02,1,1,1,3,0.575,0.6379503,1,True,False,test,0.575,0.6379503
5226,S02,0,3,0,2,0.727,0.64191127,0,True,False,test,0.727,0.64191127
3647,S01,2,2,0,1,0.672,0.5636951,1,False,False,test,0.672,0.5636951
3947,S02,1,0,0,3,0.53,0.62487644,0,False,False,test,0.53,0.62487644
1290,S03,2,3,2,2,0.528,0.6378771,0,True,True,test,0.528,0.6378771
1874,S03,1,0,1,1,0.55,0.6309763,0,True,True,test,0.55,0.6309763
1415,S03,1,1,1,1,0.498,0.5909342,1,True,True,test,0.498,0.5909342
5127,S02,3,3,2,3,0.59,0.5524393,1,False,True,test,0.59,0.5524393
4578,S03,2,2,2,2,0.518,0.55870765,1,True,True,test,0.518,0.55870765
4661,S01,1,0,1,0,0.703,0.5984913,0,True,False,test,0.703,0.5984913
3211,S03,2,2,2,2,0.459,0.55852187,1,True,True,test,0.459,0.55852187
5563,S01,3,0,1,3,0.992,0.6590914,0,False,True,test,0.992,0.6590914
3406,S01,0,0,2,0,0.547,0.5682096,1,False,True,test,0.547,0.5682096
1960,S01,0,0,3,0,0.621,0.6087137,1,False,True,test,0.621,0.6087137
3963,S03,1,3,1,3,0.624,0.6654313,0,True,False,test,0.624,0.6654313
6137,S01,3,3,3,3,0.528,0.5776566,1,True,True,test,0.528,0.5776566
4586,S01,2,0,2,2,0.671,0.5582616,0,True,True,test,0.671,0.5582616
2792,S01,0,0,2,0,0.464,0.56163174,1,False,True,test,0.464,0.56163174
1857,S02,0,0,2,0,0.52,0.5917832,1,False,True,test,0.52,0.5917832
463,S02,1,3,1,3,0.56,0.63867444,0,True,False,test,0.56,0.63867444
4914,S01,0,3,0,3,0.573,0.67361313,0,True,False,test,0.573,0.67361313
3469,S02,3,1,2,2,0.59,0.61645144,0,False,False,test,0.59,0.61645144
5407,S02,3,3,3,3,0.61,0.5605174,1,True,True,test,0.61,0.5605174
2767,S03,2,1,1,3,0.454,0.61063206,0,False,False,test,0.454,0.61063206
1115,S03,1,0,0,0,0.58,0.6408054,0,False,False,test,0.58,0.6408054
3410,S03,2,0,2,0,0.557,0.5637609,0,True,False,test,0.557,0.5637609
1927,S02,3,2,3,3,0.531,0.6487707,0,True,True,test,0.531,0.6487707
5294,S01,0,0,3,0,0.589,0.56985813,1,False,True,test,0.589,0.56985813
4080,S02,2,3,2,3,0.6,0.6002413,0,True,False,test,0.6,0.6002413
4160,S02,1,1,1,3,0.54,0.62211823,1,True,False,test,0.54,0.62211823
5639,S01,2,3,2,3,0.687,0.65318626,0,True,False,test,0.687,0.65318626
2950,S01,3,3,0,3,0.527,0.60567206,1,False,True,test,0.527,0.60567206
3794,S02,1,0,1,0,0.625,0.6419529,0,True,False,test,0.625,0.6419529
6022,S01,0,3,0,0,0.8,0.6565207,0,True,True,test,0.8,0.6565207
4424,S02,0,2,2,0,0.58,0.5997315,0,False,True,test,0.58,0.5997315
4077,S03,1,3,1,1,0.559,0.6531459,0,True,True,test,0.559,0.6531459
5289,S01,2,2,3,2,0.911,0.5559214,1,False,True,test,0.911,0.5559214
161,S03,1,3,1,1,0.445,0.6703192,0,True,True,test,0.445,0.6703192
1884,S01,0,3,3,0,0.704,0.63030845,0,False,True,test,0.704,0.63030845
6203,S03,1,2,2,3,0.536,0.5664228,0,False,False,test,0.536,0.5664228
2677,S01,3,1,0,1,0.64,0.6342884,0,False,False,test,0.64,0.6342884
1591,S03,3,2,3,2,0.639,0.6586151,0,True,False,test,0.639,0.6586151
181,S02,2,0,0,1,0.591,0.5397395,0,False,False,test,0.591,0.5397395
1590,S03,1,1,1,2,0.603,0.5918988,1,True,False,test,0.603,0.5918988
1356,S03,2,2,2,2,0.484,0.56876963,1,True,True,test,0.484,0.56876963
2630,S02,3,0,3,3,0.801,0.66734546,0,True,True,test,0.801,0.66734546
6181,S01,2,3,3,2,0.642,0.61074346,0,False,True,test,0.642,0.61074346
5484,S01,3,3,3,0,0.64,0.5790836,1,True,False,test,0.64,0.5790836
640,S01,2,0,1,2,0.528,0.56274706,0,False,True,test,0.528,0.56274706
3993,S01,1,2,2,1,0.511,0.5777364,0,False,True,test,0.511,0.5777364
466,S02,0,0,3,0,0.625,0.5656257,1,False,True,test,0.625,0.5656257
1921,S01,0,3,3,0,0.767,0.6538911,0,False,True,test,0.767,0.6538911
5658,S01,1,2,2,1,0.544,0.6053969,0,False,True,test,0.544,0.6053969
1338,S01,2,3,3,2,0.621,0.61171687,0,False,True,test,0.621,0.61171687
5276,S03,3,1,1,3,0.447,0.61103576,0,False,True,test,0.447,0.61103576
4426,S03,0,3,0,0,0.624,0.6181681,0,True,True,test,0.624,0.6181681
4191,S03,1,1,2,3,0.52,0.5638868,1,False,False,test,0.52,0.5638868
543,S02,0,0,0,3,0.594,0.5616695,1,True,False,test,0.594,0.5616695
5440,S03,3,3,3,3,0.631,0.57801616,1,True,True,test,0.631,0.57801616
2749,S03,3,1,1,3,0.581,0.6702949,0,False,True,test,0.581,0.6702949
2517,S03,2,2,2,2,0.544,0.5606364,1,True,True,test,0.544,0.5606364
3200,S01,1,1,1,1,0.785,0.57569045,1,True,True,test,0.785,0.57569045
5191,S02,1,0,0,1,0.594,0.6197283,0,False,True,test,0.594,0.6197283
2653,S01,0,3,0,3,0.58,0.64585865,0,True,False,test,0.58,0.64585865
6070,S02,3,0,0,3,0.587,0.6595965,0,False,True,test,0.587,0.6595965
615,S01,3,3,3,1,0.8,0.561366,1,True,False,test,0.8,0.561366
2242,S03,3,3,3,3,0.49,0.5397382,1,True,True,test,0.49,0.5397382
3822,S01,0,0,0,0,0.544,0.5455795,1,True,True,test,0.544,0.5455795
433,S03,1,3,3,3,0.566,0.64925855,0,False,False,test,0.566,0.64925855
111,S02,1,3,3,1,0.559,0.6631947,0,False,True,test,0.559,0.6631947
2725,S01,1,1,1,3,0.591,0.58434683,1,True,False,test,0.591,0.58434683
3535,S02,3,0,0,2,0.57,0.65764797,0,False,False,test,0.57,0.65764797
1792,S01,1,1,3,3,0.671,0.59291583,1,False,False,test,0.671,0.59291583
5972,S01,0,3,3,0,0.594,0.61919314,0,False,True,test,0.594,0.61919314
2458,S02,2,0,2,1,0.578,0.5702886,0,True,False,test,0.578,0.5702886
4852,S03,1,3,3,1,0.628,0.6546407,0,False,True,test,0.628,0.6546407
1864,S01,0,2,2,0,0.608,0.55586725,0,False,True,test,0.608,0.55586725
2742,S02,1,0,0,0,0.61,0.63560253,0,False,False,test,0.61,0.63560253
36,S03,1,0,1,0,0.518,0.62738305,0,True,False,test,0.518,0.62738305
5293,S03,2,3,2,2,0.6,0.6351792,0,True,True,test,0.6,0.6351792
2941,S02,0,3,2,3,0.2,0.6493225,0,False,False,test,0.2,0.6493225
2718,S01,1,1,1,1,0.637,0.64972854,1,True,True,test,0.637,0.64972854
3349,S02,0,0,0,0,0.557,0.55760044,1,True,True,test,0.557,0.55760044
3696,S01,2,0,2,2,0.528,0.5858238,0,True,True,test,0.528,0.5858238
1882,S03,3,2,2,3,0.45,0.6664072,0,False,True,test,0.45,0.6664072
5202,S01,2,0,0,2,0.527,0.572607,0,False,True,test,0.527,0.572607
5718,S02,2,1,1,2,0.52,0.578511,0,False,True,test,0.52,0.578511
3051,S02,0,0,0,0,0.581,0.587291,1,True,True,test,0.581,0.587291
4507,S03,3,3,3,2,0.569,0.60299295,1,True,False,test,0.569,0.60299295
2455,S01,3,1,1,0,0.448,0.6578203,0,False,False,test,0.448,0.6578203
739,S01,3,3,3,3,0.56,0.5859831,1,True,True,test,0.56,0.5859831
5642,S02,3,0,3,3,0.52,0.6621579,0,True,True,test,0.52,0.6621579
3382,S03,3,3,3,3,0.522,0.58752644,1,True,True,test,0.522,0.58752644
3197,S03,0,0,0,0,0.496,0.5814252,1,True,True,test,0.496,0.5814252
328,S03,3,2,3,0,0.664,0.6725919,0,True,False,test,0.664,0.6725919
2684,S02,0,0,2,0,0.597,0.56710756,1,False,True,test,0.597,0.56710756
1048,S01,3,1,0,3,0.2,0.6364115,0,False,True,test,0.2,0.6364115
4884,S02,2,3,2,3,0.55,0.6185552,0,True,False,test,0.55,0.6185552
4156,S03,0,2,0,2,0.505,0.59618104,0,True,False,test,0.505,0.59618104
906,S03,0,0,0,0,0.541,0.55006707,1,True,True,test,0.541,0.55006707
915,S02,0,0,3,0,0.2,0.5738962,1,False,True,test,0.2,0.5738962
1585,S01,0,0,2,0,0.56,0.5606433,1,False,True,test,0.56,0.5606433
3381,S02,2,3,3,2,0.56,0.61921805,0,False,True,test,0.56,0.61921805
5601,S03,3,3,3,0,0.541,0.60888964,1,True,False,test,0.541,0.60888964
737,S02,1,3,3,3,0.57,0.64108926,0,False,False,test,0.57,0.64108926
2641,S02,1,2,2,1,0.54,0.5866649,0,False,True,test,0.54,0.5866649
4514,S01,2,0,2,0,0.687,0.5804016,0,True,False,test,0.687,0.5804016
124,S03,1,1,1,1,0.539,0.58752835,1,True,True,test,0.539,0.58752835
5422,S03,2,2,2,2,0.729,0.56021136,1,True,True,test,0.729,0.56021136
3945,S02,2,1,1,1,0.49,0.60277075,0,False,False,test,0.49,0.60277075
5421,S01,0,0,0,3,0.623,0.58088756,1,True,False,test,0.623,0.58088756
5527,S02,0,0,3,3,0.669,0.5822429,1,False,False,test,0.669,0.5822429
3811,S01,0,3,3,3,0.623,0.66482097,0,False,False,test,0.623,0.66482097
2853,S02,2,2,0,2,0.572,0.5647001,1,False,True,test,0.572,0.5647001
4308,S01,2,0,0,2,0.588,0.5812856,0,False,True,test,0.588,0.5812856
1695,S01,1,0,3,1,0.785,0.69271326,0,False,True,test,0.785,0.69271326
5162,S02,3,2,2,3,0.517,0.6631153,0,False,True,test,0.517,0.6631153
3086,S02,0,0,3,0,0.45,0.5461484,1,False,True,test,0.45,0.5461484
6078,S01,2,3,2,2,0.77,0.6300072,0,True,True,test,0.77,0.6300072
2511,S03,0,3,0,3,0.544,0.6339966,0,True,False,test,0.544,0.6339966
4628,S03,1,2,2,1,0.574,0.62039995,0,False,True,test,0.574,0.62039995
5904,S01,0,1,2,2,0.448,0.58653986,0,False,False,test,0.448,0.58653986
5521,S02,3,3,3,3,0.571,0.5592298,1,True,True,test,0.571,0.5592298
146,S03,1,2,2,1,0.608,0.6302721,0,False,True,test,0.608,0.6302721
2587,S01,2,3,2,3,0.8,0.59642917,0,True,False,test,0.8,0.59642917
1565,S02,0,0,3,0,0.609,0.567837,1,False,True,test,0.609,0.567837
5258,S02,0,3,0,0,0.769,0.65222156,0,True,True,test,0.769,0.65222156
1178,S03,0,0,0,0,0.495,0.5525278,1,True,True,test,0.495,0.5525278
5141,S03,2,1,1,2,0.514,0.61572486,0,False,True,test,0.514,0.61572486
2492,S03,2,3,2,2,0.475,0.62910295,0,True,True,test,0.475,0.62910295
416,S03,0,0,0,0,0.552,0.5916269,1,True,True,test,0.552,0.5916269
4931,S02,2,2,2,2,0.775,0.5726398,1,True,True,test,0.775,0.5726398
4038,S03,0,0,0,0,0.528,0.5881104,1,True,True,test,0.528,0.5881104
578,S02,2,1,1,3,0.57,0.60478425,0,False,False,test,0.57,0.60478425
2467,S03,1,3,3,1,0.463,0.65494514,0,False,True,test,0.463,0.65494514
899,S03,1,1,0,3,0.582,0.5723076,1,False,False,test,0.582,0.5723076
3014,S01,0,0,3,0,0.56,0.5815426,1,False,True,test,0.56,0.5815426
1815,S02,2,0,2,2,0.649,0.5788635,0,True,True,test,0.649,0.5788635
3781,S03,2,2,2,2,0.62,0.56668097,1,True,True,test,0.62,0.56668097
1458,S03,2,2,2,2,0.527,0.5668981,1,True,True,test,0.527,0.5668981
5865,S01,2,3,3,3,0.656,0.65860593,0,False,False,test,0.656,0.65860593
3483,S02,3,3,3,0,0.596,0.6402956,1,True,False,test,0.596,0.6402956
1563,S02,1,3,1,3,0.609,0.6580315,0,True,False,test,0.609,0.6580315
3090,S02,0,3,1,3,0.59,0.62630224,0,False,False,test,0.59,0.62630224
88,S02,2,0,0,0,0.53,0.5313327,0,False,False,test,0.53,0.5313327
5863,S01,0,0,0,0,0.751,0.56338006,1,True,True,test,0.751,0.56338006
5241,S02,0,3,0,0,0.62,0.6617726,0,True,True,test,0.62,0.6617726
4869,S01,1,1,3,1,0.88,0.61437225,1,False,True,test,0.88,0.61437225
2050,S01,1,1,3,3,0.591,0.5952752,1,False,False,test,0.591,0.5952752
4840,S03,3,1,3,3,0.53,0.6866157,0,True,True,test,0.53,0.6866157
216,S01,2,0,0,2,0.624,0.5593915,0,False,True,test,0.624,0.5593915
2436,S03,0,1,1,0,0.522,0.61327964,0,False,True,test,0.522,0.61327964
1377,S02,0,0,0,0,0.488,0.5732217,1,True,True,test,0.488,0.5732217
497,S02,1,1,1,1,0.484,0.61132985,1,True,True,test,0.484,0.61132985
3636,S01,3,3,2,3,0.464,0.5742971,1,False,True,test,0.464,0.5742971
4618,S02,0,3,3,0,0.58,0.62511593,0,False,True,test,0.58,0.62511593
3694,S01,2,1,2,2,0.671,0.6033176,0,True,True,test,0.671,0.6033176
4843,S02,2,2,2,2,0.568,0.5682702,1,True,True,test,0.568,0.5682702
4882,S03,0,0,0,0,0.512,0.6015954,1,True,True,test,0.512,0.6015954
458,S02,0,1,1,0,0.62,0.6064885,0,False,True,test,0.62,0.6064885
3756,S02,1,0,1,0,0.606,0.6382861,0,True,False,test,0.606,0.6382861
4317,S01,2,1,1,2,0.559,0.57588995,0,False,True,test,0.559,0.57588995
3740,S03,0,1,0,1,0.492,0.59288853,0,True,False,test,0.492,0.59288853
1627,S03,1,3,1,1,0.478,0.6139333,0,True,True,test,0.478,0.6139333
3752,S01,3,1,2,1,0.923,0.6609073,0,False,False,test,0.923,0.6609073
6068,S03,3,0,3,3,0.688,0.68086714,0,True,True,test,0.688,0.68086714
1327,S02,3,3,3,3,0.575,0.5637925,1,True,True,test,0.575,0.5637925
4687,S02,2,2,2,2,0.521,0.56699884,1,True,True,test,0.521,0.56699884
4438,S02,0,1,1,0,0.515,0.62574685,0,False,True,test,0.515,0.62574685
231,S03,0,2,2,0,0.565,0.60611176,0,False,True,test,0.565,0.60611176
3079,S01,3,1,2,3,0.656,0.6547925,0,False,True,test,0.656,0.6547925
5866,S03,3,3,3,2,0.677,0.5598346,1,True,False,test,0.677,0.5598346
721,S03,3,2,3,1,0.525,0.6275913,0,True,False,test,0.525,0.6275913
3310,S02,0,2,2,2,0.595,0.6092986,0,False,False,test,0.595,0.6092986
4801,S02,3,0,3,3,0.72,0.6579008,0,True,True,test,0.72,0.6579008
877,S01,1,1,2,2,0.8,0.63080895,1,False,False,test,0.8,0.63080895
4692,S02,3,3,0,0,0.575,0.5991515,1,False,False,test,0.575,0.5991515
3072,S02,3,2,1,2,0.562,0.66174877,0,False,False,test,0.562,0.66174877
1021,S03,2,0,2,2,0.566,0.57289153,0,True,True,test,0.566,0.57289153
5426,S02,0,0,3,2,0.545,0.567629,1,False,False,test,0.545,0.567629
3400,S03,1,3,1,3,0.541,0.65338415,0,True,False,test,0.541,0.65338415
1122,S03,2,2,2,2,0.568,0.5512691,1,True,True,test,0.568,0.5512691
3168,S01,3,0,0,0,0.544,0.6506345,0,False,False,test,0.544,0.6506345
846,S03,1,2,1,1,0.497,0.60262585,0,True,True,test,0.497,0.60262585
2640,S02,3,3,3,2,0.548,0.5484133,1,True,False,test,0.548,0.5484133
5828,S02,0,2,2,0,0.555,0.6192716,0,False,True,test,0.555,0.6192716
3286,S02,1,3,3,1,0.64,0.69702923,0,False,True,test,0.64,0.69702923
4663,S02,2,0,0,2,0.58,0.5173771,0,False,True,test,0.58,0.5173771
1497,S01,2,2,3,2,0.574,0.54411995,1,False,True,test,0.574,0.54411995
2444,S02,2,1,3,2,0.205,0.58576334,0,False,True,test,0.205,0.58576334
4474,S02,2,2,3,2,0.211,0.5648306,1,False,True,test,0.211,0.5648306
3881,S01,2,2,0,2,0.623,0.5781739,1,False,True,test,0.623,0.5781739
3356,S02,1,2,1,2,0.61,0.5716831,0,True,False,test,0.61,0.5716831
2377,S03,3,2,3,3,0.568,0.65189904,0,True,True,test,0.568,0.65189904
742,S01,3,1,3,3,0.913,0.5947876,0,True,True,test,0.913,0.5947876
4128,S02,0,3,3,2,0.57,0.67066264,0,False,False,test,0.57,0.67066264
4877,S02,0,0,3,0,0.606,0.5865244,1,False,True,test,0.606,0.5865244
1266,S02,2,2,2,2,0.612,0.55415785,1,True,True,test,0.612,0.55415785
1830,S03,3,2,2,3,0.524,0.67782474,0,False,True,test,0.524,0.67782474
5543,S02,2,0,0,0,0.568,0.56405723,0,False,False,test,0.568,0.56405723
3291,S01,3,3,3,3,0.658,0.53947127,1,True,True,test,0.658,0.53947127
4159,S01,1,3,1,1,0.815,0.66251063,0,True,True,test,0.815,0.66251063
5686,S02,3,2,1,3,0.555,0.63691235,0,False,True,test,0.555,0.63691235
3311,S03,1,3,1,3,0.501,0.6754617,0,True,False,test,0.501,0.6754617
2918,S02,3,2,2,0,0.57,0.6683047,0,False,False,test,0.57,0.6683047
2658,S01,2,2,2,2,0.665,0.5727303,1,True,True,test,0.665,0.5727303
2227,S03,1,1,1,1,0.516,0.60214794,1,True,True,test,0.516,0.60214794
53,S01,2,1,2,2,0.754,0.6012066,0,True,True,test,0.754,0.6012066
4515,S03,2,2,2,0,0.476,0.56487185,1,True,False,test,0.476,0.56487185
5038,S01,0,0,2,0,0.559,0.58507204,1,False,True,test,0.559,0.58507204
3359,S02,3,3,1,3,0.524,0.56204975,1,False,True,test,0.524,0.56204975
4915,S03,0,3,0,3,0.614,0.65200114,0,True,False,test,0.614,0.65200114
2921,S03,2,3,3,2,0.508,0.62498015,0,False,True,test,0.508,0.62498015
2632,S01,2,1,2,1,0.624,0.58207494,0,True,False,test,0.624,0.58207494
2448,S01,0,3,3,0,0.543,0.6425929,0,False,True,test,0.543,0.6425929
373,S01,1,0,1,0,0.752,0.6314037,0,True,False,test,0.752,0.6314037
2507,S03,0,1,0,1,0.6,0.6233604,0,True,False,test,0.6,0.6233604
1664,S03,2,2,2,2,0.601,0.5532652,1,True,True,test,0.601,0.5532652
5644,S02,2,2,2,1,0.519,0.56076187,1,True,False,test,0.519,0.56076187
2970,S02,0,1,1,1,0.57,0.62308025,0,False,False,test,0.57,0.62308025
2807,S02,3,3,0,0,0.582,0.5925028,1,False,False,test,0.582,0.5925028
3521,S03,3,0,3,0,0.61,0.65330464,0,True,False,test,0.61,0.65330464
1195,S03,3,3,3,3,0.6,0.5868559,1,True,True,test,0.6,0.5868559
2855,S03,3,0,3,0,0.568,0.6348608,0,True,False,test,0.568,0.6348608
3449,S02,1,3,1,1,0.72,0.66578907,0,True,True,test,0.72,0.66578907
5704,S03,1,0,1,1,0.561,0.59913766,0,True,True,test,0.561,0.59913766
1423,S02,3,2,2,3,0.564,0.6681202,0,False,True,test,0.564,0.6681202
4765,S01,1,3,3,1,0.592,0.6627384,0,False,True,test,0.592,0.6627384
2738,S03,2,0,2,2,0.584,0.56997454,0,True,True,test,0.584,0.56997454
487,S02,1,0,0,1,0.64,0.6387413,0,False,True,test,0.64,0.6387413
6043,S02,2,2,2,2,0.57,0.54722106,1,True,True,test,0.57,0.54722106
884,S02,0,0,3,0,0.665,0.59036756,1,False,True,test,0.665,0.59036756
1896,S02,1,1,1,2,0.59,0.57061887,1,True,False,test,0.59,0.57061887
929,S02,2,2,2,2,0.749,0.5696598,1,True,True,test,0.749,0.5696598
4605,S01,3,3,3,3,0.623,0.5827255,1,True,True,test,0.623,0.5827255
5548,S01,2,1,2,1,0.703,0.61191237,0,True,False,test,0.703,0.61191237
5805,S01,1,1,1,1,0.479,0.57599115,1,True,True,test,0.479,0.57599115
2623,S02,2,0,0,2,0.6,0.5450912,0,False,True,test,0.6,0.5450912
1929,S02,0,0,0,0,0.551,0.5776572,1,True,True,test,0.551,0.5776572
3053,S02,2,3,2,2,0.57,0.62987375,0,True,True,test,0.57,0.62987375
5390,S02,3,0,3,0,0.58,0.68891054,0,True,False,test,0.58,0.68891054
6199,S01,0,1,3,1,0.639,0.6527219,0,False,False,test,0.639,0.6527219
3019,S01,3,3,3,3,0.683,0.5833023,1,True,True,test,0.683,0.5833023
386,S03,0,0,0,0,0.835,0.56296635,1,True,True,test,0.835,0.56296635
2527,S01,1,1,3,1,0.671,0.5741795,1,False,True,test,0.671,0.5741795
740,S01,0,0,0,0,0.575,0.5959346,1,True,True,test,0.575,0.5959346
4260,S03,0,2,0,0,0.56,0.62286556,0,True,True,test,0.56,0.62286556
3640,S03,3,0,3,0,0.431,0.6682171,0,True,False,test,0.431,0.6682171
3782,S03,2,3,2,2,0.67,0.6552371,0,True,True,test,0.67,0.6552371
1895,S03,0,1,0,3,0.666,0.6049552,0,True,False,test,0.666,0.6049552
4934,S02,3,0,0,3,0.61,0.6646232,0,False,True,test,0.61,0.6646232
3171,S01,2,0,2,0,0.624,0.5420856,0,True,False,test,0.624,0.5420856
1204,S02,0,0,3,0,0.62,0.6011821,1,False,True,test,0.62,0.6011821
5558,S02,1,1,1,3,0.56,0.60323435,1,True,False,test,0.56,0.60323435
3926,S02,1,1,1,3,0.52,0.6188162,1,True,False,test,0.52,0.6188162
3888,S01,2,0,2,2,0.736,0.5955659,0,True,True,test,0.736,0.5955659
875,S01,2,3,3,2,0.657,0.64202154,0,False,True,test,0.657,0.64202154
3182,S01,1,3,1,1,0.671,0.665552,0,True,True,test,0.671,0.665552
4216,S03,0,2,0,0,0.559,0.55605185,0,True,True,test,0.559,0.55605185
1374,S02,0,0,3,0,0.62,0.5804519,1,False,True,test,0.62,0.5804519
3499,S03,0,1,0,1,0.622,0.64310277,0,True,False,test,0.622,0.64310277
4701,S02,1,3,1,3,0.556,0.6645184,0,True,False,test,0.556,0.6645184
5285,S02,0,0,0,0,0.574,0.5666059,1,True,True,test,0.574,0.5666059
635,S01,2,2,0,2,0.559,0.5948192,1,False,True,test,0.559,0.5948192
3534,S02,2,0,2,2,0.643,0.52359205,0,True,True,test,0.643,0.52359205
4047,S03,1,1,1,1,0.495,0.60355985,1,True,True,test,0.495,0.60355985
5363,S01,1,3,3,1,0.592,0.63218695,0,False,True,test,0.592,0.63218695
4433,S02,3,3,2,3,0.561,0.574336,1,False,True,test,0.561,0.574336
4101,S02,3,3,3,3,0.539,0.6099856,1,True,True,test,0.539,0.6099856
5726,S03,3,0,0,0,0.585,0.6278553,0,False,False,test,0.585,0.6278553
1103,S03,2,2,2,3,0.471,0.5804443,1,True,False,test,0.471,0.5804443
3392,S03,2,2,2,3,0.567,0.5779016,1,True,False,test,0.567,0.5779016
4375,S02,2,1,1,1,0.522,0.605684,0,False,False,test,0.522,0.605684
4833,S03,0,1,0,0,0.496,0.6166505,0,True,True,test,0.496,0.6166505
3609,S01,1,2,1,1,0.704,0.6217342,0,True,True,test,0.704,0.6217342
1858,S01,2,3,3,2,0.608,0.62932426,0,False,True,test,0.608,0.62932426
1265,S03,3,2,3,1,0.652,0.64964426,0,True,False,test,0.652,0.64964426
2880,S03,1,3,1,3,0.623,0.6247027,0,True,False,test,0.623,0.6247027
4225,S02,3,0,3,3,0.699,0.6510004,0,True,True,test,0.699,0.6510004
4089,S03,1,1,1,1,0.571,0.59112483,1,True,True,test,0.571,0.59112483
4037,S02,3,3,3,3,0.565,0.5701486,1,True,True,test,0.565,0.5701486
752,S01,3,0,3,3,0.847,0.6603937,0,True,True,test,0.847,0.6603937
3792,S02,3,2,2,3,0.68,0.62949455,0,False,True,test,0.68,0.62949455
1819,S01,2,2,2,3,0.56,0.5825411,1,True,False,test,0.56,0.5825411
2819,S03,1,3,3,2,0.591,0.65235955,0,False,False,test,0.591,0.65235955
4600,S03,0,1,1,1,0.62,0.63435227,0,False,False,test,0.62,0.63435227
4904,S03,3,3,3,3,0.67,0.5469396,1,True,True,test,0.67,0.5469396
2604,S01,2,2,2,3,0.57,0.56787294,1,True,False,test,0.57,0.56787294
3397,S03,1,3,1,1,0.494,0.69279134,0,True,True,test,0.494,0.69279134
5758,S01,2,3,3,3,0.671,0.62430716,0,False,False,test,0.671,0.62430716
4439,S03,2,0,0,2,0.525,0.5919663,0,False,True,test,0.525,0.5919663
135,S03,3,3,0,3,0.648,0.5782205,1,False,True,test,0.648,0.5782205
5181,S02,3,3,3,3,0.509,0.55975425,1,True,True,test,0.509,0.55975425
2628,S03,3,2,3,3,0.715,0.6537858,0,True,True,test,0.715,0.6537858
2997,S03,3,1,1,0,0.538,0.67388463,0,False,False,test,0.538,0.67388463
4945,S02,3,0,3,0,0.588,0.6820811,0,True,False,test,0.588,0.6820811
5659,S02,3,3,1,2,0.55,0.60497695,1,False,False,test,0.55,0.60497695
199,S02,0,0,2,2,0.711,0.5371431,1,False,False,test,0.711,0.5371431
4561,S03,1,1,1,1,0.559,0.61394495,1,True,True,test,0.559,0.61394495
1319,S03,2,2,2,2,0.579,0.55804425,1,True,True,test,0.579,0.55804425
3274,S02,3,2,3,2,0.65,0.66959727,0,True,False,test,0.65,0.66959727
4372,S01,0,2,2,2,0.717,0.5950514,0,False,False,test,0.717,0.5950514
6111,S03,0,0,0,0,0.537,0.5790692,1,True,True,test,0.537,0.5790692
2797,S01,2,2,2,2,0.608,0.5488573,1,True,True,test,0.608,0.5488573
113,S01,0,1,0,0,0.664,0.58528876,0,True,True,test,0.664,0.58528876
3026,S03,0,0,1,0,0.535,0.58356506,1,False,True,test,0.535,0.58356506
3561,S02,1,2,2,1,0.551,0.599441,0,False,True,test,0.551,0.599441
14,S01,3,0,0,3,0.656,0.6611308,0,False,True,test,0.656,0.6611308
3507,S03,0,0,0,0,0.462,0.58465314,1,True,True,test,0.462,0.58465314
3828,S03,0,2,0,0,0.578,0.6182034,0,True,True,test,0.578,0.6182034
1933,S03,2,0,2,2,0.581,0.56863445,0,True,True,test,0.581,0.56863445
3450,S03,0,3,2,0,0.582,0.64223737,0,False,True,test,0.582,0.64223737
3672,S02,3,3,1,1,0.887,0.5613881,1,False,False,test,0.887,0.5613881
3118,S03,1,3,1,1,0.621,0.66488534,0,True,True,test,0.621,0.66488534
2906,S01,1,1,2,0,0.747,0.5596121,1,False,False,test,0.747,0.5596121
302,S01,3,3,0,2,0.56,0.5653876,1,False,False,test,0.56,0.5653876
5680,S02,1,1,1,2,0.689,0.6064224,1,True,False,test,0.689,0.6064224
3417,S02,3,1,3,1,0.677,0.6925964,0,True,False,test,0.677,0.6925964
406,S02,3,3,3,3,0.61,0.54090154,1,True,True,test,0.61,0.54090154
2128,S03,0,1,0,0,0.666,0.68453634,0,True,True,test,0.666,0.68453634
4924,S02,3,3,0,0,0.65,0.5727774,1,False,False,test,0.65,0.5727774
5136,S02,2,2,2,2,0.55,0.6011482,1,True,True,test,0.55,0.6011482
5576,S02,2,2,2,3,0.664,0.5611762,1,True,False,test,0.664,0.5611762
5055,S02,0,3,3,2,0.563,0.66019994,0,False,False,test,0.563,0.66019994
1886,S02,2,0,2,2,0.61,0.5504721,0,True,True,test,0.61,0.5504721
1679,S03,1,1,1,1,0.547,0.5756741,1,True,True,test,0.547,0.5756741
4490,S02,0,0,0,3,0.62,0.55287135,1,True,False,test,0.62,0.55287135
4258,S01,1,0,0,0,0.604,0.6319343,0,False,False,test,0.604,0.6319343
4587,S02,2,2,3,2,0.24,0.57340485,1,False,True,test,0.24,0.57340485
4280,S02,1,1,1,2,0.51,0.57212335,1,True,False,test,0.51,0.57212335
6056,S01,0,1,0,0,0.561,0.6055302,0,True,True,test,0.561,0.6055302
2642,S02,3,2,2,0,0.61,0.68197477,0,False,False,test,0.61,0.68197477
27,S01,0,3,3,0,0.574,0.6147392,0,False,True,test,0.574,0.6147392
5965,S01,3,3,0,3,0.575,0.5779007,1,False,True,test,0.575,0.5779007
3309,S03,0,3,0,0,0.624,0.6445645,0,True,True,test,0.624,0.6445645
4798,S03,3,2,3,2,0.534,0.63237584,0,True,False,test,0.534,0.63237584
4054,S01,0,0,3,0,0.624,0.59151024,1,False,True,test,0.624,0.59151024
1418,S02,3,1,1,3,0.579,0.6374578,0,False,True,test,0.579,0.6374578
2894,S03,1,1,1,1,0.463,0.58046263,1,True,True,test,0.463,0.58046263
2998,S01,3,3,3,3,0.607,0.564788,1,True,True,test,0.607,0.564788
3516,S03,3,2,3,2,0.526,0.6741963,0,True,False,test,0.526,0.6741963
1992,S03,1,1,2,1,0.551,0.571407,1,False,True,test,0.551,0.571407
3140,S03,1,0,1,0,0.52,0.6138829,0,True,False,test,0.52,0.6138829
6,S01,0,0,2,0,0.634,0.57711107,1,False,True,test,0.634,0.57711107
5322,S02,1,0,3,1,0.2,0.66207653,0,False,True,test,0.2,0.66207653
1592,S01,0,3,3,0,0.656,0.62151974,0,False,True,test,0.656,0.62151974
2795,S03,1,3,1,1,0.48,0.6718553,0,True,True,test,0.48,0.6718553
575,S02,1,3,3,1,0.628,0.6460867,0,False,True,test,0.628,0.6460867
5771,S01,2,2,2,1,0.672,0.5386112,1,True,False,test,0.672,0.5386112
5133,S02,2,0,2,2,0.65,0.60611415,0,True,True,test,0.65,0.60611415
2232,S03,0,2,0,0,0.534,0.63476646,0,True,True,test,0.534,0.63476646
454,S02,1,0,0,1,0.512,0.590632,0,False,True,test,0.512,0.590632
6119,S03,3,2,2,3,0.544,0.655597,0,False,True,test,0.544,0.655597
3505,S03,3,2,2,3,0.452,0.6800238,0,False,True,test,0.452,0.6800238
5304,S02,2,3,3,3,0.58,0.6035211,0,False,False,test,0.58,0.6035211
2612,S02,1,1,3,1,0.6,0.6053297,1,False,True,test,0.6,0.6053297
3818,S02,2,2,2,2,0.588,0.55377287,1,True,True,test,0.588,0.55377287
5755,S01,0,2,2,0,0.512,0.6092921,0,False,True,test,0.512,0.6092921
2278,S02,0,3,0,0,0.58,0.6411074,0,True,True,test,0.58,0.6411074
4284,S02,0,2,0,0,0.727,0.6489097,0,True,True,test,0.727,0.6489097
1451,S03,1,1,1,1,0.556,0.5987329,1,True,True,test,0.556,0.5987329
2287,S01,3,3,3,3,0.608,0.5733886,1,True,True,test,0.608,0.5733886
1315,S01,3,3,3,3,0.815,0.6127703,1,True,True,test,0.815,0.6127703
993,S02,1,3,0,1,0.54,0.6705733,0,False,True,test,0.54,0.6705733
5918,S02,1,1,1,1,0.699,0.58162576,1,True,True,test,0.699,0.58162576
4577,S02,3,1,1,1,0.57,0.66727734,0,False,False,test,0.57,0.66727734
3061,S02,2,1,2,1,0.54,0.5951703,0,True,False,test,0.54,0.5951703
1465,S02,0,0,1,0,0.683,0.55452526,1,False,True,test,0.683,0.55452526
3266,S02,3,1,3,3,0.589,0.6748804,0,True,True,test,0.589,0.6748804
5760,S01,1,3,1,3,0.752,0.6556683,0,True,False,test,0.752,0.6556683
2375,S01,2,2,3,2,0.561,0.58921164,1,False,True,test,0.561,0.58921164
4102,S03,2,2,2,2,0.537,0.5668527,1,True,True,test,0.537,0.5668527
4978,S01,3,0,3,3,0.736,0.6615452,0,True,True,test,0.736,0.6615452
5450,S01,3,1,1,3,0.701,0.6512021,0,False,True,test,0.701,0.6512021
5086,S01,1,3,1,1,0.832,0.65541935,0,True,True,test,0.832,0.65541935
2875,S02,0,3,3,0,0.57,0.63484204,0,False,True,test,0.57,0.63484204
3713,S01,0,0,0,0,0.59,0.5842828,1,True,True,test,0.59,0.5842828
5142,S03,0,0,0,0,0.64,0.5849263,1,True,True,test,0.64,0.5849263
937,S02,2,1,1,2,0.591,0.6421445,0,False,True,test,0.591,0.6421445
336,S01,1,1,3,1,0.669,0.58269256,1,False,True,test,0.669,0.58269256
166,S03,1,0,0,0,0.531,0.64596224,0,False,False,test,0.531,0.64596224
3017,S03,1,2,2,2,0.521,0.59149677,0,False,False,test,0.521,0.59149677
6061,S01,1,1,1,1,0.621,0.5683756,1,True,True,test,0.621,0.5683756
2737,S02,1,1,1,1,0.65,0.58168405,1,True,True,test,0.65,0.58168405
2809,S01,0,0,2,0,0.592,0.58585954,1,False,True,test,0.592,0.58585954
5812,S03,2,0,0,0,0.555,0.56253755,0,False,False,test,0.555,0.56253755
701,S03,0,1,0,0,0.573,0.6302567,0,True,True,test,0.573,0.6302567
1165,S03,2,2,2,2,0.454,0.57280093,1,True,True,test,0.454,0.57280093
1362,S02,0,1,0,0,0.63,0.6391711,0,True,True,test,0.63,0.6391711
393,S03,2,0,2,0,0.543,0.53871477,0,True,False,test,0.543,0.53871477
2411,S03,3,2,3,3,0.575,0.7245004,0,True,True,test,0.575,0.7245004
267,S01,0,1,0,0,0.688,0.5912499,0,True,True,test,0.688,0.5912499
5944,S03,2,2,2,2,0.48,0.60217106,1,True,True,test,0.48,0.60217106
5359,S02,2,2,2,2,1.417,0.5464835,1,True,True,test,1.417,0.5464835
1312,S02,3,2,3,3,0.584,0.62901884,0,True,True,test,0.584,0.62901884
2935,S02,2,2,2,2,0.59,0.5474977,1,True,True,test,0.59,0.5474977
5137,S03,2,2,2,2,0.513,0.5783199,1,True,True,test,0.513,0.5783199
332,S03,2,2,2,2,0.561,0.5408838,1,True,True,test,0.561,0.5408838
1817,S03,3,3,3,0,0.568,0.54114914,1,True,False,test,0.568,0.54114914
1442,S02,1,1,3,3,0.679,0.63889116,1,False,False,test,0.679,0.63889116
4760,S03,1,1,1,1,0.472,0.5804724,1,True,True,test,0.472,0.5804724
359,S02,2,0,2,2,0.83,0.5542508,0,True,True,test,0.83,0.5542508
5002,S03,0,0,0,2,0.481,0.5717174,1,True,False,test,0.481,0.5717174
570,S01,0,1,1,0,0.576,0.6000055,0,False,True,test,0.576,0.6000055
2846,S01,1,2,3,2,0.645,0.61639833,0,False,False,test,0.645,0.61639833
1696,S03,1,1,1,1,0.601,0.6079454,1,True,True,test,0.601,0.6079454
1581,S02,1,1,1,1,0.6,0.6264472,1,True,True,test,0.6,0.6264472
4175,S03,1,3,1,2,0.491,0.6415647,0,True,False,test,0.491,0.6415647
4398,S03,3,0,3,2,0.673,0.6561312,0,True,False,test,0.673,0.6561312
2845,S03,2,3,2,2,0.688,0.6401858,0,True,True,test,0.688,0.6401858
2305,S03,2,1,2,0,0.48,0.5930164,0,True,False,test,0.48,0.5930164
62,S01,1,2,3,1,0.622,0.598696,0,False,True,test,0.622,0.598696
2005,S01,3,3,2,2,0.781,0.5845099,1,False,False,test,0.781,0.5845099
2579,S02,0,0,1,0,0.621,0.5958794,1,False,True,test,0.621,0.5958794
5893,S03,0,0,0,1,0.518,0.56841993,1,True,False,test,0.518,0.56841993
1986,S03,3,0,3,3,0.592,0.63158846,0,True,True,test,0.592,0.63158846
4506,S03,2,0,0,2,0.548,0.5344878,0,False,True,test,0.548,0.5344878
967,S02,1,0,0,1,0.587,0.6488517,0,False,True,test,0.587,0.6488517
831,S01,2,0,2,0,0.689,0.5538466,0,True,False,test,0.689,0.5538466
2286,S01,1,1,2,1,0.512,0.5917804,1,False,True,test,0.512,0.5917804
3763,S02,0,0,3,0,0.552,0.58560544,1,False,True,test,0.552,0.58560544
180,S02,0,0,0,0,0.66,0.571777,1,True,True,test,0.66,0.571777
1749,S01,1,1,2,1,0.784,0.6270842,1,False,True,test,0.784,0.6270842
2441,S02,0,3,0,3,0.61,0.6404193,0,True,False,test,0.61,0.6404193
398,S03,3,3,3,3,0.499,0.5772479,1,True,True,test,0.499,0.5772479
3092,S02,2,2,2,1,0.52,0.5541793,1,True,False,test,0.52,0.5541793
3317,S01,1,1,1,1,0.593,0.6060053,1,True,True,test,0.593,0.6060053
5159,S01,3,3,2,2,0.597,0.6248087,1,False,False,test,0.597,0.6248087
464,S03,2,1,2,2,0.589,0.5943664,0,True,True,test,0.589,0.5943664
3776,S03,1,0,0,0,0.457,0.6341807,0,False,False,test,0.457,0.6341807
599,S03,0,0,0,0,0.607,0.5713313,1,True,True,test,0.607,0.5713313
2491,S03,1,1,1,3,0.531,0.5455766,1,True,False,test,0.531,0.5455766
6069,S01,0,0,2,2,0.606,0.56430465,1,False,False,test,0.606,0.56430465
870,S02,1,2,1,2,0.6,0.5881217,0,True,False,test,0.6,0.5881217
6118,S03,2,0,0,2,0.501,0.5617727,0,False,True,test,0.501,0.5617727
977,S03,0,2,0,0,0.592,0.58053315,0,True,True,test,0.592,0.58053315
6163,S01,0,3,0,0,0.784,0.64918965,0,True,True,test,0.784,0.64918965
1750,S01,0,0,3,0,0.767,0.5796727,1,False,True,test,0.767,0.5796727
5463,S03,3,1,1,3,0.511,0.64326924,0,False,True,test,0.511,0.64326924
5650,S02,2,0,0,2,0.61,0.56560695,0,False,True,test,0.61,0.56560695
4680,S02,1,1,3,1,0.576,0.59349966,1,False,True,test,0.576,0.59349966
4199,S03,3,0,2,0,0.528,0.6557286,0,False,False,test,0.528,0.6557286
4615,S01,0,2,2,0,0.543,0.64741474,0,False,True,test,0.543,0.64741474
5836,S03,0,2,0,0,0.538,0.6215078,0,True,True,test,0.538,0.6215078
380,S02,0,0,0,3,0.579,0.5797202,1,True,False,test,0.579,0.5797202
3513,S02,0,3,3,0,0.629,0.6091953,0,False,True,test,0.629,0.6091953
1126,S01,2,2,3,2,0.656,0.588698,1,False,True,test,0.656,0.588698
3515,S02,0,0,0,0,0.84,0.587397,1,True,True,test,0.84,0.587397
455,S02,1,3,1,3,0.581,0.64402544,0,True,False,test,0.581,0.64402544
3623,S02,1,1,3,1,0.623,0.62966865,1,False,True,test,0.623,0.62966865
5412,S02,3,3,2,3,0.6,0.5777477,1,False,True,test,0.6,0.5777477
5458,S03,1,2,1,1,0.609,0.577028,0,True,True,test,0.609,0.577028
1279,S03,1,2,1,1,0.569,0.5895525,0,True,True,test,0.569,0.5895525
4343,S01,2,0,2,2,0.715,0.5842727,0,True,True,test,0.715,0.5842727
456,S02,2,0,2,0,0.635,0.5458217,0,True,False,test,0.635,0.5458217
3430,S01,2,3,3,2,0.576,0.6406249,0,False,True,test,0.576,0.6406249
2310,S03,1,3,3,1,0.525,0.670014,0,False,True,test,0.525,0.670014
6103,S01,3,3,3,2,0.656,0.58425826,1,True,False,test,0.656,0.58425826
3161,S03,1,0,1,1,0.577,0.6054208,0,True,True,test,0.577,0.6054208
4543,S01,0,0,0,0,0.752,0.53775436,1,True,True,test,0.752,0.53775436
1925,S02,3,3,3,3,0.612,0.6121363,1,True,True,test,0.612,0.6121363
6074,S01,0,2,2,2,0.624,0.60866624,0,False,False,test,0.624,0.60866624
614,S03,0,3,0,0,0.508,0.6328832,0,True,True,test,0.508,0.6328832
4702,S02,0,2,0,2,0.57,0.57565784,0,True,False,test,0.57,0.57565784
1255,S03,3,2,3,0,0.528,0.66226315,0,True,False,test,0.528,0.66226315
2476,S02,2,2,2,2,0.79,0.55805296,1,True,True,test,0.79,0.55805296
5802,S01,3,3,3,3,0.688,0.5747555,1,True,True,test,0.688,0.5747555
2191,S02,3,3,3,3,0.52,0.55986804,1,True,True,test,0.52,0.55986804
4165,S02,3,1,3,1,0.61,0.6247811,0,True,False,test,0.61,0.6247811
1737,S03,2,2,2,2,0.61,0.5526938,1,True,True,test,0.61,0.5526938
2758,S02,2,1,2,2,0.616,0.60801464,0,True,True,test,0.616,0.60801464
1866,S01,3,3,3,3,0.529,0.5771318,1,True,True,test,0.529,0.5771318
4675,S01,2,2,3,2,0.64,0.584549,1,False,True,test,0.64,0.584549
3757,S01,1,2,1,1,0.847,0.6229124,0,True,True,test,0.847,0.6229124
5295,S03,3,1,1,1,0.56,0.67924297,0,False,False,test,0.56,0.67924297
3128,S03,1,1,1,1,0.516,0.61027336,1,True,True,test,0.516,0.61027336
4552,S01,0,0,0,0,0.56,0.56792563,1,True,True,test,0.56,0.56792563
5806,S01,3,1,3,1,0.701,0.6055575,0,True,False,test,0.701,0.6055575
5384,S01,0,2,0,2,0.624,0.59479415,0,True,False,test,0.624,0.59479415
3496,S01,2,2,2,2,0.688,0.57209885,1,True,True,test,0.688,0.57209885
5012,S03,3,3,3,3,0.551,0.58366174,1,True,True,test,0.551,0.58366174
3774,S01,0,0,0,0,0.833,0.5770735,1,True,True,test,0.833,0.5770735
4406,S01,3,2,2,2,0.608,0.7044515,0,False,False,test,0.608,0.7044515
5461,S02,1,2,1,3,0.58,0.62336445,0,True,False,test,0.58,0.62336445
5492,S03,1,1,1,1,0.536,0.6144782,1,True,True,test,0.536,0.6144782
5177,S03,2,2,2,2,0.497,0.5182362,1,True,True,test,0.497,0.5182362
4681,S03,3,2,3,2,0.792,0.64439344,0,True,False,test,0.792,0.64439344
2054,S02,1,2,2,1,0.595,0.5764345,0,False,True,test,0.595,0.5764345
457,S01,0,2,0,0,0.687,0.5893239,0,True,True,test,0.687,0.5893239
1983,S01,0,0,0,0,0.639,0.576589,1,True,True,test,0.639,0.576589
3594,S03,2,1,1,1,0.53,0.59925276,0,False,False,test,0.53,0.59925276
1860,S01,1,1,1,1,0.799,0.6192536,1,True,True,test,0.799,0.6192536
834,S03,2,0,2,0,0.638,0.5819307,0,True,False,test,0.638,0.5819307
851,S02,1,3,3,3,0.565,0.6293226,0,False,False,test,0.565,0.6293226
4417,S01,1,2,1,1,0.752,0.5725227,0,True,True,test,0.752,0.5725227
4962,S03,0,0,0,0,0.577,0.57356066,1,True,True,test,0.577,0.57356066
5171,S01,1,3,3,1,0.623,0.64546835,0,False,True,test,0.623,0.64546835
914,S01,2,0,2,0,0.671,0.5423157,0,True,False,test,0.671,0.5423157
3215,S01,1,0,0,0,0.544,0.63109124,0,False,False,test,0.544,0.63109124
1762,S01,2,0,0,0,0.575,0.5805648,0,False,False,test,0.575,0.5805648
5703,S01,3,1,1,3,0.831,0.6040453,0,False,True,test,0.831,0.6040453
1544,S01,3,3,3,3,0.58,0.5814537,1,True,True,test,0.58,0.5814537
6167,S01,3,3,3,3,0.691,0.60032797,1,True,True,test,0.691,0.60032797
955,S02,1,2,1,2,0.75,0.588886,0,True,False,test,0.75,0.588886
3581,S01,0,3,2,1,0.592,0.61636055,0,False,False,test,0.592,0.61636055
3205,S02,2,3,2,2,0.61,0.6079184,0,True,True,test,0.61,0.6079184
3889,S01,2,0,3,0,0.685,0.5646931,0,False,False,test,0.685,0.5646931
2392,S02,1,1,3,1,0.632,0.5794064,1,False,True,test,0.632,0.5794064
4356,S01,1,2,2,1,0.655,0.6088582,0,False,True,test,0.655,0.6088582
1560,S02,2,1,2,1,0.686,0.61504257,0,True,False,test,0.686,0.61504257
5380,S03,2,2,2,2,0.496,0.57265645,1,True,True,test,0.496,0.57265645
2659,S03,3,1,1,3,0.432,0.64297354,0,False,True,test,0.432,0.64297354
2836,S03,3,1,3,3,0.74,0.67002136,0,True,True,test,0.74,0.67002136
750,S01,1,1,2,0,0.685,0.6197891,1,False,False,test,0.685,0.6197891
1821,S02,2,2,2,2,0.659,0.5918568,1,True,True,test,0.659,0.5918568
1681,S03,1,1,1,3,0.545,0.59406906,1,True,False,test,0.545,0.59406906
2319,S01,2,2,2,2,0.623,0.56380075,1,True,True,test,0.623,0.56380075
2783,S01,0,3,0,0,0.768,0.6363851,0,True,True,test,0.768,0.6363851
2162,S03,0,0,3,0,0.743,0.5780269,1,False,True,test,0.743,0.5780269
349,S02,2,2,0,2,0.563,0.5518169,1,False,True,test,0.563,0.5518169
4140,S02,2,0,0,0,0.54,0.53294384,0,False,False,test,0.54,0.53294384
1398,S03,2,3,2,2,0.515,0.6452811,0,True,True,test,0.515,0.6452811
5389,S02,3,3,2,3,0.61,0.57948273,1,False,True,test,0.61,0.57948273
3234,S03,0,0,0,0,0.543,0.5809197,1,True,True,test,0.543,0.5809197
655,S03,3,1,3,2,0.56,0.6228597,0,True,False,test,0.56,0.6228597
1428,S02,3,3,3,3,0.707,0.603133,1,True,True,test,0.707,0.603133
1110,S01,3,2,3,3,0.799,0.69741726,0,True,True,test,0.799,0.69741726
5328,S01,3,2,3,3,0.812,0.62820315,0,True,True,test,0.812,0.62820315
2529,S01,0,3,3,0,0.48,0.6411795,0,False,True,test,0.48,0.6411795
171,S03,1,3,1,1,0.631,0.6453048,0,True,True,test,0.631,0.6453048
2852,S01,1,1,1,1,0.576,0.63911283,1,True,True,test,0.576,0.63911283
4795,S02,3,1,3,1,0.64,0.6764413,0,True,False,test,0.64,0.6764413
2594,S02,3,1,3,3,0.552,0.62639624,0,True,True,test,0.552,0.62639624
725,S01,1,0,1,0,0.761,0.6354366,0,True,False,test,0.761,0.6354366
3345,S03,0,1,1,0,0.53,0.6175482,0,False,True,test,0.53,0.6175482
897,S01,1,1,1,1,0.656,0.62583905,1,True,True,test,0.656,0.62583905
4748,S03,3,3,3,2,0.539,0.57391626,1,True,False,test,0.539,0.57391626
1917,S03,3,3,3,3,0.51,0.5977942,1,True,True,test,0.51,0.5977942
1202,S01,0,0,1,3,0.594,0.5939595,1,False,False,test,0.594,0.5939595
2003,S02,0,0,0,3,0.6,0.58902586,1,True,False,test,0.6,0.58902586
1060,S03,1,2,1,0,0.568,0.60234267,0,True,False,test,0.568,0.60234267
4041,S03,2,1,1,1,0.474,0.60321844,0,False,False,test,0.474,0.60321844
1954,S03,2,2,2,2,0.528,0.5968413,1,True,True,test,0.528,0.5968413
2756,S03,3,3,3,3,0.538,0.59523225,1,True,True,test,0.538,0.59523225
3673,S01,2,2,2,1,0.624,0.5258543,1,True,False,test,0.624,0.5258543
3537,S03,0,0,2,0,0.493,0.57158834,1,False,True,test,0.493,0.57158834
3190,S03,2,1,1,1,0.505,0.62048113,0,False,False,test,0.505,0.62048113
4575,S02,3,2,3,2,0.68,0.6796684,0,True,False,test,0.68,0.6796684
5235,S01,2,1,2,1,0.671,0.5895535,0,True,False,test,0.671,0.5895535
3446,S03,3,3,3,3,0.607,0.5406355,1,True,True,test,0.607,0.5406355
3526,S03,1,1,1,1,0.576,0.59824276,1,True,True,test,0.576,0.59824276
506,S03,3,0,3,0,0.544,0.70215034,0,True,False,test,0.544,0.70215034
1530,S02,1,1,3,1,0.212,0.598157,1,False,True,test,0.212,0.598157
2609,S03,1,1,1,2,0.607,0.56207794,1,True,False,test,0.607,0.56207794
3541,S03,0,0,0,0,0.561,0.587198,1,True,True,test,0.561,0.587198
1085,S02,0,3,0,0,0.55,0.6569917,0,True,True,test,0.55,0.6569917
3719,S03,3,3,3,3,0.718,0.58714044,1,True,True,test,0.718,0.58714044
438,S02,1,1,3,1,0.59,0.61390924,1,False,True,test,0.59,0.61390924
1583,S03,0,3,0,0,0.518,0.6361475,0,True,True,test,0.518,0.6361475
3169,S01,0,1,3,1,0.606,0.62473005,0,False,False,test,0.606,0.62473005
1469,S02,1,2,2,2,0.57,0.6044411,0,False,False,test,0.57,0.6044411
3421,S02,1,3,3,1,0.611,0.66951346,0,False,True,test,0.611,0.66951346
3667,S03,1,3,1,1,0.568,0.69279003,0,True,True,test,0.568,0.69279003
1697,S03,0,0,0,0,0.535,0.57801443,1,True,True,test,0.535,0.57801443
1879,S01,1,1,2,1,0.927,0.5487868,1,False,True,test,0.927,0.5487868
3292,S03,2,1,2,2,0.586,0.6094294,0,True,True,test,0.586,0.6094294
1325,S01,0,0,0,2,0.544,0.5570724,1,True,False,test,0.544,0.5570724
4210,S02,2,2,2,2,0.58,0.57709813,1,True,True,test,0.58,0.57709813
1822,S02,0,0,3,0,0.58,0.5633421,1,False,True,test,0.58,0.5633421
70,S03,1,0,0,1,0.486,0.66187924,0,False,True,test,0.486,0.66187924
5585,S02,0,2,3,0,0.661,0.6092772,0,False,True,test,0.661,0.6092772
5569,S02,3,1,1,3,0.59,0.65458554,0,False,True,test,0.59,0.65458554
2722,S01,3,3,1,3,0.646,0.5801642,1,False,True,test,0.646,0.5801642
5244,S01,2,3,3,2,0.591,0.6558737,0,False,True,test,0.591,0.6558737
698,S01,2,2,3,2,0.512,0.5816171,1,False,True,test,0.512,0.5816171
1936,S03,2,2,2,2,0.552,0.55409944,1,True,True,test,0.552,0.55409944
1168,S02,1,1,1,1,0.622,0.5916513,1,True,True,test,0.622,0.5916513
3512,S01,1,0,0,0,0.607,0.61396533,0,False,False,test,0.607,0.61396533
962,S03,3,3,3,3,0.503,0.56908286,1,True,True,test,0.503,0.56908286
3497,S02,1,0,1,1,0.559,0.6173496,0,True,True,test,0.559,0.6173496
2151,S03,0,0,0,0,0.528,0.5993025,1,True,True,test,0.528,0.5993025
4937,S01,1,2,3,2,0.643,0.6436365,0,False,False,test,0.643,0.6436365
2256,S03,0,3,0,0,2.093,0.6618589,0,True,True,test,2.093,0.6618589
5207,S02,1,2,1,2,0.571,0.614114,0,True,False,test,0.571,0.614114
1246,S03,2,2,2,2,0.66,0.5223241,1,True,True,test,0.66,0.5223241
1838,S01,2,0,2,3,0.576,0.58089703,0,True,False,test,0.576,0.58089703
4223,S03,0,3,0,0,0.49,0.6369763,0,True,True,test,0.49,0.6369763
1408,S02,3,0,0,0,0.557,0.6516617,0,False,False,test,0.557,0.6516617
3227,S03,2,2,1,2,0.641,0.55113524,1,False,True,test,0.641,0.55113524
1190,S03,2,0,2,1,0.559,0.5511064,0,True,False,test,0.559,0.5511064
537,S03,1,3,1,3,0.501,0.63883567,0,True,False,test,0.501,0.63883567
1079,S03,2,2,2,1,0.424,0.5354012,1,True,False,test,0.424,0.5354012
5967,S03,3,0,3,0,0.526,0.69309497,0,True,False,test,0.526,0.69309497
396,S03,1,1,1,0,0.55,0.5673656,1,True,False,test,0.55,0.5673656
3835,S02,3,1,1,1,0.531,0.662396,0,False,False,test,0.531,0.662396
1399,S03,3,3,3,3,0.527,0.56782436,1,True,True,test,0.527,0.56782436
4244,S03,0,3,0,1,0.638,0.6345687,0,True,False,test,0.638,0.6345687
1242,S01,3,3,3,3,0.639,0.59059256,1,True,True,test,0.639,0.59059256
3195,S01,0,0,2,0,0.559,0.5604212,1,False,True,test,0.559,0.5604212
4334,S03,3,3,3,3,0.567,0.56070185,1,True,True,test,0.567,0.56070185
3987,S03,2,0,2,2,0.56,0.5406252,0,True,True,test,0.56,0.5406252
3354,S01,3,0,2,0,0.734,0.6114623,0,False,False,test,0.734,0.6114623
4740,S02,3,0,3,3,0.6,0.6387693,0,True,True,test,0.6,0.6387693
1734,S03,0,0,0,2,0.534,0.56639606,1,True,False,test,0.534,0.56639606
5861,S02,1,1,3,3,0.569,0.5985736,1,False,False,test,0.569,0.5985736
5661,S01,0,2,0,0,0.672,0.6156982,0,True,True,test,0.672,0.6156982
2983,S02,3,0,3,3,0.63,0.64491576,0,True,True,test,0.63,0.64491576
4096,S02,1,2,2,2,0.775,0.58833605,0,False,False,test,0.775,0.58833605
4732,S02,0,0,0,0,0.555,0.5583126,1,True,True,test,0.555,0.5583126
2139,S02,3,3,3,3,0.56,0.61615914,1,True,True,test,0.56,0.61615914
148,S03,0,3,0,0,0.451,0.65014625,0,True,True,test,0.451,0.65014625
2300,S01,3,3,2,3,0.543,0.56808823,1,False,True,test,0.543,0.56808823
285,S02,3,1,3,3,0.51,0.63154185,0,True,True,test,0.51,0.63154185
1072,S02,2,0,2,2,0.651,0.54203546,0,True,True,test,0.651,0.54203546
5723,S01,1,3,3,1,0.595,0.6563013,0,False,True,test,0.595,0.6563013
4106,S02,3,1,1,3,0.623,0.6440224,0,False,True,test,0.623,0.6440224
1522,S01,0,0,0,2,0.576,0.55634624,1,True,False,test,0.576,0.55634624
5292,S01,0,3,0,3,0.672,0.63342804,0,True,False,test,0.672,0.63342804
5876,S02,0,1,3,0,0.726,0.6208584,0,False,True,test,0.726,0.6208584
5833,S03,0,1,0,0,0.538,0.578222,0,True,True,test,0.538,0.578222
408,S03,2,2,2,0,0.567,0.57528794,1,True,False,test,0.567,0.57528794
3893,S02,0,1,1,1,0.2,0.63529444,0,False,False,test,0.2,0.63529444
276,S02,0,2,3,0,0.629,0.6005003,0,False,True,test,0.629,0.6005003
2388,S03,2,2,2,2,0.511,0.5441725,1,True,True,test,0.511,0.5441725
1495,S01,1,1,2,1,0.655,0.56954354,1,False,True,test,0.655,0.56954354
1545,S03,2,0,0,2,0.651,0.55112636,0,False,True,test,0.651,0.55112636
1227,S03,3,3,3,3,0.534,0.59873223,1,True,True,test,0.534,0.59873223
4186,S03,2,1,2,1,0.545,0.60004497,0,True,False,test,0.545,0.60004497
1550,S03,1,1,1,1,0.495,0.5349187,1,True,True,test,0.495,0.5349187
2073,S03,1,1,1,1,0.536,0.555827,1,True,True,test,0.536,0.555827
3817,S03,2,1,1,2,0.471,0.6437441,0,False,True,test,0.471,0.6437441
1470,S02,2,1,2,2,0.605,0.6467921,0,True,True,test,0.605,0.6467921
1350,S03,1,1,1,2,0.527,0.60161793,1,True,False,test,0.527,0.60161793
706,S02,1,0,3,1,0.605,0.61226684,0,False,True,test,0.605,0.61226684
5551,S02,3,3,2,1,0.59,0.58304816,1,False,False,test,0.59,0.58304816
2247,S01,1,3,1,1,0.704,0.6350018,0,True,True,test,0.704,0.6350018
3802,S02,1,1,1,3,0.558,0.59666824,1,True,False,test,0.558,0.59666824
6160,S01,0,0,0,0,0.688,0.57415,1,True,True,test,0.688,0.57415
830,S02,0,1,3,2,0.664,0.61110586,0,False,False,test,0.664,0.61110586
4535,S02,1,1,1,3,0.564,0.612369,1,True,False,test,0.564,0.612369
3569,S01,1,0,1,1,0.561,0.6190687,0,True,True,test,0.561,0.6190687
2143,S01,0,0,0,0,0.454,0.5963873,1,True,True,test,0.454,0.5963873
3283,S03,3,0,0,3,0.527,0.65096426,0,False,True,test,0.527,0.65096426
6014,S02,0,3,0,3,0.573,0.6288396,0,True,False,test,0.573,0.6288396
5288,S01,2,2,2,2,0.592,0.56475157,1,True,True,test,0.592,0.56475157
254,S01,3,3,0,3,0.528,0.59133476,1,False,True,test,0.528,0.59133476
5068,S01,1,3,3,1,0.56,0.6585655,0,False,True,test,0.56,0.6585655
726,S01,0,1,1,0,0.673,0.6399919,0,False,True,test,0.673,0.6399919
4326,S01,1,0,3,0,0.607,0.653854,0,False,False,test,0.607,0.653854
3631,S03,2,2,3,2,0.561,0.5742008,1,False,True,test,0.561,0.5742008
4352,S01,0,0,0,0,0.832,0.5766419,1,True,True,test,0.832,0.5766419
817,S01,3,0,3,0,0.528,0.6305456,0,True,False,test,0.528,0.6305456
620,S02,3,3,3,3,0.562,0.54025805,1,True,True,test,0.562,0.54025805
3365,S01,0,3,3,0,0.767,0.6183567,0,False,True,test,0.767,0.6183567
3123,S03,3,3,3,3,0.561,0.5649978,1,True,True,test,0.561,0.5649978
4469,S01,0,0,0,0,0.527,0.5618116,1,True,True,test,0.527,0.5618116
2898,S01,3,3,3,3,0.736,0.5574298,1,True,True,test,0.736,0.5574298
1009,S01,2,2,3,2,0.448,0.5485158,1,False,True,test,0.448,0.5485158
5286,S03,2,2,2,0,0.548,0.583836,1,True,False,test,0.548,0.583836
714,S03,2,2,2,2,0.513,0.56256163,1,True,True,test,0.513,0.56256163
2560,S03,2,3,2,3,0.535,0.6555471,0,True,False,test,0.535,0.6555471
3795,S02,3,0,3,3,0.695,0.66071546,0,True,True,test,0.695,0.66071546
3199,S02,1,3,1,1,0.692,0.6514994,0,True,True,test,0.692,0.6514994
5213,S01,1,2,2,1,0.56,0.6026739,0,False,True,test,0.56,0.6026739
291,S01,2,2,1,2,0.2,0.5639713,1,False,True,test,0.2,0.5639713
1584,S02,2,1,2,2,0.677,0.6480126,0,True,True,test,0.677,0.6480126
4346,S02,3,3,3,3,0.56,0.58524626,1,True,True,test,0.56,0.58524626
5081,S01,3,2,2,2,0.56,0.64029396,0,False,False,test,0.56,0.64029396
1911,S01,2,3,3,2,0.576,0.6321807,0,False,True,test,0.576,0.6321807
1343,S03,0,2,0,2,0.504,0.6188552,0,True,False,test,0.504,0.6188552
4846,S02,2,0,1,0,0.21,0.5678781,0,False,False,test,0.21,0.5678781
1434,S02,0,3,0,0,0.665,0.64185774,0,True,True,test,0.665,0.64185774
2084,S02,0,0,0,3,0.564,0.57079834,1,True,False,test,0.564,0.57079834
2206,S01,3,3,0,3,0.495,0.60636306,1,False,True,test,0.495,0.60636306
1799,S01,3,0,0,0,0.608,0.655324,0,False,False,test,0.608,0.655324
5189,S03,1,0,1,0,0.486,0.60518736,0,True,False,test,0.486,0.60518736
2631,S02,1,0,1,1,0.788,0.6394115,0,True,True,test,0.788,0.6394115
1869,S01,3,3,2,3,0.64,0.56415975,1,False,True,test,0.64,0.56415975
4619,S03,1,0,1,1,0.536,0.6220414,0,True,True,test,0.536,0.6220414
674,S03,3,1,0,3,0.655,0.7027861,0,False,True,test,0.655,0.7027861
5072,S01,3,3,0,0,0.622,0.536246,1,False,False,test,0.622,0.536246
6072,S03,1,1,1,1,0.584,0.612253,1,True,True,test,0.584,0.612253
5624,S03,3,1,1,3,0.508,0.6668593,0,False,True,test,0.508,0.6668593
2092,S03,3,3,3,3,0.621,0.60536236,1,True,True,test,0.621,0.60536236
6020,S03,0,0,0,0,0.503,0.5757197,1,True,True,test,0.503,0.5757197
91,S03,1,3,1,1,0.576,0.6717175,0,True,True,test,0.576,0.6717175
6129,S03,3,3,3,3,0.501,0.57746613,1,True,True,test,0.501,0.57746613
3165,S03,0,2,2,2,0.514,0.5899541,0,False,False,test,0.514,0.5899541
3626,S01,2,1,2,2,0.624,0.6347598,0,True,True,test,0.624,0.6347598
2298,S03,1,2,1,3,0.576,0.591678,0,True,False,test,0.576,0.591678
4526,S02,2,1,1,2,0.553,0.57609177,0,False,True,test,0.553,0.57609177
772,S03,2,2,2,1,0.455,0.5717542,1,True,False,test,0.455,0.5717542
2211,S02,0,1,1,0,0.631,0.62359065,0,False,True,test,0.631,0.62359065
2772,S02,2,0,0,2,0.634,0.5384873,0,False,True,test,0.634,0.5384873
5347,S02,2,2,3,2,0.217,0.56696844,1,False,True,test,0.217,0.56696844
2156,S02,1,3,3,1,0.571,0.6687108,0,False,True,test,0.571,0.6687108
2644,S02,0,0,0,0,0.614,0.5558748,1,True,True,test,0.614,0.5558748
683,S02,1,1,1,3,0.52,0.5991075,1,True,False,test,0.52,0.5991075
573,S01,1,2,1,1,0.709,0.6323002,0,True,True,test,0.709,0.6323002
3736,S02,1,1,2,2,0.59,0.5834685,1,False,False,test,0.59,0.5834685
4992,S01,3,3,3,2,1.011,0.59205717,1,True,False,test,1.011,0.59205717
2961,S01,1,1,1,3,0.606,0.6085261,1,True,False,test,0.606,0.6085261
2342,S01,3,3,3,1,0.672,0.5920586,1,True,False,test,0.672,0.5920586
3789,S01,1,2,2,3,0.59,0.58489233,0,False,False,test,0.59,0.58489233
822,S01,0,1,2,1,0.416,0.60132474,0,False,False,test,0.416,0.60132474
4283,S02,3,3,3,3,0.591,0.56194764,1,True,True,test,0.591,0.56194764
1957,S01,1,1,1,1,0.577,0.5971083,1,True,True,test,0.577,0.5971083
3627,S02,1,1,1,3,0.538,0.59731793,1,True,False,test,0.538,0.59731793
4820,S01,1,1,2,1,0.591,0.5685967,1,False,True,test,0.591,0.5685967
1932,S03,1,2,2,1,0.537,0.595557,0,False,True,test,0.537,0.595557
5297,S02,2,3,2,2,0.611,0.67459506,0,True,True,test,0.611,0.67459506
4875,S02,1,3,1,1,0.531,0.63008004,0,True,True,test,0.531,0.63008004
5109,S03,2,2,2,2,0.536,0.5643136,1,True,True,test,0.536,0.5643136
3529,S02,0,0,0,1,0.61,0.61629176,1,True,False,test,0.61,0.61629176
2469,S01,2,0,2,2,0.577,0.55690247,0,True,True,test,0.577,0.55690247
2069,S01,1,1,3,2,0.703,0.6092427,1,False,False,test,0.703,0.6092427
4416,S01,0,0,0,0,0.575,0.59224087,1,True,True,test,0.575,0.59224087
5462,S02,1,2,2,2,0.56,0.60627323,0,False,False,test,0.56,0.60627323
4993,S03,1,0,1,3,0.591,0.6369177,0,True,False,test,0.591,0.6369177
110,S02,3,2,3,3,0.6,0.6286557,0,True,True,test,0.6,0.6286557
3853,S02,1,2,1,1,0.9,0.5835958,0,True,True,test,0.9,0.5835958
4468,S01,3,1,1,1,0.69,0.69316894,0,False,False,test,0.69,0.69316894
4550,S03,1,1,1,0,0.584,0.5967078,1,True,False,test,0.584,0.5967078
5801,S01,2,3,2,3,0.623,0.6108452,0,True,False,test,0.623,0.6108452
2226,S01,1,1,1,3,0.608,0.56949264,1,True,False,test,0.608,0.56949264
864,S03,2,3,2,3,0.742,0.6191864,0,True,False,test,0.742,0.6191864
368,S01,3,3,3,3,0.511,0.5706729,1,True,True,test,0.511,0.5706729
3751,S01,3,3,3,0,0.656,0.56551015,1,True,False,test,0.656,0.56551015
2670,S03,0,0,2,0,0.542,0.5924846,1,False,True,test,0.542,0.5924846
5900,S03,3,3,3,3,0.563,0.59911394,1,True,True,test,0.563,0.59911394
2362,S02,0,0,0,0,0.61,0.55007106,1,True,True,test,0.61,0.55007106
51,S03,3,1,3,3,0.607,0.62688357,0,True,True,test,0.607,0.62688357
229,S01,3,2,3,3,0.736,0.6388208,0,True,True,test,0.736,0.6388208
2187,S02,2,3,3,3,0.571,0.6323701,0,False,False,test,0.571,0.6323701
5619,S02,3,3,0,3,0.27,0.5695771,1,False,True,test,0.27,0.5695771
3009,S02,3,3,3,3,0.539,0.6016316,1,True,True,test,0.539,0.6016316
5745,S03,3,2,3,3,0.624,0.64387,0,True,True,test,0.624,0.64387
5728,S03,3,0,3,2,0.545,0.6581551,0,True,False,test,0.545,0.6581551
2304,S03,1,1,1,1,0.56,0.6117403,1,True,True,test,0.56,0.6117403
2588,S02,1,0,0,1,0.621,0.6119617,0,False,True,test,0.621,0.6119617
1076,S03,1,1,1,3,0.538,0.6009525,1,True,False,test,0.538,0.6009525
2460,S03,1,1,1,1,0.511,0.6056231,1,True,True,test,0.511,0.6056231
959,S01,2,3,2,0,0.671,0.6060302,0,True,False,test,0.671,0.6060302
896,S02,2,0,2,0,0.764,0.54793805,0,True,False,test,0.764,0.54793805
5877,S01,3,3,3,0,0.704,0.58871585,1,True,False,test,0.704,0.58871585
3935,S01,0,0,0,0,0.544,0.573836,1,True,True,test,0.544,0.573836
5754,S03,1,0,1,3,0.636,0.58858335,0,True,False,test,0.636,0.58858335
5628,S01,1,2,1,3,0.448,0.58927166,0,True,False,test,0.448,0.58927166
2591,S03,2,1,2,1,0.55,0.58336186,0,True,False,test,0.55,0.58336186
174,S01,0,0,3,0,0.688,0.57718575,1,False,True,test,0.688,0.57718575
1635,S01,3,1,3,1,0.893,0.6574579,0,True,False,test,0.893,0.6574579
2727,S02,2,3,2,3,0.569,0.6324213,0,True,False,test,0.569,0.6324213
3542,S03,0,1,1,0,0.462,0.58253396,0,False,True,test,0.462,0.58253396
1621,S03,0,0,0,0,0.464,0.6003982,1,True,True,test,0.464,0.6003982
1262,S01,0,2,0,2,0.759,0.6140112,0,True,False,test,0.759,0.6140112
84,S01,3,3,3,3,0.592,0.56218266,1,True,True,test,0.592,0.56218266
445,S03,3,3,3,3,0.535,0.59391063,1,True,True,test,0.535,0.59391063
6083,S01,1,0,1,2,0.748,0.6372923,0,True,False,test,0.748,0.6372923
2810,S03,3,3,3,3,0.546,0.5424412,1,True,True,test,0.546,0.5424412
3951,S03,0,0,0,0,0.491,0.58440864,1,True,True,test,0.491,0.58440864
6030,S01,2,2,2,3,0.512,0.5324575,1,True,False,test,0.512,0.5324575
1642,S03,2,2,2,2,0.52,0.5795471,1,True,True,test,0.52,0.5795471
651,S01,2,2,2,2,0.863,0.5682579,1,True,True,test,0.863,0.5682579
2592,S02,3,1,1,1,0.56,0.63900554,0,False,False,test,0.56,0.63900554
5934,S02,3,1,3,1,0.61,0.67821664,0,True,False,test,0.61,0.67821664
2167,S02,1,0,3,1,0.52,0.63450456,0,False,True,test,0.52,0.63450456
5913,S03,2,1,2,2,0.638,0.6179312,0,True,True,test,0.638,0.6179312
4436,S02,2,0,2,2,0.673,0.56329465,0,True,True,test,0.673,0.56329465
4741,S03,0,2,0,0,0.588,0.5772326,0,True,True,test,0.588,0.5772326
4453,S03,0,0,0,0,0.483,0.58574027,1,True,True,test,0.483,0.58574027
3764,S03,2,2,2,0,0.513,0.55784863,1,True,False,test,0.513,0.55784863
4558,S03,1,3,1,3,0.635,0.6545347,0,True,False,test,0.635,0.6545347
523,S01,1,0,1,1,1.008,0.62467086,0,True,True,test,1.008,0.62467086
3461,S03,1,2,2,1,0.53,0.6321345,0,False,True,test,0.53,0.6321345
1139,S02,0,0,0,0,0.563,0.59213316,1,True,True,test,0.563,0.59213316
1211,S01,2,3,2,2,0.64,0.6540008,0,True,True,test,0.64,0.6540008
1597,S02,0,3,3,0,0.529,0.6585383,0,False,True,test,0.529,0.6585383
5062,S03,0,0,0,0,0.565,0.5862908,1,True,True,test,0.565,0.5862908
790,S02,3,0,3,3,0.52,0.65372145,0,True,True,test,0.52,0.65372145
4503,S03,0,0,0,2,0.502,0.587008,1,True,False,test,0.502,0.587008
192,S03,1,3,1,1,0.503,0.6604721,0,True,True,test,0.503,0.6604721
3498,S03,3,0,3,3,0.734,0.62222886,0,True,True,test,0.734,0.62222886
1538,S02,0,0,2,0,0.638,0.5786172,1,False,True,test,0.638,0.5786172
3615,S01,2,2,3,0,0.541,0.58197725,1,False,False,test,0.541,0.58197725
5816,S03,1,1,1,3,0.61,0.61356044,1,True,False,test,0.61,0.61356044
661,S03,3,1,3,3,0.658,0.64271784,0,True,True,test,0.658,0.64271784
4137,S01,1,0,1,0,0.655,0.6521258,0,True,False,test,0.655,0.6521258
4313,S01,1,0,3,3,0.594,0.63816667,0,False,False,test,0.594,0.63816667
980,S02,0,2,0,0,0.615,0.6062755,0,True,True,test,0.615,0.6062755
5335,S03,1,1,1,1,0.483,0.62408686,1,True,True,test,0.483,0.62408686
2421,S02,0,3,3,2,0.56,0.6316579,0,False,False,test,0.56,0.6316579
264,S02,0,0,3,0,0.52,0.5481059,1,False,True,test,0.52,0.5481059
5902,S01,1,1,1,1,0.525,0.5879971,1,True,True,test,0.525,0.5879971
4169,S03,3,2,3,2,0.703,0.6515481,0,True,False,test,0.703,0.6515481
1347,S02,2,1,2,2,0.671,0.6353318,0,True,True,test,0.671,0.6353318
6180,S03,0,3,0,1,0.593,0.6379195,0,True,False,test,0.593,0.6379195
2825,S01,3,0,3,3,0.705,0.68160444,0,True,True,test,0.705,0.68160444
2625,S03,1,2,1,1,0.485,0.59480774,0,True,True,test,0.485,0.59480774
3285,S03,2,3,2,2,0.66,0.6216472,0,True,True,test,0.66,0.6216472
4868,S02,0,3,3,0,0.58,0.6273205,0,False,True,test,0.58,0.6273205
1229,S02,3,3,3,1,0.65,0.56851465,1,True,False,test,0.65,0.56851465
102,S02,1,3,3,1,0.618,0.6932863,0,False,True,test,0.618,0.6932863
3271,S03,1,2,1,2,0.556,0.59957963,0,True,False,test,0.556,0.59957963
1940,S03,1,1,1,1,0.566,0.5815193,1,True,True,test,0.566,0.5815193
4022,S03,1,1,1,3,0.527,0.6002821,1,True,False,test,0.527,0.6002821
2928,S02,1,1,1,2,0.645,0.57316095,1,True,False,test,0.645,0.57316095
6168,S03,1,1,1,1,0.494,0.5816683,1,True,True,test,0.494,0.5816683
2721,S03,3,3,3,3,0.495,0.5912305,1,True,True,test,0.495,0.5912305
87,S03,1,2,2,1,0.549,0.6053856,0,False,True,test,0.549,0.6053856
122,S03,2,2,2,2,0.535,0.5613824,1,True,True,test,0.535,0.5613824
2985,S01,0,1,1,1,0.559,0.5940605,0,False,False,test,0.559,0.5940605
3462,S01,3,3,3,3,0.576,0.58678365,1,True,True,test,0.576,0.58678365
788,S01,2,1,1,2,0.639,0.58479106,0,False,True,test,0.639,0.58479106
4718,S03,2,3,2,2,0.549,0.6124085,0,True,True,test,0.549,0.6124085
4277,S01,0,0,3,0,0.576,0.58577377,1,False,True,test,0.576,0.58577377
284,S03,0,0,0,3,0.545,0.5891593,1,True,False,test,0.545,0.5891593
1729,S03,3,3,3,2,0.551,0.5748509,1,True,False,test,0.551,0.5748509
2601,S02,2,2,1,2,0.623,0.5087861,1,False,True,test,0.623,0.5087861
5920,S01,2,2,3,2,0.623,0.5648736,1,False,True,test,0.623,0.5648736
2481,S03,3,0,3,3,0.582,0.64228344,0,True,True,test,0.582,0.64228344
2091,S02,3,1,1,1,0.57,0.6312877,0,False,False,test,0.57,0.6312877
1261,S03,3,3,3,3,0.452,0.553217,1,True,True,test,0.452,0.553217
3137,S01,3,1,3,1,0.815,0.619501,0,True,False,test,0.815,0.619501
395,S02,1,1,3,1,0.225,0.60404706,1,False,True,test,0.225,0.60404706
3437,S01,3,0,0,3,0.655,0.6436833,0,False,True,test,0.655,0.6436833
3102,S02,1,0,1,1,0.571,0.6523466,0,True,True,test,0.571,0.6523466
2542,S02,2,2,3,2,0.7,0.56666535,1,False,True,test,0.7,0.56666535
4180,S03,2,1,2,2,0.503,0.61760587,0,True,True,test,0.503,0.61760587
5481,S01,3,3,3,3,0.625,0.59486955,1,True,True,test,0.625,0.59486955
461,S03,3,3,1,3,0.6,0.5245601,1,False,True,test,0.6,0.5245601
6108,S02,1,1,1,3,0.544,0.5786561,1,True,False,test,0.544,0.5786561
41,S01,2,2,0,2,0.557,0.5778228,1,False,True,test,0.557,0.5778228
2387,S01,0,2,2,0,0.66,0.5983252,0,False,True,test,0.66,0.5983252
4829,S03,1,0,1,2,0.554,0.6295968,0,True,False,test,0.554,0.6295968
4177,S01,0,2,2,0,0.768,0.6182001,0,False,True,test,0.768,0.6182001
2936,S03,0,0,0,0,0.474,0.57094395,1,True,True,test,0.474,0.57094395
735,S02,1,3,1,3,0.64,0.6939351,0,True,False,test,0.64,0.6939351
2093,S02,0,0,0,0,0.601,0.57242674,1,True,True,test,0.601,0.57242674
228,S02,0,2,2,0,0.51,0.6025598,0,False,True,test,0.51,0.6025598
5414,S03,0,0,0,0,0.502,0.53195524,1,True,True,test,0.502,0.53195524
1323,S03,0,1,1,2,0.55,0.6105347,0,False,False,test,0.55,0.6105347
5528,S03,0,1,0,0,0.541,0.59562725,0,True,True,test,0.541,0.59562725
217,S02,1,1,3,2,0.206,0.5942483,1,False,False,test,0.206,0.5942483
203,S03,2,3,2,2,0.501,0.6299456,0,True,True,test,0.501,0.6299456
4113,S03,2,3,2,3,0.502,0.6328045,0,True,False,test,0.502,0.6328045
4951,S02,0,3,3,2,0.545,0.6184375,0,False,False,test,0.545,0.6184375
5694,S01,1,0,3,1,0.67,0.6274444,0,False,True,test,0.67,0.6274444
5427,S02,1,3,1,1,0.546,0.65607256,0,True,True,test,0.546,0.65607256
6132,S03,2,2,2,2,0.495,0.550435,1,True,True,test,0.495,0.550435
5909,S01,3,3,2,3,0.793,0.5772235,1,False,True,test,0.793,0.5772235
2499,S03,2,2,2,3,0.5,0.53966373,1,True,False,test,0.5,0.53966373
3341,S03,0,0,0,0,0.544,0.5539705,1,True,True,test,0.544,0.5539705
3418,S03,3,2,3,3,0.53,0.6577909,0,True,True,test,0.53,0.6577909
2285,S03,0,2,0,2,0.585,0.63165456,0,True,False,test,0.585,0.63165456
2994,S02,1,1,1,1,0.608,0.6012972,1,True,True,test,0.608,0.6012972
4394,S02,0,0,0,0,0.635,0.6143614,1,True,True,test,0.635,0.6143614
4355,S02,2,1,2,2,0.688,0.6120991,0,True,True,test,0.688,0.6120991
5937,S01,3,1,3,3,0.674,0.6582862,0,True,True,test,0.674,0.6582862
5738,S02,3,3,1,3,0.638,0.6039939,1,False,True,test,0.638,0.6039939
2311,S02,3,3,0,2,0.605,0.61876184,1,False,False,test,0.605,0.61876184
2912,S02,2,3,3,1,0.547,0.655869,0,False,False,test,0.547,0.655869
2113,S02,3,3,2,3,0.57,0.59065247,1,False,True,test,0.57,0.59065247
4622,S01,2,1,3,2,0.21,0.59338456,0,False,True,test,0.21,0.59338456
1238,S03,3,3,3,3,0.726,0.58413523,1,True,True,test,0.726,0.58413523
437,S02,1,3,1,1,0.57,0.6715,0,True,True,test,0.57,0.6715
4270,S01,0,0,0,0,0.718,0.56742334,1,True,True,test,0.718,0.56742334
2349,S02,0,0,3,1,0.204,0.5879423,1,False,False,test,0.204,0.5879423
542,S03,1,1,1,1,0.558,0.5829303,1,True,True,test,0.558,0.5829303
5608,S02,1,1,3,1,0.633,0.6044482,1,False,True,test,0.633,0.6044482
1852,S03,1,2,2,3,0.535,0.6053176,0,False,False,test,0.535,0.6053176
572,S03,0,3,3,3,0.496,0.652967,0,False,False,test,0.496,0.652967
2781,S02,1,1,1,3,0.584,0.57692736,1,True,False,test,0.584,0.57692736
1825,S03,0,0,0,2,0.552,0.5839653,1,True,False,test,0.552,0.5839653
5452,S02,3,3,0,3,0.62,0.5573914,1,False,True,test,0.62,0.5573914
783,S02,0,0,0,0,0.534,0.5671311,1,True,True,test,0.534,0.5671311
6062,S03,3,1,3,3,0.672,0.68987304,0,True,True,test,0.672,0.68987304
509,S01,1,1,3,1,0.674,0.5845479,1,False,True,test,0.674,0.5845479
5033,S02,1,3,1,1,0.641,0.69108653,0,True,True,test,0.641,0.69108653
4104,S03,3,2,3,3,0.609,0.6786318,0,True,True,test,0.609,0.6786318
1032,S03,3,0,3,0,0.678,0.6718328,0,True,False,test,0.678,0.6718328
4942,S02,0,0,0,0,0.6,0.59016323,1,True,True,test,0.6,0.59016323
3247,S03,0,1,1,0,0.494,0.64360607,0,False,True,test,0.494,0.64360607
1241,S03,0,0,2,1,0.513,0.5939436,1,False,False,test,0.513,0.5939436
3550,S03,3,0,0,0,0.477,0.63795406,0,False,False,test,0.477,0.63795406
2793,S01,0,3,0,3,0.512,0.63858104,0,True,False,test,0.512,0.63858104
225,S03,0,0,0,0,0.547,0.57916564,1,True,True,test,0.547,0.57916564
3891,S02,0,1,1,0,0.584,0.60407525,0,False,True,test,0.584,0.60407525
3555,S01,0,1,0,0,0.735,0.6382957,0,True,True,test,0.735,0.6382957
6097,S03,1,0,1,3,0.663,0.6450657,0,True,False,test,0.663,0.6450657
420,S02,0,3,2,0,0.603,0.630942,0,False,True,test,0.603,0.630942
3156,S03,1,1,1,3,0.503,0.6382439,1,True,False,test,0.503,0.6382439
3777,S03,2,2,1,3,0.499,0.5282043,1,False,False,test,0.499,0.5282043
4069,S03,1,1,1,1,0.483,0.6453486,1,True,True,test,0.483,0.6453486
4754,S01,2,3,2,2,0.734,0.6617066,0,True,True,test,0.734,0.6617066
3047,S01,3,3,3,3,1.024,0.6110286,1,True,True,test,1.024,0.6110286
3599,S02,0,3,0,0,0.644,0.64616925,0,True,True,test,0.644,0.64616925
2270,S01,0,3,2,0,0.464,0.64369315,0,False,True,test,0.464,0.64369315
5846,S01,2,2,2,2,0.72,0.57116777,1,True,True,test,0.72,0.57116777
3936,S02,1,2,1,1,0.658,0.5924544,0,True,True,test,0.658,0.5924544
3874,S02,3,0,0,3,0.589,0.6632675,0,False,True,test,0.589,0.6632675
3058,S01,1,3,3,3,0.653,0.64988387,0,False,False,test,0.653,0.64988387
1829,S03,0,0,0,0,0.559,0.56824887,1,True,True,test,0.559,0.56824887
1095,S01,1,2,2,1,0.64,0.57969654,0,False,True,test,0.64,0.57969654
2828,S01,0,0,0,0,0.576,0.5526126,1,True,True,test,0.576,0.5526126
3221,S03,0,0,0,0,0.514,0.5988577,1,True,True,test,0.514,0.5988577
384,S03,1,0,1,1,0.635,0.6094779,0,True,True,test,0.635,0.6094779
4418,S01,3,3,3,2,0.669,0.56628466,1,True,False,test,0.669,0.56628466
5196,S03,3,1,3,2,0.554,0.6275606,0,True,False,test,0.554,0.6275606
4847,S02,1,1,2,0,0.668,0.5854914,1,False,False,test,0.668,0.5854914
2447,S02,1,1,1,1,0.642,0.54706293,1,True,True,test,0.642,0.54706293
3661,S02,2,1,1,1,0.527,0.6101021,0,False,False,test,0.527,0.6101021
3548,S03,0,0,0,0,0.565,0.54338855,1,True,True,test,0.565,0.54338855
4926,S01,3,1,3,1,0.667,0.64182055,0,True,False,test,0.667,0.64182055
1692,S02,1,0,1,1,0.68,0.63678324,0,True,True,test,0.68,0.63678324
3066,S02,0,0,0,0,0.646,0.57621914,1,True,True,test,0.646,0.57621914
2263,S01,2,0,1,0,0.991,0.5567688,0,False,False,test,0.991,0.5567688
527,S01,0,0,0,0,0.64,0.5725012,1,True,True,test,0.64,0.5725012
95,S01,0,0,0,0,0.577,0.5674754,1,True,True,test,0.577,0.5674754
2799,S02,1,1,1,1,0.706,0.6052264,1,True,True,test,0.706,0.6052264
4461,S03,2,2,0,2,0.624,0.56114846,1,False,True,test,0.624,0.56114846
108,S03,2,3,2,3,0.608,0.60951364,0,True,False,test,0.608,0.60951364
5269,S02,0,1,0,0,0.655,0.5690525,0,True,True,test,0.655,0.5690525
1813,S02,2,0,0,2,0.511,0.53673637,0,False,True,test,0.511,0.53673637
4487,S03,1,1,1,1,0.608,0.5974067,1,True,True,test,0.608,0.5974067
1641,S03,1,1,1,3,0.464,0.59409076,1,True,False,test,0.464,0.59409076
2039,S03,3,3,3,3,0.57,0.6025042,1,True,True,test,0.57,0.6025042
3224,S01,1,0,0,1,0.656,0.60973686,0,False,True,test,0.656,0.60973686
1964,S02,0,2,2,0,0.721,0.6207562,0,False,True,test,0.721,0.6207562
4792,S01,0,2,0,0,0.864,0.5809915,0,True,True,test,0.864,0.5809915
401,S03,0,3,0,0,0.49,0.63121724,0,True,True,test,0.49,0.63121724
2409,S02,3,3,3,0,0.63,0.5675,1,True,False,test,0.63,0.5675
5564,S01,0,0,0,0,0.858,0.569653,1,True,True,test,0.858,0.569653
4087,S01,2,0,0,2,0.591,0.5730151,0,False,True,test,0.591,0.5730151
4885,S01,3,3,3,0,0.657,0.58421695,1,True,False,test,0.657,0.58421695
3868,S03,0,3,3,0,0.585,0.6179846,0,False,True,test,0.585,0.6179846
4724,S01,1,0,1,2,0.607,0.61423236,0,True,False,test,0.607,0.61423236
4813,S02,0,3,0,3,0.578,0.65534854,0,True,False,test,0.578,0.65534854
5595,S01,2,2,2,1,0.765,0.5637555,1,True,False,test,0.765,0.5637555
4358,S01,0,0,3,0,0.671,0.6007973,1,False,True,test,0.671,0.6007973
5321,S03,3,1,3,3,0.629,0.6335829,0,True,True,test,0.629,0.6335829
3447,S03,2,2,2,2,0.448,0.5518631,1,True,True,test,0.448,0.5518631
6127,S01,1,1,1,1,0.577,0.6345485,1,True,True,test,0.577,0.6345485
3770,S03,3,3,3,2,0.527,0.6049735,1,True,False,test,0.527,0.6049735
6183,S03,2,3,2,2,0.728,0.6006972,0,True,True,test,0.728,0.6006972
5448,S02,2,0,2,0,0.653,0.5584562,0,True,False,test,0.653,0.5584562
2008,S03,0,0,0,0,0.616,0.57477546,1,True,True,test,0.616,0.57477546
2282,S02,3,3,3,3,0.54,0.544979,1,True,True,test,0.54,0.544979
2192,S03,3,0,3,0,0.575,0.65155154,0,True,False,test,0.575,0.65155154
2233,S03,0,2,2,2,0.554,0.5738093,0,False,False,test,0.554,0.5738093
2696,S03,1,3,1,1,0.71,0.64644223,0,True,True,test,0.71,0.64644223
516,S01,1,1,1,3,0.512,0.6005704,1,True,False,test,0.512,0.6005704
