model_config_id,lenient_young_incongruent_error_rate_le_0.25,lenient_older_incongruent_error_rate_le_0.15,lenient_young_congruent_nonzero,lenient_older_congruent_nonzero,lenient_congruent_fast_error_or_weak,lenient_early_flanker_dominance_ge_0.10,lenient_rt_not_broken,lenient_no_perfect_accuracy,main_young_incongruent_error_rate_le_0.20,main_older_incongruent_error_rate_le_0.10,main_young_congruent_error_rate_0.003_to_0.05,main_older_congruent_error_rate_ge_0.002,main_young_congruent_fast_error,main_older_congruent_fast_error_not_absent,main_early_flanker_dominance_ge_0.15,main_incongruent_flanker_choice_limited,main_rt_bin_rmse_not_too_much_worse,main_no_unrealistic_perfect_accuracy,main_lapse_errors_not_excessive,main_not_all_trials_strongest_compression,strict_young_incongruent_human_plus_0.05,strict_older_incongruent_human_plus_0.05,strict_young_congruent_human_pm_0.015,strict_older_congruent_human_pm_0.015,strict_both_fast_error_evaluable_negative,strict_early_flanker_dominance_ge_0.20,strict_rt_profile_close,strict_no_excessive_lapse,pass_lenient,fail_count_lenient,first_failed_constraint_lenient,pass_main,fail_count_main,first_failed_constraint_main,pass_strict,fail_count_strict,first_failed_constraint_strict,failure_reason_category,recommended_for_next_search
WR2_fine_7ce51497,True,True,True,True,False,True,True,True,True,True,True,True,True,False,True,True,True,True,True,True,False,True,True,True,False,True,True,True,False,1,lenient_congruent_fast_error_or_weak,False,1,main_older_congruent_fast_error_not_absent,False,2,strict_young_incongruent_human_plus_0.05,mixed_tradeoff,report_negative_result
WR2_fine_76f666bc,True,True,True,True,False,True,True,True,True,True,True,True,False,True,True,True,True,True,True,True,False,True,True,True,False,True,True,True,False,1,lenient_congruent_fast_error_or_weak,False,1,main_young_congruent_fast_error,False,2,strict_young_incongruent_human_plus_0.05,no_congruent_fast_error,report_negative_result
WR2_fine_3744359a,True,True,True,True,True,True,True,True,True,True,True,True,True,True,True,True,True,True,True,True,False,True,True,True,True,True,True,True,True,0,,True,0,,False,1,strict_young_incongruent_human_plus_0.05,mixed_tradeoff,fine_search_seed
WR2_fine_23a33258,True,True,True,True,False,True,True,True,True,True,True,True,False,True,True,True,True,True,True,True,False,True,True,True,False,True,True,True,False,1,lenient_congruent_fast_error_or_weak,False,1,main_young_congruent_fast_error,False,2,strict_young_incongruent_human_plus_0.05,no_congruent_fast_error,report_negative_result
WR2_fine_54d09fdb,True,True,True,True,False,True,True,True,True,True,True,True,False,True,True,True,True,True,True,True,False,True,True,True,False,True,True,True,False,1,lenient_congruent_fast_error_or_weak,False,1,main_young_congruent_fast_error,False,2,strict_young_incongruent_human_plus_0.05,no_congruent_fast_error,report_negative_result
WR2_fine_3e4f5056,True,True,True,True,True,True,True,True,True,True,True,True,True,True,True,True,True,True,True,True,False,True,True,True,True,True,True,True,True,0,,True,0,,False,1,strict_young_incongruent_human_plus_0.05,mixed_tradeoff,fine_search_seed
WR2_fine_623ef747,True,True,True,True,False,True,True,True,True,True,True,True,False,True,True,True,True,True,True,True,False,True,True,True,False,True,True,True,False,1,lenient_congruent_fast_error_or_weak,False,1,main_young_congruent_fast_error,False,2,strict_young_incongruent_human_plus_0.05,no_congruent_fast_error,report_negative_result
WR2_fine_a6b0857f,True,True,True,True,True,True,True,True,True,True,True,True,True,True,True,True,True,True,True,True,False,True,True,True,True,True,True,True,True,0,,True,0,,False,1,strict_young_incongruent_human_plus_0.05,mixed_tradeoff,fine_search_seed
WR2_fine_0bc9e46c,True,True,True,True,True,True,True,True,True,True,True,True,True,True,True,True,True,True,True,True,False,True,True,True,True,True,True,True,True,0,,True,0,,False,1,strict_young_incongruent_human_plus_0.05,mixed_tradeoff,fine_search_seed
WR2_fine_bd5c5a06,True,True,True,True,True,True,True,True,True,True,True,True,True,True,True,True,True,True,True,True,False,True,True,True,True,True,True,True,True,0,,True,0,,False,1,strict_young_incongruent_human_plus_0.05,mixed_tradeoff,fine_search_seed
WR2_fine_5547a496,True,True,True,True,False,True,True,True,True,True,True,True,True,False,True,True,True,True,True,True,False,True,True,True,False,True,True,True,False,1,lenient_congruent_fast_error_or_weak,False,1,main_older_congruent_fast_error_not_absent,False,2,strict_young_incongruent_human_plus_0.05,mixed_tradeoff,report_negative_result
WR2_fine_a88930e7,True,True,True,True,False,True,True,True,True,True,True,True,True,False,True,True,True,True,True,True,False,True,True,True,False,True,True,True,False,1,lenient_congruent_fast_error_or_weak,False,1,main_older_congruent_fast_error_not_absent,False,2,strict_young_incongruent_human_plus_0.05,mixed_tradeoff,report_negative_result
WR2_fine_2f953537,True,True,True,True,False,True,True,True,True,True,True,True,True,False,True,True,True,True,True,True,False,True,True,True,False,True,True,True,False,1,lenient_congruent_fast_error_or_weak,False,1,main_older_congruent_fast_error_not_absent,False,2,strict_young_incongruent_human_plus_0.05,mixed_tradeoff,report_negative_result
WR2_fine_da09b082,True,True,True,True,True,True,True,True,True,True,True,True,True,True,True,True,True,True,True,True,False,True,True,True,True,True,True,True,True,0,,True,0,,False,1,strict_young_incongruent_human_plus_0.05,mixed_tradeoff,fine_search_seed
WR2_fine_d3c40cc9,True,True,True,True,True,True,True,True,True,True,True,True,True,True,True,True,True,True,True,True,False,True,True,True,True,True,True,True,True,0,,True,0,,False,1,strict_young_incongruent_human_plus_0.05,mixed_tradeoff,fine_search_seed
WR2_fine_e51a945f,True,True,True,True,True,True,True,True,True,True,True,True,True,True,True,True,True,True,True,True,False,True,True,True,True,True,True,True,True,0,,True,0,,False,1,strict_young_incongruent_human_plus_0.05,mixed_tradeoff,fine_search_seed
WR2_fine_8bc14a3f,True,True,True,True,True,True,True,True,True,True,True,True,True,True,True,True,True,True,True,True,False,True,True,True,True,True,True,True,True,0,,True,0,,False,1,strict_young_incongruent_human_plus_0.05,mixed_tradeoff,fine_search_seed
WR2_fine_861131dc,True,True,True,True,False,True,True,True,True,True,True,True,False,True,True,True,True,True,True,True,False,True,True,True,False,True,True,True,False,1,lenient_congruent_fast_error_or_weak,False,1,main_young_congruent_fast_error,False,2,strict_young_incongruent_human_plus_0.05,no_congruent_fast_error,report_negative_result
WR2_fine_5215e466,True,True,True,True,False,True,True,True,True,True,True,True,False,True,True,True,True,True,True,True,False,True,True,True,False,True,True,True,False,1,lenient_congruent_fast_error_or_weak,False,1,main_young_congruent_fast_error,False,2,strict_young_incongruent_human_plus_0.05,no_congruent_fast_error,report_negative_result
WR2_fine_3f4df93b,True,True,True,True,True,True,True,True,True,True,True,True,True,True,True,True,True,True,True,True,False,True,True,True,True,True,True,True,True,0,,True,0,,False,1,strict_young_incongruent_human_plus_0.05,mixed_tradeoff,fine_search_seed
WR2_fine_ae1a4c92,True,True,True,True,False,True,True,True,True,True,True,True,False,False,True,True,True,True,True,True,False,True,True,True,False,True,True,True,False,1,lenient_congruent_fast_error_or_weak,False,2,main_young_congruent_fast_error,False,2,strict_young_incongruent_human_plus_0.05,no_congruent_fast_error,report_negative_result
WR2_fine_18dca7be,True,True,True,True,False,True,True,True,True,True,True,True,True,False,True,True,True,True,True,True,False,True,True,True,False,True,True,True,False,1,lenient_congruent_fast_error_or_weak,False,1,main_older_congruent_fast_error_not_absent,False,2,strict_young_incongruent_human_plus_0.05,mixed_tradeoff,report_negative_result
WR2_fine_80de2b02,True,True,True,True,False,True,True,True,True,True,True,True,False,False,True,True,True,True,True,True,False,True,True,True,False,True,True,True,False,1,lenient_congruent_fast_error_or_weak,False,2,main_young_congruent_fast_error,False,2,strict_young_incongruent_human_plus_0.05,no_congruent_fast_error,report_negative_result
WR2_fine_012f8a89,True,True,True,True,False,True,True,True,True,True,True,True,False,True,True,True,True,True,True,True,False,True,True,True,False,True,True,True,False,1,lenient_congruent_fast_error_or_weak,False,1,main_young_congruent_fast_error,False,2,strict_young_incongruent_human_plus_0.05,no_congruent_fast_error,report_negative_result
WR2_fine_5270a892,True,True,True,True,True,True,True,True,True,True,True,True,True,True,True,True,True,True,True,True,False,True,True,True,True,True,True,True,True,0,,True,0,,False,1,strict_young_incongruent_human_plus_0.05,mixed_tradeoff,fine_search_seed
WR2_fine_1968287b,True,True,True,True,True,True,True,True,True,True,True,True,True,True,True,True,True,True,True,True,False,True,True,True,True,True,True,True,True,0,,True,0,,False,1,strict_young_incongruent_human_plus_0.05,mixed_tradeoff,fine_search_seed
WR2_fine_186e2d52,True,True,True,True,True,True,True,True,True,True,True,True,True,True,True,True,True,True,True,True,False,True,True,True,True,True,True,True,True,0,,True,0,,False,1,strict_young_incongruent_human_plus_0.05,mixed_tradeoff,fine_search_seed
WR2_fine_8b804b6a,True,True,True,True,True,True,True,True,True,True,True,True,True,True,True,True,True,True,True,True,False,True,True,True,True,True,True,True,True,0,,True,0,,False,1,strict_young_incongruent_human_plus_0.05,mixed_tradeoff,fine_search_seed
WR2_fine_5a16e380,True,True,True,True,False,True,True,True,True,True,True,True,False,False,True,True,True,True,True,True,False,True,True,True,False,True,True,True,False,1,lenient_congruent_fast_error_or_weak,False,2,main_young_congruent_fast_error,False,2,strict_young_incongruent_human_plus_0.05,no_congruent_fast_error,report_negative_result
WR2_fine_d2f8119a,True,True,True,True,False,True,True,True,True,True,True,True,False,True,True,True,True,True,True,True,False,True,True,True,False,True,True,True,False,1,lenient_congruent_fast_error_or_weak,False,1,main_young_congruent_fast_error,False,2,strict_young_incongruent_human_plus_0.05,no_congruent_fast_error,report_negative_result
WR2_fine_43f07254,True,True,True,True,True,True,True,True,True,True,True,True,True,True,True,True,True,True,True,True,False,True,True,True,True,True,True,True,True,0,,True,0,,False,1,strict_young_incongruent_human_plus_0.05,mixed_tradeoff,fine_search_seed
WR2_fine_39dc70e0,True,True,True,True,True,True,True,True,True,True,True,True,True,True,True,True,True,True,True,True,False,True,True,True,True,True,True,True,True,0,,True,0,,False,1,strict_young_incongruent_human_plus_0.05,mixed_tradeoff,fine_search_seed
WR2_fine_90a261cf,True,True,True,True,False,True,True,True,True,True,True,True,False,False,True,True,True,True,True,True,False,True,True,True,False,True,True,True,False,1,lenient_congruent_fast_error_or_weak,False,2,main_young_congruent_fast_error,False,2,strict_young_incongruent_human_plus_0.05,no_congruent_fast_error,report_negative_result
WR2_fine_1a672b60,True,True,True,True,False,True,True,True,True,True,True,True,True,False,True,True,True,True,True,True,False,True,True,True,False,True,True,True,False,1,lenient_congruent_fast_error_or_weak,False,1,main_older_congruent_fast_error_not_absent,False,2,strict_young_incongruent_human_plus_0.05,mixed_tradeoff,report_negative_result
WR2_fine_770d5873,True,True,True,True,True,True,True,True,True,True,True,True,True,True,True,True,True,True,True,True,False,True,True,True,True,True,True,True,True,0,,True,0,,False,1,strict_young_incongruent_human_plus_0.05,mixed_tradeoff,fine_search_seed
WR2_fine_c91d48ff,True,True,True,True,False,True,True,True,True,True,True,True,True,False,True,True,True,True,True,True,False,True,True,True,False,True,True,True,False,1,lenient_congruent_fast_error_or_weak,False,1,main_older_congruent_fast_error_not_absent,False,2,strict_young_incongruent_human_plus_0.05,mixed_tradeoff,report_negative_result
WR2_fine_bc050908,True,True,True,True,False,True,True,True,True,True,True,True,True,False,True,True,True,True,True,True,False,True,True,True,False,True,True,True,False,1,lenient_congruent_fast_error_or_weak,False,1,main_older_congruent_fast_error_not_absent,False,2,strict_young_incongruent_human_plus_0.05,mixed_tradeoff,report_negative_result
WR2_fine_a377b7d8,True,True,True,True,False,True,True,True,True,True,True,True,False,False,True,True,True,True,True,True,False,True,True,True,False,True,True,True,False,1,lenient_congruent_fast_error_or_weak,False,2,main_young_congruent_fast_error,False,2,strict_young_incongruent_human_plus_0.05,no_congruent_fast_error,report_negative_result
WR2_fine_dc6a6698,True,True,True,True,True,True,True,True,True,True,True,True,True,True,True,True,True,True,True,True,False,True,True,True,True,True,True,True,True,0,,True,0,,False,1,strict_young_incongruent_human_plus_0.05,mixed_tradeoff,fine_search_seed
WR2_fine_80deef6b,True,True,True,True,True,True,True,True,True,True,True,True,True,True,True,True,True,True,True,True,False,True,True,True,True,True,True,True,True,0,,True,0,,False,1,strict_young_incongruent_human_plus_0.05,mixed_tradeoff,fine_search_seed
WR2_fine_21ab80f0,True,True,True,True,False,True,True,True,True,True,True,True,False,False,True,True,True,True,True,True,False,True,True,True,False,True,True,True,False,1,lenient_congruent_fast_error_or_weak,False,2,main_young_congruent_fast_error,False,2,strict_young_incongruent_human_plus_0.05,no_congruent_fast_error,report_negative_result
WR2_fine_a05bdaf5,True,True,True,True,True,True,True,True,True,True,True,True,True,True,True,True,True,True,True,True,False,True,True,True,True,True,True,True,True,0,,True,0,,False,1,strict_young_incongruent_human_plus_0.05,mixed_tradeoff,fine_search_seed
WR2_fine_bc3502c3,True,True,True,True,True,True,True,True,True,True,True,True,True,True,True,True,True,True,True,True,False,True,True,True,True,True,True,True,True,0,,True,0,,False,1,strict_young_incongruent_human_plus_0.05,mixed_tradeoff,fine_search_seed
WR2_fine_c50951e3,True,True,True,True,True,True,True,True,True,True,True,True,True,True,True,True,True,True,True,True,False,True,True,True,True,True,True,True,True,0,,True,0,,False,1,strict_young_incongruent_human_plus_0.05,mixed_tradeoff,fine_search_seed
WR2_fine_4d89b3f0,True,True,True,True,False,True,True,True,True,True,True,True,False,True,True,True,True,True,True,True,False,True,True,True,False,True,True,True,False,1,lenient_congruent_fast_error_or_weak,False,1,main_young_congruent_fast_error,False,2,strict_young_incongruent_human_plus_0.05,no_congruent_fast_error,report_negative_result
WR2_fine_5b128dfa,True,True,True,True,True,True,True,True,True,True,True,True,True,True,True,True,True,True,True,True,False,True,True,True,True,True,True,True,True,0,,True,0,,False,1,strict_young_incongruent_human_plus_0.05,mixed_tradeoff,fine_search_seed
WR2_fine_cf2a6c35,True,True,True,True,True,True,True,True,True,True,True,True,True,True,True,True,True,True,True,True,False,True,True,True,True,True,True,True,True,0,,True,0,,False,1,strict_young_incongruent_human_plus_0.05,mixed_tradeoff,fine_search_seed
WR2_fine_4ffca19b,True,True,True,True,False,True,True,True,True,True,True,True,True,False,True,True,True,True,True,True,False,True,True,True,False,True,True,True,False,1,lenient_congruent_fast_error_or_weak,False,1,main_older_congruent_fast_error_not_absent,False,2,strict_young_incongruent_human_plus_0.05,mixed_tradeoff,report_negative_result
WR2_fine_b390724d,True,True,True,True,False,True,True,True,True,True,True,True,False,True,True,True,True,True,True,True,False,True,True,True,False,True,True,True,False,1,lenient_congruent_fast_error_or_weak,False,1,main_young_congruent_fast_error,False,2,strict_young_incongruent_human_plus_0.05,no_congruent_fast_error,report_negative_result
WR2_fine_bc3aed9d,True,True,True,True,True,True,True,True,True,True,True,True,True,True,True,True,True,True,True,True,False,True,True,True,True,True,True,True,True,0,,True,0,,False,1,strict_young_incongruent_human_plus_0.05,mixed_tradeoff,fine_search_seed
WR2_fine_482e37c2,True,True,True,True,True,True,True,True,True,True,True,True,True,True,True,True,True,True,True,True,False,True,True,True,True,True,True,True,True,0,,True,0,,False,1,strict_young_incongruent_human_plus_0.05,mixed_tradeoff,fine_search_seed
WR2_fine_caaef1f1,True,True,True,True,False,True,True,True,True,True,True,True,False,False,True,True,True,True,True,True,False,True,True,True,False,True,True,True,False,1,lenient_congruent_fast_error_or_weak,False,2,main_young_congruent_fast_error,False,2,strict_young_incongruent_human_plus_0.05,no_congruent_fast_error,report_negative_result
WR2_fine_5c01a13a,True,True,True,True,True,True,True,True,True,True,True,True,True,True,True,True,True,True,True,True,False,True,True,True,True,True,True,True,True,0,,True,0,,False,1,strict_young_incongruent_human_plus_0.05,mixed_tradeoff,fine_search_seed
WR2_fine_3bee4a65,True,True,True,True,False,True,True,True,True,True,True,True,True,False,True,True,True,True,True,True,False,True,True,True,False,True,True,True,False,1,lenient_congruent_fast_error_or_weak,False,1,main_older_congruent_fast_error_not_absent,False,2,strict_young_incongruent_human_plus_0.05,mixed_tradeoff,report_negative_result
WR2_fine_a1e1083b,True,True,True,True,True,True,True,True,True,True,True,True,True,True,True,True,True,True,True,True,False,True,True,True,True,True,True,True,True,0,,True,0,,False,1,strict_young_incongruent_human_plus_0.05,mixed_tradeoff,fine_search_seed
WR2_fine_167b4923,True,True,True,True,False,True,True,True,True,True,True,True,False,True,True,True,True,True,True,True,False,True,True,True,False,True,True,True,False,1,lenient_congruent_fast_error_or_weak,False,1,main_young_congruent_fast_error,False,2,strict_young_incongruent_human_plus_0.05,no_congruent_fast_error,report_negative_result
WR2_fine_65b803ef,True,True,True,True,True,True,True,True,True,True,True,True,True,True,True,True,True,True,True,True,False,True,True,True,True,True,True,True,True,0,,True,0,,False,1,strict_young_incongruent_human_plus_0.05,mixed_tradeoff,fine_search_seed
WR2_fine_dfc0f074,True,True,True,True,False,True,True,True,True,True,True,True,False,True,True,True,True,True,True,True,False,True,True,True,False,True,True,True,False,1,lenient_congruent_fast_error_or_weak,False,1,main_young_congruent_fast_error,False,2,strict_young_incongruent_human_plus_0.05,no_congruent_fast_error,report_negative_result
WR2_fine_8920c3e6,True,True,True,True,False,True,True,True,True,True,True,True,False,True,True,True,True,True,True,True,False,True,True,True,False,True,True,True,False,1,lenient_congruent_fast_error_or_weak,False,1,main_young_congruent_fast_error,False,2,strict_young_incongruent_human_plus_0.05,no_congruent_fast_error,report_negative_result
WR2_fine_8cbeaca4,True,True,True,True,False,True,True,True,True,True,True,True,False,True,True,True,True,True,True,True,False,True,True,True,False,True,True,True,False,1,lenient_congruent_fast_error_or_weak,False,1,main_young_congruent_fast_error,False,2,strict_young_incongruent_human_plus_0.05,no_congruent_fast_error,report_negative_result
WR2_fine_a6c5f935,True,True,True,True,True,True,True,True,False,True,True,True,True,True,True,True,True,True,True,True,False,True,True,True,True,True,True,True,True,0,,False,1,main_young_incongruent_error_rate_le_0.20,False,1,strict_young_incongruent_human_plus_0.05,high_incongruent_error,keep_as_diagnostic
WR2_fine_822a64c2,True,True,True,True,False,True,True,True,True,True,True,True,False,False,True,True,True,True,True,True,False,True,True,True,False,True,True,True,False,1,lenient_congruent_fast_error_or_weak,False,2,main_young_congruent_fast_error,False,2,strict_young_incongruent_human_plus_0.05,no_congruent_fast_error,report_negative_result
WR2_fine_7122c3e6,True,True,True,True,False,True,True,True,True,True,True,True,False,True,True,True,True,True,True,True,False,True,True,True,False,True,True,True,False,1,lenient_congruent_fast_error_or_weak,False,1,main_young_congruent_fast_error,False,2,strict_young_incongruent_human_plus_0.05,no_congruent_fast_error,report_negative_result
WR2_fine_a45f6ee6,True,True,True,True,True,True,True,True,True,True,True,True,True,True,True,True,True,True,True,True,False,True,True,True,True,True,True,True,True,0,,True,0,,False,1,strict_young_incongruent_human_plus_0.05,mixed_tradeoff,fine_search_seed
WR2_fine_a6183d2b,True,True,True,True,False,True,True,True,True,True,True,True,False,False,True,True,True,True,True,True,False,True,True,True,False,True,True,True,False,1,lenient_congruent_fast_error_or_weak,False,2,main_young_congruent_fast_error,False,2,strict_young_incongruent_human_plus_0.05,no_congruent_fast_error,report_negative_result
WR2_fine_d2aa393c,True,True,True,True,False,True,True,True,True,True,True,True,False,False,True,True,True,True,True,True,False,True,True,True,False,True,True,True,False,1,lenient_congruent_fast_error_or_weak,False,2,main_young_congruent_fast_error,False,2,strict_young_incongruent_human_plus_0.05,no_congruent_fast_error,report_negative_result
WR2_fine_84a264b8,True,True,True,True,False,True,True,True,True,True,True,True,True,False,True,True,True,True,True,True,False,True,True,True,False,True,True,True,False,1,lenient_congruent_fast_error_or_weak,False,1,main_older_congruent_fast_error_not_absent,False,2,strict_young_incongruent_human_plus_0.05,mixed_tradeoff,report_negative_result
WR2_fine_74764068,True,True,True,True,False,True,True,True,True,True,True,True,False,True,True,True,True,True,True,True,False,True,True,True,False,True,True,True,False,1,lenient_congruent_fast_error_or_weak,False,1,main_young_congruent_fast_error,False,2,strict_young_incongruent_human_plus_0.05,no_congruent_fast_error,report_negative_result
WR2_fine_50f0e6aa,True,True,True,True,True,True,True,True,False,True,True,True,True,True,True,True,True,True,True,True,False,True,True,True,True,True,True,True,True,0,,False,1,main_young_incongruent_error_rate_le_0.20,False,1,strict_young_incongruent_human_plus_0.05,high_incongruent_error,keep_as_diagnostic
WR2_fine_bb621fe2,True,True,True,True,False,True,True,True,True,True,True,True,False,True,True,True,True,True,True,True,False,True,True,True,False,True,True,True,False,1,lenient_congruent_fast_error_or_weak,False,1,main_young_congruent_fast_error,False,2,strict_young_incongruent_human_plus_0.05,no_congruent_fast_error,report_negative_result
WR2_fine_d37c2d85,True,True,True,True,False,True,True,True,True,True,True,True,True,False,True,True,True,True,True,True,False,True,True,True,False,True,True,True,False,1,lenient_congruent_fast_error_or_weak,False,1,main_older_congruent_fast_error_not_absent,False,2,strict_young_incongruent_human_plus_0.05,mixed_tradeoff,report_negative_result
WR2_seed_current,True,True,True,True,True,True,True,True,False,True,True,True,True,True,True,True,True,True,True,True,False,True,True,True,True,True,True,True,True,0,,False,1,main_young_incongruent_error_rate_le_0.20,False,1,strict_young_incongruent_human_plus_0.05,high_incongruent_error,keep_as_diagnostic
WR2_fine_600eeeed,True,True,True,True,True,True,True,True,False,True,True,True,True,True,True,True,True,True,True,True,False,True,True,True,True,True,True,True,True,0,,False,1,main_young_incongruent_error_rate_le_0.20,False,1,strict_young_incongruent_human_plus_0.05,high_incongruent_error,keep_as_diagnostic
WR2_fine_dd651169,True,True,True,True,True,True,True,True,True,True,True,True,True,True,True,True,True,True,True,True,False,True,True,True,True,True,True,True,True,0,,True,0,,False,1,strict_young_incongruent_human_plus_0.05,mixed_tradeoff,fine_search_seed
WR2_fine_a0c35e35,True,True,True,True,False,True,True,True,True,True,True,True,False,True,True,True,True,True,True,True,False,True,True,True,False,True,True,True,False,1,lenient_congruent_fast_error_or_weak,False,1,main_young_congruent_fast_error,False,2,strict_young_incongruent_human_plus_0.05,no_congruent_fast_error,report_negative_result
WR2_fine_7e8dc03d,True,True,True,True,True,True,True,True,False,True,True,True,True,True,True,True,True,True,True,True,False,True,True,True,True,True,True,True,True,0,,False,1,main_young_incongruent_error_rate_le_0.20,False,1,strict_young_incongruent_human_plus_0.05,high_incongruent_error,keep_as_diagnostic
WR2_fine_c0538176,True,True,True,True,True,True,True,True,False,True,True,True,True,True,True,True,True,True,True,True,False,True,True,True,True,True,True,True,True,0,,False,1,main_young_incongruent_error_rate_le_0.20,False,1,strict_young_incongruent_human_plus_0.05,high_incongruent_error,keep_as_diagnostic
WR2_fine_18958e6c,True,True,True,True,False,True,True,True,True,True,True,True,False,False,True,True,True,True,True,True,False,True,True,True,False,True,True,True,False,1,lenient_congruent_fast_error_or_weak,False,2,main_young_congruent_fast_error,False,2,strict_young_incongruent_human_plus_0.05,no_congruent_fast_error,report_negative_result
WR2_fine_1fb4b346,True,True,True,True,False,True,True,True,True,True,True,True,False,False,True,True,True,True,True,True,False,True,True,True,False,True,True,True,False,1,lenient_congruent_fast_error_or_weak,False,2,main_young_congruent_fast_error,False,2,strict_young_incongruent_human_plus_0.05,no_congruent_fast_error,report_negative_result
WR2_fine_37d0f9f1,True,True,True,True,False,True,True,True,True,True,True,True,False,False,True,True,True,True,True,True,False,True,True,True,False,True,True,True,False,1,lenient_congruent_fast_error_or_weak,False,2,main_young_congruent_fast_error,False,2,strict_young_incongruent_human_plus_0.05,no_congruent_fast_error,report_negative_result
WR2_fine_fcd48af5,True,True,True,True,False,True,True,True,True,True,True,True,False,False,True,True,True,True,True,True,False,True,True,True,False,True,True,True,False,1,lenient_congruent_fast_error_or_weak,False,2,main_young_congruent_fast_error,False,2,strict_young_incongruent_human_plus_0.05,no_congruent_fast_error,report_negative_result
WR2_fine_9d47def4,True,True,True,True,False,True,True,True,True,True,True,True,False,True,True,True,True,True,True,True,False,True,True,True,False,True,True,True,False,1,lenient_congruent_fast_error_or_weak,False,1,main_young_congruent_fast_error,False,2,strict_young_incongruent_human_plus_0.05,no_congruent_fast_error,report_negative_result
WR2_fine_075344f2,True,True,True,True,True,True,True,True,False,True,True,True,True,True,True,True,True,True,True,True,False,True,True,True,True,True,True,True,True,0,,False,1,main_young_incongruent_error_rate_le_0.20,False,1,strict_young_incongruent_human_plus_0.05,high_incongruent_error,keep_as_diagnostic
WR2_fine_5a773c6a,True,True,True,True,False,True,True,True,False,True,True,True,True,False,True,True,True,True,True,True,False,True,True,True,False,True,True,True,False,1,lenient_congruent_fast_error_or_weak,False,2,main_young_incongruent_error_rate_le_0.20,False,2,strict_young_incongruent_human_plus_0.05,high_incongruent_error,report_negative_result
WR2_fine_db1138eb,True,True,True,True,False,True,True,True,True,True,True,True,True,False,True,True,True,True,True,True,False,True,True,True,False,True,True,True,False,1,lenient_congruent_fast_error_or_weak,False,1,main_older_congruent_fast_error_not_absent,False,2,strict_young_incongruent_human_plus_0.05,mixed_tradeoff,report_negative_result
WR2_fine_c13b7404,True,True,True,True,True,True,True,True,False,True,True,True,True,True,True,True,True,True,True,True,False,True,True,True,True,True,True,True,True,0,,False,1,main_young_incongruent_error_rate_le_0.20,False,1,strict_young_incongruent_human_plus_0.05,high_incongruent_error,keep_as_diagnostic
WR2_fine_0bdfc7d0,True,True,True,True,False,True,True,True,True,True,True,True,False,True,True,True,True,True,True,True,False,True,True,True,False,True,True,True,False,1,lenient_congruent_fast_error_or_weak,False,1,main_young_congruent_fast_error,False,2,strict_young_incongruent_human_plus_0.05,no_congruent_fast_error,report_negative_result
WR2_fine_b60d9f73,True,True,True,True,True,True,True,True,False,True,True,True,True,True,True,True,True,True,True,True,False,True,True,True,True,True,True,True,True,0,,False,1,main_young_incongruent_error_rate_le_0.20,False,1,strict_young_incongruent_human_plus_0.05,high_incongruent_error,keep_as_diagnostic
WR2_fine_cb20034e,True,True,True,True,True,True,True,True,False,True,True,True,True,True,True,True,True,True,True,True,False,True,True,True,True,True,True,True,True,0,,False,1,main_young_incongruent_error_rate_le_0.20,False,1,strict_young_incongruent_human_plus_0.05,high_incongruent_error,keep_as_diagnostic
WR2_fine_c05f2c13,True,True,True,True,False,True,True,True,False,True,True,True,False,True,True,True,True,True,True,True,False,True,True,True,False,True,True,True,False,1,lenient_congruent_fast_error_or_weak,False,2,main_young_incongruent_error_rate_le_0.20,False,2,strict_young_incongruent_human_plus_0.05,no_congruent_fast_error,report_negative_result
WR2_fine_f710bb3b,True,True,True,True,False,True,True,True,False,True,True,True,False,True,True,True,True,True,True,True,False,True,True,True,False,True,True,True,False,1,lenient_congruent_fast_error_or_weak,False,2,main_young_incongruent_error_rate_le_0.20,False,2,strict_young_incongruent_human_plus_0.05,no_congruent_fast_error,report_negative_result
WR2_fine_dab85e5b,True,True,True,True,False,True,True,True,False,True,True,True,False,False,True,True,True,True,True,True,False,True,True,True,False,True,True,True,False,1,lenient_congruent_fast_error_or_weak,False,3,main_young_incongruent_error_rate_le_0.20,False,2,strict_young_incongruent_human_plus_0.05,no_congruent_fast_error,report_negative_result
WR2_fine_03200cf1,True,True,True,True,False,True,True,True,True,True,True,True,True,False,True,True,True,True,True,True,False,True,True,True,False,True,True,True,False,1,lenient_congruent_fast_error_or_weak,False,1,main_older_congruent_fast_error_not_absent,False,2,strict_young_incongruent_human_plus_0.05,mixed_tradeoff,report_negative_result
WR2_fine_9a537f8d,True,True,True,True,False,True,True,True,False,True,True,True,True,False,True,True,True,True,True,True,False,True,True,True,False,True,True,True,False,1,lenient_congruent_fast_error_or_weak,False,2,main_young_incongruent_error_rate_le_0.20,False,2,strict_young_incongruent_human_plus_0.05,high_incongruent_error,report_negative_result
WR2_fine_705002f5,True,True,True,True,False,True,True,True,False,True,True,True,False,False,True,True,True,True,True,True,False,True,True,True,False,True,True,True,False,1,lenient_congruent_fast_error_or_weak,False,3,main_young_incongruent_error_rate_le_0.20,False,2,strict_young_incongruent_human_plus_0.05,no_congruent_fast_error,report_negative_result
WR2_fine_c7c37148,True,True,True,True,False,True,True,True,False,True,True,True,False,True,True,True,True,True,True,True,False,True,True,True,False,True,True,True,False,1,lenient_congruent_fast_error_or_weak,False,2,main_young_incongruent_error_rate_le_0.20,False,2,strict_young_incongruent_human_plus_0.05,no_congruent_fast_error,report_negative_result
WR2_fine_6bc0ea2b,True,True,True,True,False,True,True,True,False,True,True,True,True,False,True,True,True,True,True,True,False,True,True,True,False,True,True,True,False,1,lenient_congruent_fast_error_or_weak,False,2,main_young_incongruent_error_rate_le_0.20,False,2,strict_young_incongruent_human_plus_0.05,high_incongruent_error,report_negative_result
WR2_fine_96d5e743,True,True,True,True,False,True,True,True,False,True,True,True,False,True,True,True,True,True,True,True,False,True,True,True,False,True,True,True,False,1,lenient_congruent_fast_error_or_weak,False,2,main_young_incongruent_error_rate_le_0.20,False,2,strict_young_incongruent_human_plus_0.05,no_congruent_fast_error,report_negative_result
WR2_fine_419f24e6,True,True,True,True,False,True,True,True,False,True,True,True,False,True,True,True,True,True,True,True,False,True,True,True,False,True,True,True,False,1,lenient_congruent_fast_error_or_weak,False,2,main_young_incongruent_error_rate_le_0.20,False,2,strict_young_incongruent_human_plus_0.05,no_congruent_fast_error,report_negative_result
WR2_fine_29fb1340,True,True,True,True,False,True,True,True,False,True,True,True,False,True,True,True,True,True,True,True,False,True,True,True,False,True,True,True,False,1,lenient_congruent_fast_error_or_weak,False,2,main_young_incongruent_error_rate_le_0.20,False,2,strict_young_incongruent_human_plus_0.05,no_congruent_fast_error,report_negative_result
WR2_fine_2857d743,True,True,True,True,False,True,True,True,False,True,True,True,True,False,True,True,True,True,True,True,False,True,True,True,False,True,True,True,False,1,lenient_congruent_fast_error_or_weak,False,2,main_young_incongruent_error_rate_le_0.20,False,2,strict_young_incongruent_human_plus_0.05,high_incongruent_error,report_negative_result
WR2_fine_5bbf4245,True,True,True,True,False,True,True,True,False,True,True,True,False,True,True,True,True,True,True,True,False,True,True,True,False,True,True,True,False,1,lenient_congruent_fast_error_or_weak,False,2,main_young_incongruent_error_rate_le_0.20,False,2,strict_young_incongruent_human_plus_0.05,no_congruent_fast_error,report_negative_result
WR2_fine_42743bbf,True,True,True,True,True,True,True,True,False,True,True,True,True,True,True,True,True,True,True,True,False,True,True,True,True,True,True,True,True,0,,False,1,main_young_incongruent_error_rate_le_0.20,False,1,strict_young_incongruent_human_plus_0.05,high_incongruent_error,keep_as_diagnostic
WR2_fine_8824d77e,True,True,True,True,False,True,True,True,False,True,True,True,False,True,True,True,True,True,True,True,False,True,True,True,False,True,True,True,False,1,lenient_congruent_fast_error_or_weak,False,2,main_young_incongruent_error_rate_le_0.20,False,2,strict_young_incongruent_human_plus_0.05,no_congruent_fast_error,report_negative_result
WR2_fine_29c95c6c,True,True,True,True,False,True,True,True,False,True,True,True,False,True,True,True,True,True,True,True,False,True,True,True,False,True,True,True,False,1,lenient_congruent_fast_error_or_weak,False,2,main_young_incongruent_error_rate_le_0.20,False,2,strict_young_incongruent_human_plus_0.05,no_congruent_fast_error,report_negative_result
WR2_fine_6578938b,True,True,True,True,True,True,True,True,False,True,True,True,True,True,True,True,True,True,True,True,False,True,True,True,True,True,True,True,True,0,,False,1,main_young_incongruent_error_rate_le_0.20,False,1,strict_young_incongruent_human_plus_0.05,high_incongruent_error,keep_as_diagnostic
WR2_fine_fbfcb862,True,True,True,True,False,True,True,True,True,True,True,True,False,False,True,True,True,True,True,True,False,True,True,True,False,True,True,True,False,1,lenient_congruent_fast_error_or_weak,False,2,main_young_congruent_fast_error,False,2,strict_young_incongruent_human_plus_0.05,no_congruent_fast_error,report_negative_result
WR2_fine_45d34d06,True,True,True,True,True,True,True,True,False,True,True,True,True,True,True,True,True,True,True,True,False,True,True,True,True,True,True,True,True,0,,False,1,main_young_incongruent_error_rate_le_0.20,False,1,strict_young_incongruent_human_plus_0.05,high_incongruent_error,keep_as_diagnostic
WR2_fine_0aa7a06d,True,True,True,True,True,True,True,True,False,True,True,True,True,True,True,True,True,True,True,True,False,True,True,True,True,True,True,True,True,0,,False,1,main_young_incongruent_error_rate_le_0.20,False,1,strict_young_incongruent_human_plus_0.05,high_incongruent_error,keep_as_diagnostic
WR2_fine_4bf48b10,True,True,True,True,False,True,True,True,False,True,True,True,False,False,True,True,True,True,True,True,False,True,True,True,False,True,True,True,False,1,lenient_congruent_fast_error_or_weak,False,3,main_young_incongruent_error_rate_le_0.20,False,2,strict_young_incongruent_human_plus_0.05,no_congruent_fast_error,report_negative_result
WR2_fine_7d443aa1,True,True,True,True,False,True,True,True,False,True,True,True,False,True,True,True,True,True,True,True,False,True,True,True,False,True,True,True,False,1,lenient_congruent_fast_error_or_weak,False,2,main_young_incongruent_error_rate_le_0.20,False,2,strict_young_incongruent_human_plus_0.05,no_congruent_fast_error,report_negative_result
WR2_fine_2359fdf6,True,True,True,True,True,True,True,True,False,True,True,True,True,True,True,True,True,True,True,True,False,True,True,True,True,True,True,True,True,0,,False,1,main_young_incongruent_error_rate_le_0.20,False,1,strict_young_incongruent_human_plus_0.05,high_incongruent_error,keep_as_diagnostic
WR2_fine_be60c74d,True,True,True,True,False,True,True,True,True,True,True,True,False,False,True,True,True,True,True,True,False,True,True,True,False,True,True,True,False,1,lenient_congruent_fast_error_or_weak,False,2,main_young_congruent_fast_error,False,2,strict_young_incongruent_human_plus_0.05,no_congruent_fast_error,report_negative_result
WR2_fine_3f2876e7,True,True,True,True,True,True,True,True,False,True,True,True,True,True,True,True,True,True,True,True,False,True,True,True,True,True,True,True,True,0,,False,1,main_young_incongruent_error_rate_le_0.20,False,1,strict_young_incongruent_human_plus_0.05,high_incongruent_error,keep_as_diagnostic
WR2_fine_b6a09350,True,True,True,True,False,True,True,True,False,True,True,True,True,False,True,True,True,True,True,True,False,True,True,True,False,True,True,True,False,1,lenient_congruent_fast_error_or_weak,False,2,main_young_incongruent_error_rate_le_0.20,False,2,strict_young_incongruent_human_plus_0.05,high_incongruent_error,report_negative_result
WR2_fine_f3601c4f,True,True,True,True,False,True,True,True,False,True,True,True,False,True,True,True,True,True,True,True,False,True,True,True,False,True,True,True,False,1,lenient_congruent_fast_error_or_weak,False,2,main_young_incongruent_error_rate_le_0.20,False,2,strict_young_incongruent_human_plus_0.05,no_congruent_fast_error,report_negative_result
WR2_fine_6962ecee,True,True,True,True,False,True,True,True,False,True,True,True,False,False,True,True,True,True,True,True,False,True,True,True,False,True,True,True,False,1,lenient_congruent_fast_error_or_weak,False,3,main_young_incongruent_error_rate_le_0.20,False,2,strict_young_incongruent_human_plus_0.05,no_congruent_fast_error,report_negative_result
WR2_fine_fa0ce4e9,True,True,True,True,False,True,True,True,True,True,True,True,True,False,True,True,True,True,True,True,False,True,True,True,False,True,True,True,False,1,lenient_congruent_fast_error_or_weak,False,1,main_older_congruent_fast_error_not_absent,False,2,strict_young_incongruent_human_plus_0.05,mixed_tradeoff,report_negative_result
WR2_fine_8b00a406,True,True,True,True,False,True,True,True,False,True,True,True,False,False,True,True,True,True,True,True,False,True,True,True,False,True,True,True,False,1,lenient_congruent_fast_error_or_weak,False,3,main_young_incongruent_error_rate_le_0.20,False,2,strict_young_incongruent_human_plus_0.05,no_congruent_fast_error,report_negative_result
WR2_fine_27c36d0a,True,True,True,True,False,True,True,True,False,True,True,True,False,True,True,True,True,True,True,True,False,True,True,True,False,True,True,True,False,1,lenient_congruent_fast_error_or_weak,False,2,main_young_incongruent_error_rate_le_0.20,False,2,strict_young_incongruent_human_plus_0.05,no_congruent_fast_error,report_negative_result
WR2_fine_37f54098,True,True,True,True,False,True,True,True,False,True,True,True,True,False,True,True,True,True,True,True,False,True,True,True,False,True,True,True,False,1,lenient_congruent_fast_error_or_weak,False,2,main_young_incongruent_error_rate_le_0.20,False,2,strict_young_incongruent_human_plus_0.05,high_incongruent_error,report_negative_result
WR2_fine_1cadf9d2,True,True,True,True,False,True,True,True,False,True,True,True,False,False,True,True,True,True,True,True,False,True,True,True,False,True,True,True,False,1,lenient_congruent_fast_error_or_weak,False,3,main_young_incongruent_error_rate_le_0.20,False,2,strict_young_incongruent_human_plus_0.05,no_congruent_fast_error,report_negative_result
WR2_fine_e59a28dd,True,True,True,True,False,True,True,True,False,True,True,True,False,True,True,True,True,True,True,True,False,True,True,True,False,True,True,True,False,1,lenient_congruent_fast_error_or_weak,False,2,main_young_incongruent_error_rate_le_0.20,False,2,strict_young_incongruent_human_plus_0.05,no_congruent_fast_error,report_negative_result
WR2_fine_a2b93321,True,True,True,True,False,True,True,True,True,True,True,True,True,False,True,True,True,True,True,True,False,True,True,True,False,True,True,True,False,1,lenient_congruent_fast_error_or_weak,False,1,main_older_congruent_fast_error_not_absent,False,2,strict_young_incongruent_human_plus_0.05,mixed_tradeoff,report_negative_result
WR2_fine_d24fb672,True,True,True,True,False,True,True,True,False,True,True,True,True,False,True,True,True,True,True,True,False,True,True,True,False,True,True,True,False,1,lenient_congruent_fast_error_or_weak,False,2,main_young_incongruent_error_rate_le_0.20,False,2,strict_young_incongruent_human_plus_0.05,high_incongruent_error,report_negative_result
WR2_fine_a368dd4f,True,True,True,True,False,True,True,True,False,True,True,True,False,True,True,True,True,True,True,True,False,True,True,True,False,True,True,True,False,1,lenient_congruent_fast_error_or_weak,False,2,main_young_incongruent_error_rate_le_0.20,False,2,strict_young_incongruent_human_plus_0.05,no_congruent_fast_error,report_negative_result
WR2_fine_87597fef,True,True,True,True,False,True,True,True,False,True,True,True,False,False,True,True,True,True,True,True,False,True,True,True,False,True,True,True,False,1,lenient_congruent_fast_error_or_weak,False,3,main_young_incongruent_error_rate_le_0.20,False,2,strict_young_incongruent_human_plus_0.05,no_congruent_fast_error,report_negative_result
WR2_fine_c728c43f,True,True,True,True,True,True,True,True,False,True,True,True,True,True,True,True,True,True,True,True,False,True,True,True,True,True,True,True,True,0,,False,1,main_young_incongruent_error_rate_le_0.20,False,1,strict_young_incongruent_human_plus_0.05,high_incongruent_error,keep_as_diagnostic
WR2_fine_c042cba2,True,True,True,True,False,True,True,True,False,True,True,True,True,False,True,True,True,True,True,True,False,True,True,True,False,True,True,True,False,1,lenient_congruent_fast_error_or_weak,False,2,main_young_incongruent_error_rate_le_0.20,False,2,strict_young_incongruent_human_plus_0.05,high_incongruent_error,report_negative_result
WR2_fine_1df923cd,True,True,True,True,True,True,True,True,False,True,True,True,True,True,True,True,True,True,True,True,False,True,True,True,True,True,True,True,True,0,,False,1,main_young_incongruent_error_rate_le_0.20,False,1,strict_young_incongruent_human_plus_0.05,high_incongruent_error,keep_as_diagnostic
WR2_fine_bee6197d,True,True,True,True,False,True,True,True,False,True,True,True,False,True,True,True,True,True,True,True,False,True,True,True,False,True,True,True,False,1,lenient_congruent_fast_error_or_weak,False,2,main_young_incongruent_error_rate_le_0.20,False,2,strict_young_incongruent_human_plus_0.05,no_congruent_fast_error,report_negative_result
WR2_fine_5682493f,True,True,True,True,False,True,True,True,False,True,True,True,False,True,True,True,True,True,True,True,False,True,True,True,False,True,True,True,False,1,lenient_congruent_fast_error_or_weak,False,2,main_young_incongruent_error_rate_le_0.20,False,2,strict_young_incongruent_human_plus_0.05,no_congruent_fast_error,report_negative_result
WR2_fine_da80b426,True,True,True,True,True,True,True,True,False,True,True,True,True,True,True,True,True,True,True,True,False,True,True,True,True,True,True,True,True,0,,False,1,main_young_incongruent_error_rate_le_0.20,False,1,strict_young_incongruent_human_plus_0.05,high_incongruent_error,keep_as_diagnostic
WR2_fine_d264c8df,True,True,True,True,True,True,True,True,False,True,True,True,True,True,True,True,True,True,True,True,False,True,True,True,True,True,True,True,True,0,,False,1,main_young_incongruent_error_rate_le_0.20,False,1,strict_young_incongruent_human_plus_0.05,high_incongruent_error,keep_as_diagnostic
WR2_fine_30072f4d,True,True,True,True,True,True,True,True,False,True,True,True,True,True,True,True,True,True,True,True,False,True,True,True,True,True,True,True,True,0,,False,1,main_young_incongruent_error_rate_le_0.20,False,1,strict_young_incongruent_human_plus_0.05,high_incongruent_error,keep_as_diagnostic
WR2_fine_b15218db,True,True,True,True,False,True,True,True,True,True,True,True,False,False,True,True,True,True,True,True,False,True,True,True,False,True,True,True,False,1,lenient_congruent_fast_error_or_weak,False,2,main_young_congruent_fast_error,False,2,strict_young_incongruent_human_plus_0.05,no_congruent_fast_error,report_negative_result
WR2_fine_c815c9a5,True,True,True,True,False,True,True,True,False,True,True,True,True,False,True,True,True,True,True,True,False,True,True,True,False,True,True,True,False,1,lenient_congruent_fast_error_or_weak,False,2,main_young_incongruent_error_rate_le_0.20,False,2,strict_young_incongruent_human_plus_0.05,high_incongruent_error,report_negative_result
WR2_fine_bce4a143,True,True,True,True,False,True,True,True,False,True,True,True,False,True,True,True,True,True,True,True,False,True,True,True,False,True,True,True,False,1,lenient_congruent_fast_error_or_weak,False,2,main_young_incongruent_error_rate_le_0.20,False,2,strict_young_incongruent_human_plus_0.05,no_congruent_fast_error,report_negative_result
WR2_fine_be96a10b,True,True,True,True,True,True,True,True,False,True,True,True,True,True,True,True,True,True,True,True,False,True,True,True,True,True,True,True,True,0,,False,1,main_young_incongruent_error_rate_le_0.20,False,1,strict_young_incongruent_human_plus_0.05,high_incongruent_error,keep_as_diagnostic
WR2_fine_a2612cc6,True,True,True,True,False,True,True,True,False,True,True,True,False,True,True,True,True,True,True,True,False,True,True,True,False,True,True,True,False,1,lenient_congruent_fast_error_or_weak,False,2,main_young_incongruent_error_rate_le_0.20,False,2,strict_young_incongruent_human_plus_0.05,no_congruent_fast_error,report_negative_result
WR2_fine_47d33535,True,True,True,True,False,True,True,True,False,True,True,True,True,False,True,True,True,True,True,True,False,True,True,True,False,True,True,True,False,1,lenient_congruent_fast_error_or_weak,False,2,main_young_incongruent_error_rate_le_0.20,False,2,strict_young_incongruent_human_plus_0.05,high_incongruent_error,report_negative_result
WR2_fine_f361de1d,True,True,True,True,False,True,True,True,False,True,True,True,False,True,True,True,True,True,True,True,False,True,True,True,False,True,True,True,False,1,lenient_congruent_fast_error_or_weak,False,2,main_young_incongruent_error_rate_le_0.20,False,2,strict_young_incongruent_human_plus_0.05,no_congruent_fast_error,report_negative_result
WR2_fine_5f839cdb,True,True,True,True,False,True,True,True,False,True,True,True,True,False,True,True,True,True,True,True,False,True,True,True,False,True,True,True,False,1,lenient_congruent_fast_error_or_weak,False,2,main_young_incongruent_error_rate_le_0.20,False,2,strict_young_incongruent_human_plus_0.05,high_incongruent_error,report_negative_result
WR2_fine_7c429776,True,True,True,True,True,True,True,True,False,True,True,True,True,True,True,True,True,True,True,True,False,True,True,True,True,True,True,True,True,0,,False,1,main_young_incongruent_error_rate_le_0.20,False,1,strict_young_incongruent_human_plus_0.05,high_incongruent_error,keep_as_diagnostic
WR2_fine_ca69234c,True,True,True,True,True,True,True,True,False,True,True,True,True,True,True,True,True,True,True,True,False,True,True,True,True,True,True,True,True,0,,False,1,main_young_incongruent_error_rate_le_0.20,False,1,strict_young_incongruent_human_plus_0.05,high_incongruent_error,keep_as_diagnostic
WR2_fine_3a8884c6,True,True,True,True,False,True,True,True,False,True,True,True,True,False,True,True,True,True,True,True,False,True,True,True,False,True,True,True,False,1,lenient_congruent_fast_error_or_weak,False,2,main_young_incongruent_error_rate_le_0.20,False,2,strict_young_incongruent_human_plus_0.05,high_incongruent_error,report_negative_result
WR2_fine_c2981f2e,True,True,True,True,False,True,True,True,False,True,True,True,True,False,True,True,True,True,True,True,False,True,True,True,False,True,True,True,False,1,lenient_congruent_fast_error_or_weak,False,2,main_young_incongruent_error_rate_le_0.20,False,2,strict_young_incongruent_human_plus_0.05,high_incongruent_error,report_negative_result
WR2_fine_7fee53bf,True,True,True,True,True,True,True,True,False,True,True,True,True,True,True,True,True,True,True,True,False,True,True,True,True,True,True,True,True,0,,False,1,main_young_incongruent_error_rate_le_0.20,False,1,strict_young_incongruent_human_plus_0.05,high_incongruent_error,keep_as_diagnostic
WR2_fine_28a9c1cb,True,True,True,True,False,True,True,True,False,True,True,True,True,False,True,True,True,True,True,True,False,True,True,True,False,True,True,True,False,1,lenient_congruent_fast_error_or_weak,False,2,main_young_incongruent_error_rate_le_0.20,False,2,strict_young_incongruent_human_plus_0.05,high_incongruent_error,report_negative_result
WR2_fine_9f9d9a00,True,True,True,True,True,True,True,True,False,True,True,True,True,True,True,True,True,True,True,True,False,True,True,True,True,True,True,True,True,0,,False,1,main_young_incongruent_error_rate_le_0.20,False,1,strict_young_incongruent_human_plus_0.05,high_incongruent_error,keep_as_diagnostic
WR2_fine_c2e2394a,True,True,True,True,False,True,True,True,False,True,True,True,True,False,True,True,True,True,True,True,False,True,True,True,False,True,True,True,False,1,lenient_congruent_fast_error_or_weak,False,2,main_young_incongruent_error_rate_le_0.20,False,2,strict_young_incongruent_human_plus_0.05,high_incongruent_error,report_negative_result
WR2_fine_b9857987,True,True,True,True,True,True,True,True,False,True,True,True,True,True,True,True,True,True,True,True,False,True,True,True,True,True,True,True,True,0,,False,1,main_young_incongruent_error_rate_le_0.20,False,1,strict_young_incongruent_human_plus_0.05,high_incongruent_error,keep_as_diagnostic
WR2_fine_4fc716f8,True,True,True,True,False,True,True,True,False,True,True,True,True,False,True,True,True,True,True,True,False,True,True,True,False,True,True,True,False,1,lenient_congruent_fast_error_or_weak,False,2,main_young_incongruent_error_rate_le_0.20,False,2,strict_young_incongruent_human_plus_0.05,high_incongruent_error,report_negative_result
WR2_fine_c72050b5,True,True,True,True,False,True,True,True,False,True,True,True,True,False,True,True,True,True,True,True,False,True,True,True,False,True,True,True,False,1,lenient_congruent_fast_error_or_weak,False,2,main_young_incongruent_error_rate_le_0.20,False,2,strict_young_incongruent_human_plus_0.05,high_incongruent_error,report_negative_result
WR2_fine_996f45e3,True,True,True,True,False,True,True,True,False,True,True,True,False,True,True,True,True,True,True,True,False,True,True,True,False,True,True,True,False,1,lenient_congruent_fast_error_or_weak,False,2,main_young_incongruent_error_rate_le_0.20,False,2,strict_young_incongruent_human_plus_0.05,no_congruent_fast_error,report_negative_result
WR2_fine_b59c3210,True,True,True,True,True,True,True,True,False,True,True,True,True,True,True,True,True,True,True,True,False,True,True,True,True,True,True,True,True,0,,False,1,main_young_incongruent_error_rate_le_0.20,False,1,strict_young_incongruent_human_plus_0.05,high_incongruent_error,keep_as_diagnostic
WR2_fine_733d0983,True,True,True,True,False,True,True,True,False,True,True,True,False,False,True,True,True,True,True,True,False,True,True,True,False,True,True,True,False,1,lenient_congruent_fast_error_or_weak,False,3,main_young_incongruent_error_rate_le_0.20,False,2,strict_young_incongruent_human_plus_0.05,no_congruent_fast_error,report_negative_result
WR2_fine_f7e7d0b0,True,True,True,True,False,True,True,True,False,True,True,True,True,False,True,True,True,True,True,True,False,True,True,True,False,True,True,True,False,1,lenient_congruent_fast_error_or_weak,False,2,main_young_incongruent_error_rate_le_0.20,False,2,strict_young_incongruent_human_plus_0.05,high_incongruent_error,report_negative_result
WR2_fine_3f134d3f,True,True,True,True,False,True,True,True,False,True,True,True,False,False,True,True,True,True,True,True,False,True,True,True,False,True,True,True,False,1,lenient_congruent_fast_error_or_weak,False,3,main_young_incongruent_error_rate_le_0.20,False,2,strict_young_incongruent_human_plus_0.05,no_congruent_fast_error,report_negative_result
WR2_fine_46457780,True,True,True,True,True,True,True,True,False,True,True,True,True,True,True,True,True,True,True,True,False,True,True,True,True,True,True,True,True,0,,False,1,main_young_incongruent_error_rate_le_0.20,False,1,strict_young_incongruent_human_plus_0.05,high_incongruent_error,keep_as_diagnostic
WR2_fine_cc2eba15,True,True,True,True,False,True,True,True,False,True,True,True,False,True,True,True,True,True,True,True,False,True,True,True,False,True,True,True,False,1,lenient_congruent_fast_error_or_weak,False,2,main_young_incongruent_error_rate_le_0.20,False,2,strict_young_incongruent_human_plus_0.05,no_congruent_fast_error,report_negative_result
WR2_fine_2a6186ec,True,True,True,True,False,True,True,True,False,True,True,True,False,False,True,True,True,True,True,True,False,True,True,True,False,True,True,True,False,1,lenient_congruent_fast_error_or_weak,False,3,main_young_incongruent_error_rate_le_0.20,False,2,strict_young_incongruent_human_plus_0.05,no_congruent_fast_error,report_negative_result
WR2_fine_08b7665b,True,True,True,True,False,True,True,True,False,True,True,True,False,True,True,True,True,True,True,True,False,True,True,True,False,True,True,True,False,1,lenient_congruent_fast_error_or_weak,False,2,main_young_incongruent_error_rate_le_0.20,False,2,strict_young_incongruent_human_plus_0.05,no_congruent_fast_error,report_negative_result
WR2_fine_9d5a5ca7,True,True,True,True,True,True,True,True,False,True,True,True,True,True,True,True,True,True,True,True,False,True,True,True,True,True,True,True,True,0,,False,1,main_young_incongruent_error_rate_le_0.20,False,1,strict_young_incongruent_human_plus_0.05,high_incongruent_error,keep_as_diagnostic
WR2_fine_a3bb3421,True,True,True,True,True,True,True,True,False,True,True,True,True,True,True,True,True,True,True,True,False,True,True,True,True,True,True,True,True,0,,False,1,main_young_incongruent_error_rate_le_0.20,False,1,strict_young_incongruent_human_plus_0.05,high_incongruent_error,keep_as_diagnostic
WR2_fine_24f2ebc5,True,True,True,True,False,True,True,True,False,True,True,True,False,True,True,True,True,True,True,True,False,True,True,True,False,True,True,True,False,1,lenient_congruent_fast_error_or_weak,False,2,main_young_incongruent_error_rate_le_0.20,False,2,strict_young_incongruent_human_plus_0.05,no_congruent_fast_error,report_negative_result
WR2_fine_1654e07b,True,True,True,True,True,True,True,True,False,True,True,True,True,True,True,True,True,True,True,True,False,True,True,True,True,True,True,True,True,0,,False,1,main_young_incongruent_error_rate_le_0.20,False,1,strict_young_incongruent_human_plus_0.05,high_incongruent_error,keep_as_diagnostic
WR2_fine_b2747cb0,True,True,True,True,False,True,True,True,False,True,True,True,False,False,True,True,True,True,True,True,False,True,True,True,False,True,True,True,False,1,lenient_congruent_fast_error_or_weak,False,3,main_young_incongruent_error_rate_le_0.20,False,2,strict_young_incongruent_human_plus_0.05,no_congruent_fast_error,report_negative_result
WR2_fine_048861cc,True,True,True,True,False,True,True,True,False,True,True,True,False,True,True,True,True,True,True,True,False,True,True,True,False,True,True,True,False,1,lenient_congruent_fast_error_or_weak,False,2,main_young_incongruent_error_rate_le_0.20,False,2,strict_young_incongruent_human_plus_0.05,no_congruent_fast_error,report_negative_result
WR2_fine_f60d1357,True,True,True,True,False,True,True,True,False,True,True,True,True,False,True,True,True,True,True,True,False,True,True,True,False,True,True,True,False,1,lenient_congruent_fast_error_or_weak,False,2,main_young_incongruent_error_rate_le_0.20,False,2,strict_young_incongruent_human_plus_0.05,high_incongruent_error,report_negative_result
WR2_fine_202d17ea,True,True,True,True,False,True,True,True,False,True,True,True,False,True,True,True,True,True,True,True,False,True,True,True,False,True,True,True,False,1,lenient_congruent_fast_error_or_weak,False,2,main_young_incongruent_error_rate_le_0.20,False,2,strict_young_incongruent_human_plus_0.05,no_congruent_fast_error,report_negative_result
WR2_fine_bb0286cb,True,True,True,True,False,True,True,True,False,True,True,True,True,False,True,True,True,True,True,True,False,True,True,True,False,True,True,True,False,1,lenient_congruent_fast_error_or_weak,False,2,main_young_incongruent_error_rate_le_0.20,False,2,strict_young_incongruent_human_plus_0.05,high_incongruent_error,report_negative_result
WR2_fine_be7e082d,True,True,True,True,False,True,True,True,False,True,True,True,False,False,True,True,True,True,True,True,False,True,True,True,False,True,True,True,False,1,lenient_congruent_fast_error_or_weak,False,3,main_young_incongruent_error_rate_le_0.20,False,2,strict_young_incongruent_human_plus_0.05,no_congruent_fast_error,report_negative_result
WR2_fine_4a3ef383,True,True,True,True,False,True,True,True,False,True,True,True,False,True,True,True,True,True,True,True,False,True,True,True,False,True,True,True,False,1,lenient_congruent_fast_error_or_weak,False,2,main_young_incongruent_error_rate_le_0.20,False,2,strict_young_incongruent_human_plus_0.05,no_congruent_fast_error,report_negative_result
WR2_fine_5df23f0e,True,True,True,True,False,True,True,True,False,True,True,True,True,False,True,True,True,True,True,True,False,True,True,True,False,True,True,True,False,1,lenient_congruent_fast_error_or_weak,False,2,main_young_incongruent_error_rate_le_0.20,False,2,strict_young_incongruent_human_plus_0.05,high_incongruent_error,report_negative_result
WR2_fine_12c96b35,True,True,True,True,False,True,True,True,False,True,True,True,False,False,True,True,True,True,True,True,False,True,True,True,False,True,True,True,False,1,lenient_congruent_fast_error_or_weak,False,3,main_young_incongruent_error_rate_le_0.20,False,2,strict_young_incongruent_human_plus_0.05,no_congruent_fast_error,report_negative_result
WR2_fine_b0c45d1f,True,True,True,True,False,True,True,True,False,True,True,True,True,False,True,True,True,True,True,True,False,True,True,True,False,True,True,True,False,1,lenient_congruent_fast_error_or_weak,False,2,main_young_incongruent_error_rate_le_0.20,False,2,strict_young_incongruent_human_plus_0.05,high_incongruent_error,report_negative_result
WR2_fine_b33aa632,True,True,True,True,True,True,True,True,False,True,True,True,True,True,True,True,True,True,True,True,False,True,True,True,True,True,True,True,True,0,,False,1,main_young_incongruent_error_rate_le_0.20,False,1,strict_young_incongruent_human_plus_0.05,high_incongruent_error,keep_as_diagnostic
WR2_fine_907683ad,True,True,True,True,True,True,True,True,False,True,True,True,True,True,True,True,True,True,True,True,False,True,True,True,True,True,True,True,True,0,,False,1,main_young_incongruent_error_rate_le_0.20,False,1,strict_young_incongruent_human_plus_0.05,high_incongruent_error,keep_as_diagnostic
WR2_fine_1dc8d1f2,True,True,True,True,False,True,True,True,False,True,True,True,False,True,True,True,True,True,True,True,False,True,True,True,False,True,True,True,False,1,lenient_congruent_fast_error_or_weak,False,2,main_young_incongruent_error_rate_le_0.20,False,2,strict_young_incongruent_human_plus_0.05,no_congruent_fast_error,report_negative_result
WR2_fine_16af4544,True,True,True,True,False,True,True,True,False,True,True,True,False,True,True,True,True,True,True,True,False,True,True,True,False,True,True,True,False,1,lenient_congruent_fast_error_or_weak,False,2,main_young_incongruent_error_rate_le_0.20,False,2,strict_young_incongruent_human_plus_0.05,no_congruent_fast_error,report_negative_result
WR2_fine_4a51cd5f,True,True,True,True,False,True,True,True,False,True,True,True,False,False,True,True,True,True,True,True,False,True,True,True,False,True,True,True,False,1,lenient_congruent_fast_error_or_weak,False,3,main_young_incongruent_error_rate_le_0.20,False,2,strict_young_incongruent_human_plus_0.05,no_congruent_fast_error,report_negative_result
WR2_fine_357d63b3,True,True,True,True,False,True,True,True,False,True,True,True,False,False,True,True,True,True,True,True,False,True,True,True,False,True,True,True,False,1,lenient_congruent_fast_error_or_weak,False,3,main_young_incongruent_error_rate_le_0.20,False,2,strict_young_incongruent_human_plus_0.05,no_congruent_fast_error,report_negative_result
WR2_fine_d4a6b697,True,True,True,True,True,True,True,True,False,True,True,True,True,True,True,True,True,True,True,True,False,True,True,True,True,True,True,True,True,0,,False,1,main_young_incongruent_error_rate_le_0.20,False,1,strict_young_incongruent_human_plus_0.05,high_incongruent_error,keep_as_diagnostic
WR2_fine_d546b083,True,True,True,True,False,True,True,True,False,True,True,True,False,False,True,True,True,True,True,True,False,True,True,True,False,True,True,True,False,1,lenient_congruent_fast_error_or_weak,False,3,main_young_incongruent_error_rate_le_0.20,False,2,strict_young_incongruent_human_plus_0.05,no_congruent_fast_error,report_negative_result
WR2_fine_a752f99c,True,True,True,True,False,True,True,True,False,True,True,True,False,True,True,True,True,True,True,True,False,True,True,True,False,True,True,True,False,1,lenient_congruent_fast_error_or_weak,False,2,main_young_incongruent_error_rate_le_0.20,False,2,strict_young_incongruent_human_plus_0.05,no_congruent_fast_error,report_negative_result
WR2_fine_bca6b2c4,True,True,True,True,False,True,True,True,False,True,True,True,False,False,True,True,True,True,True,True,False,True,True,True,False,True,True,True,False,1,lenient_congruent_fast_error_or_weak,False,3,main_young_incongruent_error_rate_le_0.20,False,2,strict_young_incongruent_human_plus_0.05,no_congruent_fast_error,report_negative_result
WR2_fine_dba8324a,True,True,True,True,True,True,True,True,False,True,True,True,True,True,True,True,True,True,True,True,False,True,True,True,True,True,True,True,True,0,,False,1,main_young_incongruent_error_rate_le_0.20,False,1,strict_young_incongruent_human_plus_0.05,high_incongruent_error,keep_as_diagnostic
WR2_fine_8919ebeb,True,True,True,True,True,True,True,True,False,True,True,True,True,True,True,True,True,True,True,True,False,True,True,True,True,True,True,True,True,0,,False,1,main_young_incongruent_error_rate_le_0.20,False,1,strict_young_incongruent_human_plus_0.05,high_incongruent_error,keep_as_diagnostic
WR2_fine_ec9bf014,True,True,True,True,True,True,True,True,False,True,True,True,True,True,True,True,True,True,True,True,False,True,True,True,True,True,True,True,True,0,,False,1,main_young_incongruent_error_rate_le_0.20,False,1,strict_young_incongruent_human_plus_0.05,high_incongruent_error,keep_as_diagnostic
WR2_fine_687c006a,True,True,True,True,False,True,True,True,False,True,True,True,False,False,True,True,True,True,True,True,False,True,True,True,False,True,True,True,False,1,lenient_congruent_fast_error_or_weak,False,3,main_young_incongruent_error_rate_le_0.20,False,2,strict_young_incongruent_human_plus_0.05,no_congruent_fast_error,report_negative_result
WR2_fine_1198dfa0,True,True,True,True,False,True,True,True,False,True,True,True,False,False,True,True,True,True,True,True,False,True,True,True,False,True,True,True,False,1,lenient_congruent_fast_error_or_weak,False,3,main_young_incongruent_error_rate_le_0.20,False,2,strict_young_incongruent_human_plus_0.05,no_congruent_fast_error,report_negative_result
WR2_fine_d0270b85,True,True,True,True,False,True,True,True,False,True,True,True,True,False,True,True,True,True,True,True,False,True,True,True,False,True,True,True,False,1,lenient_congruent_fast_error_or_weak,False,2,main_young_incongruent_error_rate_le_0.20,False,2,strict_young_incongruent_human_plus_0.05,high_incongruent_error,report_negative_result
WR2_fine_84f02516,True,True,True,True,False,True,True,True,False,True,True,True,False,True,True,True,True,True,True,True,False,True,True,True,False,True,True,True,False,1,lenient_congruent_fast_error_or_weak,False,2,main_young_incongruent_error_rate_le_0.20,False,2,strict_young_incongruent_human_plus_0.05,no_congruent_fast_error,report_negative_result
WR2_fine_e7df19d8,True,True,True,True,True,True,True,True,False,True,True,True,True,True,True,True,True,True,True,True,False,True,True,True,True,True,True,True,True,0,,False,1,main_young_incongruent_error_rate_le_0.20,False,1,strict_young_incongruent_human_plus_0.05,high_incongruent_error,keep_as_diagnostic
WR2_fine_6ed34fb2,True,True,True,True,False,True,True,True,False,True,True,True,False,False,True,True,True,True,True,True,False,True,True,True,False,True,True,True,False,1,lenient_congruent_fast_error_or_weak,False,3,main_young_incongruent_error_rate_le_0.20,False,2,strict_young_incongruent_human_plus_0.05,no_congruent_fast_error,report_negative_result
WR2_fine_204b3688,True,True,True,True,False,True,True,True,False,True,True,True,True,False,True,True,True,True,True,True,False,True,True,True,False,True,True,True,False,1,lenient_congruent_fast_error_or_weak,False,2,main_young_incongruent_error_rate_le_0.20,False,2,strict_young_incongruent_human_plus_0.05,high_incongruent_error,report_negative_result
WR2_fine_2738a3a6,True,True,True,True,False,True,True,True,False,True,True,True,True,False,True,True,True,True,True,True,False,True,True,True,False,True,True,True,False,1,lenient_congruent_fast_error_or_weak,False,2,main_young_incongruent_error_rate_le_0.20,False,2,strict_young_incongruent_human_plus_0.05,high_incongruent_error,report_negative_result
WR2_fine_5ba34cf5,True,True,True,True,False,True,True,True,False,True,True,True,False,True,True,True,True,True,True,True,False,True,True,True,False,True,True,True,False,1,lenient_congruent_fast_error_or_weak,False,2,main_young_incongruent_error_rate_le_0.20,False,2,strict_young_incongruent_human_plus_0.05,no_congruent_fast_error,report_negative_result
WR2_fine_4ea1cd83,True,True,True,True,False,True,True,True,False,True,True,True,False,False,True,True,True,True,True,True,False,True,True,True,False,True,True,True,False,1,lenient_congruent_fast_error_or_weak,False,3,main_young_incongruent_error_rate_le_0.20,False,2,strict_young_incongruent_human_plus_0.05,no_congruent_fast_error,report_negative_result
WR2_fine_cc95e708,True,True,True,True,True,True,True,True,False,True,True,True,True,True,True,True,True,True,True,True,False,True,True,True,True,True,True,True,True,0,,False,1,main_young_incongruent_error_rate_le_0.20,False,1,strict_young_incongruent_human_plus_0.05,high_incongruent_error,keep_as_diagnostic
WR2_fine_7bc64979,True,True,True,True,True,True,True,True,False,True,True,True,True,True,True,True,True,True,True,True,False,True,True,True,True,True,True,True,True,0,,False,1,main_young_incongruent_error_rate_le_0.20,False,1,strict_young_incongruent_human_plus_0.05,high_incongruent_error,keep_as_diagnostic
WR2_fine_3c2a61cc,True,True,True,True,False,True,True,True,False,True,True,True,False,True,True,True,True,True,True,True,False,True,True,True,False,True,True,True,False,1,lenient_congruent_fast_error_or_weak,False,2,main_young_incongruent_error_rate_le_0.20,False,2,strict_young_incongruent_human_plus_0.05,no_congruent_fast_error,report_negative_result
WR2_fine_daea6ff7,True,True,True,True,False,True,True,True,False,True,True,True,False,False,True,True,True,True,True,True,False,True,True,True,False,True,True,True,False,1,lenient_congruent_fast_error_or_weak,False,3,main_young_incongruent_error_rate_le_0.20,False,2,strict_young_incongruent_human_plus_0.05,no_congruent_fast_error,report_negative_result
WR2_fine_b39d3f2b,True,True,True,True,False,True,True,True,False,True,True,True,True,False,True,True,True,True,True,True,False,True,True,True,False,True,True,True,False,1,lenient_congruent_fast_error_or_weak,False,2,main_young_incongruent_error_rate_le_0.20,False,2,strict_young_incongruent_human_plus_0.05,high_incongruent_error,report_negative_result
WR2_fine_2c4d59a8,True,True,True,True,True,True,True,True,False,True,True,True,True,True,True,True,True,True,True,True,False,True,True,True,True,True,True,True,True,0,,False,1,main_young_incongruent_error_rate_le_0.20,False,1,strict_young_incongruent_human_plus_0.05,high_incongruent_error,keep_as_diagnostic
WR2_fine_d96c224b,True,True,True,True,False,True,True,True,False,True,True,True,False,True,True,True,True,True,True,True,False,True,True,True,False,True,True,True,False,1,lenient_congruent_fast_error_or_weak,False,2,main_young_incongruent_error_rate_le_0.20,False,2,strict_young_incongruent_human_plus_0.05,no_congruent_fast_error,report_negative_result
WR2_fine_da5370cd,True,True,True,True,False,True,True,True,False,True,True,True,True,False,True,True,True,True,True,True,False,True,True,True,False,True,True,True,False,1,lenient_congruent_fast_error_or_weak,False,2,main_young_incongruent_error_rate_le_0.20,False,2,strict_young_incongruent_human_plus_0.05,high_incongruent_error,report_negative_result
WR2_fine_2c3703fb,True,True,True,True,False,True,True,True,False,True,True,True,True,False,True,True,True,True,True,True,False,True,True,True,False,True,True,True,False,1,lenient_congruent_fast_error_or_weak,False,2,main_young_incongruent_error_rate_le_0.20,False,2,strict_young_incongruent_human_plus_0.05,high_incongruent_error,report_negative_result
WR2_fine_607927bd,True,True,True,True,True,True,True,True,False,True,True,True,True,True,True,True,True,True,True,True,False,True,True,True,True,True,True,True,True,0,,False,1,main_young_incongruent_error_rate_le_0.20,False,1,strict_young_incongruent_human_plus_0.05,high_incongruent_error,keep_as_diagnostic
WR2_fine_a672a64e,True,True,True,True,False,True,True,True,False,True,True,True,True,False,True,True,True,True,True,True,False,True,True,True,False,True,True,True,False,1,lenient_congruent_fast_error_or_weak,False,2,main_young_incongruent_error_rate_le_0.20,False,2,strict_young_incongruent_human_plus_0.05,high_incongruent_error,report_negative_result
WR2_fine_92b76c99,False,True,True,True,False,True,True,True,False,True,True,True,False,False,True,False,True,True,True,True,False,True,True,True,False,True,True,True,False,2,lenient_young_incongruent_error_rate_le_0.25,False,4,main_young_incongruent_error_rate_le_0.20,False,2,strict_young_incongruent_human_plus_0.05,no_congruent_fast_error,report_negative_result
WR2_fine_b7a2bc52,False,True,True,True,False,True,True,True,False,True,True,True,False,False,True,False,True,True,True,True,False,True,True,True,False,True,True,True,False,2,lenient_young_incongruent_error_rate_le_0.25,False,4,main_young_incongruent_error_rate_le_0.20,False,2,strict_young_incongruent_human_plus_0.05,no_congruent_fast_error,report_negative_result
WR2_fine_5c7e2665,False,True,True,True,False,True,True,True,False,True,True,True,False,False,True,False,True,True,True,True,False,True,True,True,False,True,True,True,False,2,lenient_young_incongruent_error_rate_le_0.25,False,4,main_young_incongruent_error_rate_le_0.20,False,2,strict_young_incongruent_human_plus_0.05,no_congruent_fast_error,report_negative_result
WR2_fine_36545564,False,True,True,True,False,True,True,True,False,True,True,True,False,False,True,False,True,True,True,True,False,True,True,True,False,True,True,True,False,2,lenient_young_incongruent_error_rate_le_0.25,False,4,main_young_incongruent_error_rate_le_0.20,False,2,strict_young_incongruent_human_plus_0.05,no_congruent_fast_error,report_negative_result
WR2_fine_920acf6a,True,True,True,True,False,True,True,True,False,True,True,True,True,False,True,True,True,True,True,True,False,False,True,True,False,True,True,True,False,1,lenient_congruent_fast_error_or_weak,False,2,main_young_incongruent_error_rate_le_0.20,False,3,strict_young_incongruent_human_plus_0.05,high_incongruent_error,report_negative_result
WR2_fine_b3d2ebe3,False,True,True,True,False,True,True,True,False,True,True,True,False,True,True,False,True,True,True,True,False,True,True,True,False,True,True,True,False,2,lenient_young_incongruent_error_rate_le_0.25,False,3,main_young_incongruent_error_rate_le_0.20,False,2,strict_young_incongruent_human_plus_0.05,no_congruent_fast_error,report_negative_result
WR2_fine_a157171a,False,True,True,True,False,True,True,True,False,True,True,True,False,False,True,False,True,True,True,True,False,True,True,True,False,True,True,True,False,2,lenient_young_incongruent_error_rate_le_0.25,False,4,main_young_incongruent_error_rate_le_0.20,False,2,strict_young_incongruent_human_plus_0.05,no_congruent_fast_error,report_negative_result
WR2_fine_4a944650,False,True,True,True,True,True,True,True,False,True,True,True,True,True,True,False,True,True,True,True,False,True,True,True,True,True,True,True,False,1,lenient_young_incongruent_error_rate_le_0.25,False,2,main_young_incongruent_error_rate_le_0.20,False,1,strict_young_incongruent_human_plus_0.05,high_incongruent_error,report_negative_result
WR2_fine_fc671457,False,True,True,True,True,True,True,True,False,True,True,True,True,True,True,False,True,True,True,True,False,True,True,True,True,True,True,True,False,1,lenient_young_incongruent_error_rate_le_0.25,False,2,main_young_incongruent_error_rate_le_0.20,False,1,strict_young_incongruent_human_plus_0.05,high_incongruent_error,report_negative_result
WR2_fine_90810bf7,False,True,True,True,False,True,True,True,False,True,True,True,False,False,True,False,True,True,True,True,False,True,True,True,False,True,True,True,False,2,lenient_young_incongruent_error_rate_le_0.25,False,4,main_young_incongruent_error_rate_le_0.20,False,2,strict_young_incongruent_human_plus_0.05,no_congruent_fast_error,report_negative_result
WR2_fine_41990e65,True,True,True,True,False,True,True,True,False,True,True,True,False,False,True,True,True,True,True,True,False,True,True,True,False,True,True,True,False,1,lenient_congruent_fast_error_or_weak,False,3,main_young_incongruent_error_rate_le_0.20,False,2,strict_young_incongruent_human_plus_0.05,no_congruent_fast_error,report_negative_result
WR2_fine_51df0ff5,False,True,True,True,False,True,True,True,False,True,True,True,False,True,True,False,True,True,True,True,False,True,True,True,False,True,True,True,False,2,lenient_young_incongruent_error_rate_le_0.25,False,3,main_young_incongruent_error_rate_le_0.20,False,2,strict_young_incongruent_human_plus_0.05,no_congruent_fast_error,report_negative_result
WR2_fine_b5612db3,False,True,True,True,True,True,True,True,False,True,True,True,True,True,True,False,True,True,True,True,False,False,True,True,True,True,True,True,False,1,lenient_young_incongruent_error_rate_le_0.25,False,2,main_young_incongruent_error_rate_le_0.20,False,2,strict_young_incongruent_human_plus_0.05,high_incongruent_error,report_negative_result
WR2_fine_93a913c2,False,True,True,True,False,True,True,True,False,True,True,True,False,True,True,False,True,True,True,True,False,False,True,True,False,True,True,True,False,2,lenient_young_incongruent_error_rate_le_0.25,False,3,main_young_incongruent_error_rate_le_0.20,False,3,strict_young_incongruent_human_plus_0.05,no_congruent_fast_error,report_negative_result
WR2_fine_7959f417,False,True,True,True,True,True,True,True,False,True,True,True,True,True,True,False,True,True,True,True,False,False,True,True,True,True,True,True,False,1,lenient_young_incongruent_error_rate_le_0.25,False,2,main_young_incongruent_error_rate_le_0.20,False,2,strict_young_incongruent_human_plus_0.05,high_incongruent_error,report_negative_result
WR2_fine_c2741062,False,True,True,True,False,True,True,True,False,True,True,True,True,False,True,False,True,True,True,True,False,False,True,True,False,True,True,True,False,2,lenient_young_incongruent_error_rate_le_0.25,False,3,main_young_incongruent_error_rate_le_0.20,False,3,strict_young_incongruent_human_plus_0.05,high_incongruent_error,report_negative_result
WR2_fine_6708c9d4,False,True,True,True,False,True,True,True,False,True,True,True,False,False,True,False,True,True,True,True,False,True,True,True,False,True,True,True,False,2,lenient_young_incongruent_error_rate_le_0.25,False,4,main_young_incongruent_error_rate_le_0.20,False,2,strict_young_incongruent_human_plus_0.05,no_congruent_fast_error,report_negative_result
WR2_fine_d4a9bc40,False,True,True,True,False,True,True,True,False,True,True,True,True,False,True,False,True,True,True,True,False,False,True,True,False,True,True,True,False,2,lenient_young_incongruent_error_rate_le_0.25,False,3,main_young_incongruent_error_rate_le_0.20,False,3,strict_young_incongruent_human_plus_0.05,high_incongruent_error,report_negative_result
WR2_fine_479a4a83,False,True,True,True,False,True,True,True,False,True,True,True,False,True,True,False,True,True,True,True,False,False,True,True,False,True,True,True,False,2,lenient_young_incongruent_error_rate_le_0.25,False,3,main_young_incongruent_error_rate_le_0.20,False,3,strict_young_incongruent_human_plus_0.05,no_congruent_fast_error,report_negative_result
WR2_fine_1f7684e4,False,True,True,True,False,True,True,True,False,True,True,True,False,True,True,False,True,True,True,True,False,False,True,True,False,True,True,True,False,2,lenient_young_incongruent_error_rate_le_0.25,False,3,main_young_incongruent_error_rate_le_0.20,False,3,strict_young_incongruent_human_plus_0.05,no_congruent_fast_error,report_negative_result
WR2_fine_ac5f26a5,False,True,True,True,False,True,True,True,False,False,True,True,True,False,True,False,True,True,True,True,False,False,True,True,False,True,True,True,False,2,lenient_young_incongruent_error_rate_le_0.25,False,4,main_young_incongruent_error_rate_le_0.20,False,3,strict_young_incongruent_human_plus_0.05,high_incongruent_error,report_negative_result
WR2_fine_9f564814,False,True,True,True,False,True,True,True,False,True,True,True,True,False,True,False,True,True,True,True,False,False,True,True,False,True,True,True,False,2,lenient_young_incongruent_error_rate_le_0.25,False,3,main_young_incongruent_error_rate_le_0.20,False,3,strict_young_incongruent_human_plus_0.05,high_incongruent_error,report_negative_result
WR2_fine_e333920c,False,True,True,True,False,True,True,True,False,True,True,True,False,False,True,False,True,True,True,True,False,False,True,True,False,True,True,True,False,2,lenient_young_incongruent_error_rate_le_0.25,False,4,main_young_incongruent_error_rate_le_0.20,False,3,strict_young_incongruent_human_plus_0.05,no_congruent_fast_error,report_negative_result
WR2_fine_f825ea7a,False,True,True,True,False,True,True,True,False,False,True,True,True,False,True,False,True,True,True,True,False,False,True,True,False,True,True,True,False,2,lenient_young_incongruent_error_rate_le_0.25,False,4,main_young_incongruent_error_rate_le_0.20,False,3,strict_young_incongruent_human_plus_0.05,high_incongruent_error,report_negative_result
WR2_fine_6da92fa3,False,True,True,True,False,True,True,True,False,False,True,True,False,False,True,False,True,True,True,True,False,False,True,True,False,True,True,True,False,2,lenient_young_incongruent_error_rate_le_0.25,False,5,main_young_incongruent_error_rate_le_0.20,False,3,strict_young_incongruent_human_plus_0.05,no_congruent_fast_error,report_negative_result
WR2_fine_dcd019cd,False,True,True,True,True,True,True,True,False,False,True,True,True,True,True,False,True,True,True,True,False,False,True,True,True,True,True,True,False,1,lenient_young_incongruent_error_rate_le_0.25,False,3,main_young_incongruent_error_rate_le_0.20,False,2,strict_young_incongruent_human_plus_0.05,high_incongruent_error,report_negative_result
WR2_fine_8d80c677,False,True,True,True,False,True,True,True,False,False,True,True,True,False,True,False,True,True,True,True,False,False,True,True,False,True,True,True,False,2,lenient_young_incongruent_error_rate_le_0.25,False,4,main_young_incongruent_error_rate_le_0.20,False,3,strict_young_incongruent_human_plus_0.05,high_incongruent_error,report_negative_result
WR2_fine_b17321f6,False,True,True,True,False,True,True,True,False,True,True,True,True,False,True,False,True,True,True,True,False,False,True,True,False,True,True,True,False,2,lenient_young_incongruent_error_rate_le_0.25,False,3,main_young_incongruent_error_rate_le_0.20,False,3,strict_young_incongruent_human_plus_0.05,high_incongruent_error,report_negative_result
WR2_fine_e4461b22,False,True,True,True,False,True,True,True,False,False,True,True,True,False,True,False,True,True,True,True,False,False,True,True,False,True,True,True,False,2,lenient_young_incongruent_error_rate_le_0.25,False,4,main_young_incongruent_error_rate_le_0.20,False,3,strict_young_incongruent_human_plus_0.05,high_incongruent_error,report_negative_result
