transition,transition_label,previous_condition,current_condition,user_id,n_after_previous_correct,errors_after_previous_correct,n_after_previous_error,errors_after_previous_error,shrunk_risk_after_previous_correct,shrunk_risk_after_previous_error,risk_difference,posterior_risk_difference_sd,raw_stable,log_odds_ratio,odds_ratio
C_to_C,C→C,congruent,congruent,163,12843,301,301,26,0.023395791347148278,0.06897450703981585,0.04557871569266757,0.012656465589399389,True,1.1289756257792325,3.0924870130572115
C_to_C,C→C,congruent,congruent,166,19989,254,243,8,0.012735701122109767,0.028555142830129745,0.01581944170801998,0.00897137209308023,True,0.8235811692822179,2.278645458524221
C_to_C,C→C,congruent,congruent,182,9804,48,56,1,0.005035676401768032,0.018137015784561145,0.013101339382793113,0.01056215691900015,True,1.2946621733010253,3.649762778538286
C_to_C,C→C,congruent,congruent,221,18244,278,278,16,0.015255072257993073,0.046912202556269066,0.03165713029827599,0.010851521029242911,True,1.1560413933997542,3.177330546277423
C_to_C,C→C,congruent,congruent,335,20443,135,167,11,0.006662506930402763,0.04767880173303883,0.04101629480263607,0.012947993575686165,True,2.0101591687532476,7.464505368781897
C_to_C,C→C,congruent,congruent,522,9078,43,30,0,0.004889282016108912,0.014174399626165736,0.009285117610056823,0.010224162830139287,True,1.0737665708207595,2.9263811896479015
C_to_C,C→C,congruent,congruent,569,6479,624,610,75,0.09508605470335008,0.10778666761183532,0.012700612908485245,0.012152901785244878,True,0.1395062384507102,1.1497059780797656
C_to_C,C→C,congruent,congruent,677,7878,154,149,5,0.019531799190167322,0.02730366909525881,0.0077718699050914886,0.010354937298624536,True,0.34293550288452934,1.4090778775370172
C_to_C,C→C,congruent,congruent,878,5984,401,284,20,0.06618476971427356,0.056511974678958896,-0.009672795035314666,0.012142645715068777,True,-0.16830289537075904,0.8450978196963141
C_to_C,C→C,congruent,congruent,899,7235,16,11,0,0.0024379081805559082,0.016529450672163604,0.014091542491607696,0.011885030116166068,False,1.9282300121916158,6.87732667800823
C_to_C,C→C,congruent,congruent,984,8329,80,74,12,0.009711430595796051,0.07831851330917101,0.06860708271337496,0.02014605865142541,True,2.1592770922652496,8.664871491184352
C_to_C,C→C,congruent,congruent,1018,8578,264,284,10,0.030627732073156236,0.03069591181695259,6.817974379635591e-05,0.008946173576540822,True,0.0022939411019002875,1.0022965741977938
C_to_C,C→C,congruent,congruent,1054,7204,111,146,18,0.015448849293028704,0.0797665130594248,0.0643176637663961,0.017183691896979908,True,1.7091276841410523,5.524140579822064
C_to_C,C→C,congruent,congruent,1127,7223,116,137,23,0.01609125215111895,0.10355582943202156,0.08746457728090261,0.01966692850057787,True,1.9549322430038676,7.063440409982139
C_to_C,C→C,congruent,congruent,1182,8804,54,52,2,0.006274616074810571,0.025040836003364934,0.018766219928554363,0.012523679264047863,True,1.4030609402699676,4.067631708428732
C_to_C,C→C,congruent,congruent,1354,7898,476,422,39,0.05972615808071643,0.0778334274621874,0.018107269381470968,0.011974167346723604,True,0.2842461969959449,1.328760027213091
C_to_C,C→C,congruent,congruent,1369,7410,132,141,10,0.017820297907270254,0.048659539284536306,0.03083924137726605,0.013820324426398415,True,1.0364120160756416,2.8190840185692307
C_to_C,C→C,congruent,congruent,1478,6234,169,199,13,0.02696554282709349,0.04924741211454678,0.02228186928745329,0.012589154478187299,True,0.6254625870969148,1.8691103838268273
C_to_C,C→C,congruent,congruent,1488,6665,107,98,20,0.01608813746558799,0.10871424892671189,0.0926261114611239,0.021935715506915476,True,2.009511911496132,7.459675476771125
C_to_C,C→C,congruent,congruent,1744,6983,90,121,15,0.012967206405721092,0.07528328835231482,0.06231608194659373,0.017627270624971044,True,1.8240504212125837,6.196907772176808
C_to_C,C→C,congruent,congruent,1941,18174,113,145,14,0.0062859332140087175,0.06398176184429498,0.05769582863028626,0.015508483442638861,True,2.3800983024158477,10.805965064193353
C_to_C,C→C,congruent,congruent,2046,8939,30,23,0,0.0035267620975083084,0.014959649282832986,0.011432887185324678,0.010774733747773593,True,1.4565160090999782,4.2909837074926545
C_to_C,C→C,congruent,congruent,2090,6476,147,139,15,0.02262991141971997,0.06969192410684459,0.04706201268712462,0.016425032702925033,True,1.1741614848548463,3.235428850000799
C_to_C,C→C,congruent,congruent,2143,6557,54,57,5,0.008391479329785987,0.042968450648765553,0.03457697131897956,0.01600322489049874,True,1.668741350161822,5.305485844044616
C_to_C,C→C,congruent,congruent,2317,8824,169,156,8,0.019142312970822715,0.03813386846722462,0.018991555496401906,0.011957669980998873,True,0.7087536949991091,2.031457864188344
C_to_C,C→C,congruent,congruent,2410,7679,87,80,16,0.011422021879577826,0.09757119129965751,0.08614916942007968,0.021887568967714727,True,2.2362167629636747,9.357861226751856
C_to_C,C→C,congruent,congruent,2553,7427,94,89,7,0.012733825712161757,0.046217688732742616,0.03348386302058086,0.015154246158620382,True,1.3236049261726546,3.7569404880165
C_to_C,C→C,congruent,congruent,2683,8530,74,82,5,0.008790352188510502,0.0371730471923879,0.028382695003877398,0.013894879104227873,True,1.4709815470139,4.353506215615528
C_to_C,C→C,congruent,congruent,2718,6321,41,55,15,0.006676192796313223,0.10666009347394695,0.09998390067763373,0.024473720636032828,True,2.8771887550068187,17.764263221387314
C_to_C,C→C,congruent,congruent,2918,44538,1474,1453,50,0.0330610532136381,0.03334085923732231,0.00027980602368420787,0.00462719608678251,True,0.008717114304868101,1.0087552189862472
C_to_C,C→C,congruent,congruent,3288,6650,148,131,3,0.02219492699088464,0.020866728444065084,-0.001328198546819554,0.009488066719635476,True,-0.06306522406881454,0.9388822339725659
C_to_C,C→C,congruent,congruent,3403,6315,49,40,8,0.007928858975777773,0.0689908742775474,0.06106201530176962,0.021122871423349326,True,2.226990840910455,9.271923366059191
C_to_C,C→C,congruent,congruent,3471,6195,151,150,22,0.024274627206679552,0.09429523075518904,0.07002060354850949,0.018426191206819792,True,1.4314667314584604,4.184832718502086
C_to_C,C→C,congruent,congruent,3497,7508,37,46,1,0.005109502016814377,0.01935136592697496,0.014241863910160583,0.011264149449325288,True,1.3460795153339777,3.842332159051941
C_to_C,C→C,congruent,congruent,3605,6460,32,39,7,0.00516355334786437,0.06245085587282464,0.05728730252496027,0.02022899626440256,True,2.552064137155947,12.833566703594276
C_to_C,C→C,congruent,congruent,3875,21397,359,376,7,0.016785314714273414,0.018546221171485803,0.001760906457212389,0.006217784875900914,True,0.10155425200739643,1.1068899677657398
C_to_C,C→C,congruent,congruent,3988,10072,101,106,4,0.010111709129311188,0.02813506629222641,0.01802335716291522,0.011444233203396095,True,1.0416978985562437,2.834024818262168
C_to_C,C→C,congruent,congruent,4193,13616,238,280,54,0.017485532273862,0.145792099613139,0.12830656733927698,0.018035145187984054,True,2.2607482816643714,9.590262700252973
C_to_C,C→C,congruent,congruent,4275,7853,92,101,2,0.011800658568705536,0.019036595577901293,0.007235937009195757,0.009612562772630067,True,0.4855571543428181,1.6250801771397116
C_to_C,C→C,congruent,congruent,4344,7280,81,75,9,0.01122663467058211,0.06105908222631939,0.04983244755573728,0.01792071984568701,True,1.745265498936424,5.727421897999457
C_to_C,C→C,congruent,congruent,4398,7587,49,75,3,0.006617410069516088,0.027418448208305732,0.020801038138789644,0.012228452304413218,True,1.442673960799027,4.231996894741637
C_to_C,C→C,congruent,congruent,4431,11590,136,137,2,0.011792186999594058,0.01618533246439331,0.0043931454647992505,0.008183590610948883,True,0.32112371454735644,1.3786761326373709
C_to_C,C→C,congruent,congruent,4484,13057,62,50,1,0.004854750036027625,0.018846621426874217,0.013991871390846592,0.010961958848143551,True,1.3705359584639671,3.9374604453030266
C_to_C,C→C,congruent,congruent,4790,6857,203,220,16,0.02943674795999787,0.05532679817122429,0.02589005021122642,0.012854618681703543,True,0.6580510885947684,1.9310252675868576
C_to_C,C→C,congruent,congruent,4969,9967,195,194,26,0.019551467958278026,0.09379418054568191,0.07424271258740388,0.016934802352426073,True,1.6467961406860696,5.190324091926547
C_to_C,C→C,congruent,congruent,5058,15624,615,642,78,0.039224027730997944,0.10718403809870912,0.06796001036771118,0.011428612908258761,True,1.0786186203438124,2.9406146388795813
C_to_C,C→C,congruent,congruent,5119,7883,84,70,2,0.010754622049114869,0.022440777525139184,0.011686155476024316,0.011276105006674347,True,0.7474276412014347,2.111561331117616
C_to_C,C→C,congruent,congruent,5256,6398,42,76,4,0.006750936153622765,0.032841088040719474,0.026090151887096708,0.013309462374180046,True,1.6086178661227666,4.995901449173756
C_to_C,C→C,congruent,congruent,5295,10027,85,72,2,0.008577214833542861,0.022184831775220824,0.013607616941677962,0.011128544260349055,True,0.9641199581711155,2.622478749661241
C_to_C,C→C,congruent,congruent,5336,6891,16,18,1,0.0025578106341781286,0.02381624141696633,0.021258430782788204,0.013797697819873458,False,2.252759434493996,9.51395277722508
C_to_C,C→C,congruent,congruent,5356,8208,291,316,43,0.035239766750782844,0.10704572216546904,0.07180595541468619,0.015214643856782,True,1.188425099559646,3.281908456095441
C_to_C,C→C,congruent,congruent,5383,7399,179,185,14,0.024111125074789234,0.05510636883227794,0.030995243757488702,0.013530935676731071,True,0.8588683016538003,2.360487821384788
C_to_C,C→C,congruent,congruent,5402,9652,73,98,11,0.007676833066215541,0.06401723541393704,0.0563404023477215,0.0172304441749208,True,2.1793970144481114,8.840973671757313
C_to_C,C→C,congruent,congruent,5573,36651,539,521,6,0.014716357467405084,0.01263740691042123,-0.0020789505569838544,0.004510816150448474,True,-0.15440618901222258,0.8569238772469093
C_to_C,C→C,congruent,congruent,5675,42156,415,434,11,0.00986504006577334,0.023988275629225092,0.014123235563451752,0.006612160215903525,True,0.9029346526512407,2.466831793596253
C_to_C,C→C,congruent,congruent,5886,6699,140,145,12,0.02085898518236681,0.05592879700548456,0.03506981182311775,0.014654377760375543,True,1.0227686818636519,2.780883496927854
C_to_C,C→C,congruent,congruent,6003,6406,58,47,8,0.00920063980485804,0.06577891751028532,0.05657827770542728,0.020184423528445083,True,2.0258252953984575,7.582366054939496
C_to_C,C→C,congruent,congruent,6181,6992,61,63,4,0.008863577786401199,0.03540748074727953,0.02654390296087833,0.014328885571886973,True,1.4121190555886058,4.104644163992157
C_to_C,C→C,congruent,congruent,6194,10506,64,55,1,0.006210578580328414,0.01825154915340627,0.012040970573077854,0.010631305375211517,True,1.0901861198326914,2.9748276954743327
C_to_C,C→C,congruent,congruent,6474,9112,311,362,49,0.03395313718553331,0.10935770996295693,0.07540457277742363,0.01457427072166317,True,1.2509124646761869,3.4935292255757826
C_to_C,C→C,congruent,congruent,6519,8445,183,177,11,0.021628748640476828,0.04597814803447535,0.024349399393998522,0.012584831756236032,True,0.7793454793711341,2.180044914065568
C_to_C,C→C,congruent,congruent,6591,9849,163,150,19,0.016567960578508054,0.0824541725602194,0.06588621198171135,0.017293832334529403,True,1.6741179180248,5.334087970466804
C_to_C,C→C,congruent,congruent,6609,8261,21,13,0,0.002736640836837921,0.01624533144592814,0.01350869060909022,0.011683558302257174,False,1.7947127168450185,6.017745676492527
C_to_C,C→C,congruent,congruent,6786,7422,59,65,6,0.00809134340268091,0.0468664609869483,0.03877511758426739,0.0162736186235843,True,1.7963835318905583,6.027808620827445
C_to_C,C→C,congruent,congruent,6858,8794,76,78,1,0.008754313056511767,0.015936840820904814,0.0071825277643930464,0.00932612736169702,True,0.6063593027988059,1.8337431277115568
C_to_C,C→C,congruent,congruent,6946,7581,107,111,16,0.01417037956537684,0.08346050313510464,0.0692901235697278,0.018894971975770763,True,1.8460980429596785,6.3350521321114615
C_to_C,C→C,congruent,congruent,7097,6928,193,222,38,0.027717305855071553,0.12260499265565422,0.09488768680058267,0.01826064133060651,True,1.5896000689210952,4.901788158839501
C_to_C,C→C,congruent,congruent,7109,7318,32,26,0,0.004566583073055579,0.014612707201665012,0.010046124128609432,0.010539120595907281,True,1.1732697502892213,3.232544992269545
C_to_C,C→C,congruent,congruent,7332,8838,109,105,7,0.012401948962385967,0.04266855186654312,0.030266602904157155,0.014017214421076469,True,1.2667346357591374,3.5492440450647957
C_to_C,C→C,congruent,congruent,7522,9448,110,130,14,0.011714592209132228,0.06809448025859129,0.05637988804945906,0.016492021339930024,True,1.818800988773149,6.164462756957054
C_to_C,C→C,congruent,congruent,7643,7756,213,312,61,0.027341966024742845,0.15141295088995338,0.12407098486521054,0.017663029474617228,True,1.8480480332425668,6.347417474441135
C_to_C,C→C,congruent,congruent,7652,11412,293,331,38,0.025608434881965972,0.09183771337686226,0.0662292784948963,0.013919135758259345,True,1.3474913976059857,3.847760911188111
C_to_C,C→C,congruent,congruent,7735,10915,142,210,53,0.013059138853454997,0.1751690854158378,0.1621099465623828,0.021466062531177377,True,2.775695232410111,16.04978144597513
C_to_C,C→C,congruent,congruent,7862,8169,144,151,12,0.017635875699071803,0.05460949204751281,0.036973616348441006,0.014292375233176521,True,1.1686364555693975,3.2176023023002776
C_to_C,C→C,congruent,congruent,8503,6428,178,230,35,0.027542556979217196,0.1106632753684807,0.08312071838926349,0.01727565105118535,True,1.4801100829950422,4.393429296154788
I_to_C,I→C,incongruent,congruent,163,11530,244,1172,58,0.02114476147123191,0.0470068028033874,0.02586204133215549,0.00606961788585568,True,0.8256761410964564,2.283424160409578
I_to_C,I→C,incongruent,congruent,166,19149,231,1067,28,0.012102231592642463,0.025614973956656364,0.013512742364013902,0.0046802352604963385,True,0.7635599255723182,2.1459018900494833
I_to_C,I→C,incongruent,congruent,182,9250,50,481,2,0.00556004760585187,0.006850962485516411,0.0012909148796645415,0.0034912157065377807,True,0.21008145667124634,1.2337785553578517
I_to_C,I→C,incongruent,congruent,221,17651,255,732,36,0.014474945741880536,0.045432708096219826,0.03095776235433929,0.0072509239970299675,True,1.1757294220926395,3.2405057784874547
I_to_C,I→C,incongruent,congruent,335,19847,182,761,28,0.009222906639679432,0.03466938332904282,0.02544647668936339,0.006250905910391862,True,1.3501856584148144,3.858141760691274
I_to_C,I→C,incongruent,congruent,522,8869,29,117,2,0.003455935252550751,0.018100506389748094,0.014644571137197342,0.00895537982102701,True,1.6706512029827998,5.31562822329344
I_to_C,I→C,incongruent,congruent,569,6539,533,603,83,0.08052958445804854,0.12012909869701924,0.03959951423897069,0.012660655675037899,True,0.44396503664508,1.5588759811348862
I_to_C,I→C,incongruent,congruent,677,7369,129,626,18,0.017529853806130306,0.027388953223340225,0.009859099417209919,0.006221901073764377,True,0.456320107647294,1.5782554755611602
I_to_C,I→C,incongruent,congruent,878,5590,180,442,33,0.03196186266407361,0.06404609376038994,0.032084231096316335,0.01071840617184827,True,0.7287648936122268,2.072519244464082
I_to_C,I→C,incongruent,congruent,899,7074,6,213,4,0.001116144884523167,0.01892635299817794,0.017810208113654774,0.007643420548010314,True,2.8486655896322692,17.264728230153764
I_to_C,I→C,incongruent,congruent,984,7793,70,352,9,0.009118181730940459,0.024114360623553044,0.014996178892612585,0.007249969942980628,True,0.9877869923415803,2.685285335022526
I_to_C,I→C,incongruent,congruent,1018,7347,217,1304,64,0.02939103248949259,0.04686134847894008,0.01747031598944749,0.005959247392600897,True,0.48466689244086014,1.6236340739711668
I_to_C,I→C,incongruent,congruent,1054,6898,123,272,31,0.017852096509401297,0.08764155347855285,0.06978945696915155,0.014636285405340866,True,1.6648432526562167,5.284844799449146
I_to_C,I→C,incongruent,congruent,1127,6622,83,482,45,0.012638106269842176,0.08013361281007136,0.06749550654022919,0.011282060045149466,True,1.9177870489262663,6.80588071124584
I_to_C,I→C,incongruent,congruent,1182,8481,47,258,12,0.005708629576075884,0.03863628785612143,0.03292765828004555,0.01013877108286827,True,1.945890427040541,6.999861947257938
I_to_C,I→C,incongruent,congruent,1354,7682,370,662,61,0.047775515151572266,0.08218917518951009,0.034413660037937825,0.010203169433326742,True,0.5793198459740214,1.7848240625463725
I_to_C,I→C,incongruent,congruent,1369,7260,130,353,17,0.01792508561124751,0.041541298322789307,0.023616212711541795,0.009444340970148235,True,0.8648280280268703,2.3745976866119403
I_to_C,I→C,incongruent,congruent,1478,5528,160,615,61,0.02876296297159383,0.08755671965067352,0.05879375667907969,0.010761679361319814,True,1.1756428862430348,3.2402253706996023
I_to_C,I→C,incongruent,congruent,1488,6353,62,341,32,0.009912613341203448,0.07631657577365125,0.06640396243244781,0.012622800111958021,True,2.110505948494284,8.252415525771575
I_to_C,I→C,incongruent,congruent,1744,6586,111,415,42,0.01689103574478963,0.08469213292012634,0.06780109717533671,0.01230300027328192,True,1.6836991509958459,5.385440728521106
I_to_C,I→C,incongruent,congruent,1941,16769,141,1476,70,0.008475476524337772,0.04555801221670504,0.03708253569236727,0.005290501275231008,True,1.7199264465147754,5.584117717850272
I_to_C,I→C,incongruent,congruent,2046,8420,30,390,10,0.003755268039257197,0.024283469999523057,0.02052820196026586,0.0069454870870089705,True,1.8874570458804376,6.602557314512989
I_to_C,I→C,incongruent,congruent,2090,6180,134,523,24,0.021641919006157886,0.04144248819454853,0.019800569188390644,0.00815824342862681,True,0.6701206871885765,1.9544731862766727
I_to_C,I→C,incongruent,congruent,2143,6352,42,282,7,0.006816579350399143,0.023307496450558685,0.01649091710015954,0.007730991520009756,True,1.2461607538884603,3.47696836244367
I_to_C,I→C,incongruent,congruent,2317,7850,123,659,17,0.01571559257748471,0.024895963731682128,0.009180371154197418,0.005804424502034796,True,0.4694230319547099,1.5990713139567472
I_to_C,I→C,incongruent,congruent,2410,7127,66,474,30,0.009404797049885559,0.05532017847482506,0.0459153814249395,0.009562515496291274,True,1.8193777701464335,6.1680193298354675
I_to_C,I→C,incongruent,congruent,2553,7099,58,515,19,0.00833080843330985,0.033908773040657335,0.025577964607347486,0.0073434459498389545,True,1.4298445782046567,4.178049781460215
I_to_C,I→C,incongruent,congruent,2683,7846,93,651,35,0.011950234912570896,0.04897926836134491,0.037029033448774014,0.007940027181412523,True,1.4488433816373019,4.258186569064136
I_to_C,I→C,incongruent,congruent,2718,6033,27,403,42,0.004726942841954227,0.0866940125180064,0.08196706967605218,0.012506873001698908,True,2.9950523209788935,19.986405570805385
I_to_C,I→C,incongruent,congruent,2918,41124,1380,4761,129,0.0335206605402578,0.026925847639523198,-0.0065948129007346,0.0024838468514330444,True,-0.22587564477461086,0.7978173082483045
I_to_C,I→C,incongruent,congruent,3288,6121,98,746,27,0.016064512064552842,0.03410517389078396,0.01804066182623112,0.0064200903272456636,True,0.7713418614928713,2.1626663062536884
I_to_C,I→C,incongruent,congruent,3403,6042,34,173,22,0.005858848586066095,0.08647657496679274,0.08061772638072665,0.016864912097069376,True,2.776490651719583,16.062552830679703
I_to_C,I→C,incongruent,congruent,3471,5561,137,700,61,0.024535898255589914,0.07830787404228623,0.05377197578669632,0.009685439854087487,True,1.2172129918852024,3.3777607565541166
I_to_C,I→C,incongruent,congruent,3497,6613,46,751,17,0.007147180721151004,0.022219215163344252,0.015072034442193249,0.005139692532173176,True,1.1495364244772057,3.156729188059546
I_to_C,I→C,incongruent,congruent,3605,6519,38,158,11,0.006040821448547275,0.0495380536270996,0.04349723217855232,0.013396803361310685,True,2.1489491424677323,8.575841672544032
I_to_C,I→C,incongruent,congruent,3875,19761,358,2176,46,0.018122335623582203,0.02105184988387144,0.0029295142602892357,0.003150859949202307,True,0.1528312904047704,1.1651283940205772
I_to_C,I→C,incongruent,congruent,3988,9129,118,755,9,0.012997255507354408,0.012809996074144913,-0.0001872594332094947,0.004010254170353747,True,-0.01470211826055845,0.9854054301717466
I_to_C,I→C,incongruent,congruent,4193,12929,277,810,118,0.021407041950239444,0.1312076446144208,0.10980060266418136,0.011229286077805238,True,1.9320728434915186,6.90380592928825
I_to_C,I→C,incongruent,congruent,4275,7557,92,372,11,0.012270480507762638,0.027298313229145055,0.015027832721382417,0.007561074534912583,True,0.8149599452460343,2.2590851834362478
I_to_C,I→C,incongruent,congruent,4344,6819,48,557,22,0.007223394685451494,0.03629034995110518,0.029066955265653685,0.007335638079131644,True,1.6439424568317458,5.175533661510116
I_to_C,I→C,incongruent,congruent,4398,7168,68,381,13,0.009626779081121514,0.030910425667761535,0.02128364658664002,0.007928489054231564,True,1.188269639880855,3.281398291317089
I_to_C,I→C,incongruent,congruent,4431,9923,126,1422,35,0.012765913674427299,0.024243814531027415,0.011477900856600116,0.00409166065882792,True,0.6530773249058539,1.9214446498435773
I_to_C,I→C,incongruent,congruent,4484,13025,58,203,7,0.004570748248863655,0.029292019481300786,0.02472127123243713,0.009615747278271811,True,1.882786554995953,6.571792031173784
I_to_C,I→C,incongruent,congruent,4790,6338,205,603,33,0.03213143921592609,0.049475265170415776,0.01734382595448969,0.00843717512944031,True,0.44971999469747326,1.5678731112366426
I_to_C,I→C,incongruent,congruent,4969,9364,169,669,47,0.01806086171307836,0.06335011313901256,0.04528925142593421,0.008858247544617604,True,1.3021492019613112,3.677191207655604
I_to_C,I→C,incongruent,congruent,5058,14250,527,2260,215,0.03685297068159408,0.09177260271666704,0.05491963203507296,0.006140501437284737,True,0.9710888706132419,2.6408184039482587
I_to_C,I→C,incongruent,congruent,5119,7571,57,204,7,0.007688240692920067,0.02919712370247249,0.02150888300955242,0.009618935690559367,True,1.3562921170393487,3.8817734231720515
I_to_C,I→C,incongruent,congruent,5256,5823,68,736,26,0.011811112123847426,0.0333213421786502,0.02151023005480278,0.006343405370644685,True,1.0591650338669032,2.8839619731077777
I_to_C,I→C,incongruent,congruent,5295,9694,80,438,12,0.008369747584665419,0.025821024498334955,0.017451276913669538,0.006863966726735988,True,1.144320604752826,3.1403071221933376
I_to_C,I→C,incongruent,congruent,5336,6713,12,73,4,0.0020553107527260654,0.03383942018538309,0.031784109432657026,0.013538173109100172,True,2.8335671472920607,17.006015719137054
I_to_C,I→C,incongruent,congruent,5356,7822,268,746,105,0.034063768077773206,0.12579699184884952,0.09173322377107632,0.01154447258195382,True,1.4062203281816055,4.080503257278563
I_to_C,I→C,incongruent,congruent,5383,6729,175,807,43,0.02590296208314731,0.04937330556312316,0.02347034347997585,0.007424157579143939,True,0.6694420580869416,1.9531472738463669
I_to_C,I→C,incongruent,congruent,5402,8984,76,775,41,0.008583477379033129,0.048895795238119245,0.040312317859086115,0.007330910334117357,True,1.7813634064801178,5.937946737201589
I_to_C,I→C,incongruent,congruent,5573,33557,549,3554,49,0.016369132877047478,0.013942870738626347,-0.0024262621384211307,0.0020579247712845436,True,-0.16289270198051398,0.8496823527572692
I_to_C,I→C,incongruent,congruent,5675,39557,463,2230,63,0.011724477953037134,0.02784645532390012,0.01612197737086299,0.0034470819663056625,True,0.881474659355904,2.4144575849100747
I_to_C,I→C,incongruent,congruent,5886,5895,135,997,52,0.022836641403458823,0.04902753406033887,0.026190892656880047,0.006782420244816796,True,0.7911844677815782,2.206007824586167
I_to_C,I→C,incongruent,congruent,6003,6155,49,246,13,0.008149374618491507,0.04281004588718194,0.03466067126869043,0.010854093196588768,True,1.694402257446587,5.443391245985014
I_to_C,I→C,incongruent,congruent,6181,6599,62,260,17,0.009548857247275421,0.05213520657811863,0.04258634933084321,0.01168545374493396,True,1.7413676532098252,5.705140743491517
I_to_C,I→C,incongruent,congruent,6194,10465,69,115,5,0.006718507195761832,0.031921794896814744,0.02520328770105291,0.011860373497663189,True,1.5841242423425066,4.875020172268629
I_to_C,I→C,incongruent,congruent,6474,7648,252,1962,136,0.03276448705990856,0.06677992254964632,0.03401543548973776,0.0058504289735377395,True,0.7478582188344727,2.1124707179643516
I_to_C,I→C,incongruent,congruent,6519,7982,153,675,37,0.0191688708922647,0.05003675620631814,0.030867885314053437,0.007950584989688439,True,0.9914472139479726,2.695132084073664
I_to_C,I→C,incongruent,congruent,6591,9370,179,545,36,0.01910486946164491,0.058509873545589085,0.03940500408394418,0.009307958367847537,True,1.160253962631682,3.1907435028451783
I_to_C,I→C,incongruent,congruent,6609,8165,5,57,5,0.000847970635176882,0.04337351140141147,0.04252554076623459,0.01597384134700855,True,3.978252117914683,53.42357446422259
I_to_C,I→C,incongruent,congruent,6786,6706,50,806,24,0.007636898973416013,0.028563892269224858,0.020926993295808844,0.0056168357851975135,True,1.3404653544088307,3.8208211276791855
I_to_C,I→C,incongruent,congruent,6858,8378,76,554,12,0.00919667862415782,0.0212736593647563,0.012076980740598478,0.005712853158628035,True,0.8508912339876358,2.3417329541840273
I_to_C,I→C,incongruent,congruent,6946,6822,101,812,73,0.0148718442779266,0.08183095004620512,0.06695910576827852,0.009164592074036543,True,1.775575971026535,5.903680506177245
I_to_C,I→C,incongruent,congruent,7097,6167,188,799,72,0.030296917714343615,0.08190155319697978,0.05160463548263616,0.009370185918347415,True,1.0491572719973803,2.8552439098975837
I_to_C,I→C,incongruent,congruent,7109,7214,26,99,7,0.0038275288249711736,0.044248984198381205,0.040421455373410034,0.014392547073582122,True,2.489036006698308,12.049654733424338
I_to_C,I→C,incongruent,congruent,7332,7827,86,880,12,0.011096323859457751,0.014230515045842966,0.0031341911863852143,0.003951602186718715,True,0.25194912866338814,1.2865305880895026
I_to_C,I→C,incongruent,congruent,7522,8705,109,580,26,0.012601195108554458,0.04091344672963963,0.028312251621085173,0.007657659055778199,True,1.2067598115498064,3.3426363151299654
I_to_C,I→C,incongruent,congruent,7643,6969,214,1103,170,0.03053751002716868,0.14243264508641537,0.1118951350592467,0.010258752879920148,True,1.6625555168671748,5.272768290060386
I_to_C,I→C,incongruent,congruent,7652,10353,283,1063,89,0.027253899503369705,0.07794325372602931,0.050689354222659605,0.008001886054664481,True,1.1043007681933363,3.0171140689418627
I_to_C,I→C,incongruent,congruent,7735,10501,137,590,85,0.013107363102443502,0.12525620817095734,0.11214884506851383,0.012598291055923637,True,2.3778173859457636,10.781345648592252
I_to_C,I→C,incongruent,congruent,7862,7805,146,679,66,0.018712833249765623,0.0867864647230037,0.06807363147323808,0.010164852210418834,True,1.6061365235764655,4.9835202736722035
I_to_C,I→C,incongruent,congruent,8503,5610,138,955,135,0.024500505343429693,0.12929658022103435,0.10479607487760466,0.010503354035536953,True,1.7770633220017213,5.9124678844731715
C_to_I,C→I,congruent,incongruent,163,12453,1176,296,31,0.09438098888959631,0.10152215874660601,0.007141169857009702,0.01669167277574981,True,0.0808540795167021,1.084212676185537
C_to_I,C→I,congruent,incongruent,166,20018,1086,231,16,0.05429489267835069,0.07036494729781537,0.016070054619464674,0.015628979194275104,True,0.27640376833511926,1.3183800767033846
C_to_I,C→I,congruent,incongruent,182,9722,513,41,2,0.05286263077382301,0.062445516983779564,0.009582886209956551,0.027040640267791235,True,0.17676704021667788,1.1933530574731377
C_to_I,C→I,congruent,incongruent,221,18131,737,284,24,0.04072579544219254,0.08360177584248207,0.04287598040028953,0.01545559588935182,True,0.7649290245378597,2.148841854199011
C_to_I,C→I,congruent,incongruent,335,20523,854,168,22,0.04167824391050032,0.12085501931743393,0.07917677540693362,0.022663946252629977,True,1.1508461374433676,3.1608663058348228
C_to_I,C→I,congruent,incongruent,522,8947,107,28,0,0.012238737109801057,0.044613793720022075,0.03237505661022102,0.02513060161952575,True,1.3267623615717254,3.7688215318491833
C_to_I,C→I,congruent,incongruent,569,6619,610,577,94,0.09207066218463346,0.15751686404953827,0.06544620186490481,0.015091824932973546,True,0.6117890848371217,1.843727033897305
C_to_I,C→I,congruent,incongruent,677,7859,645,149,19,0.08204644278936443,0.11710435210735148,0.03505790931798705,0.023614338696663722,True,0.3947197567355891,1.4839682605331774
C_to_I,C→I,congruent,incongruent,878,5846,489,287,39,0.08360295225608838,0.12889548357724862,0.045292531321160234,0.018888344313066262,True,0.4836108010530962,1.621920273133206
C_to_I,C→I,congruent,incongruent,899,7254,220,13,1,0.03057507106463947,0.07694113946796863,0.04636606840332916,0.03678846719807586,False,0.9718657367571377,2.6428707634595527
C_to_I,C→I,congruent,incongruent,984,8123,379,67,5,0.0468010197955999,0.0754755055571966,0.02867448576159671,0.025687353848495974,True,0.5084473108021088,1.6627075216360394
C_to_I,C→I,congruent,incongruent,1018,8439,1453,248,31,0.17174281523803475,0.11852312450313145,-0.053219690734903305,0.019493585186247126,True,-0.43316506512167985,0.6484534459234933
C_to_I,C→I,congruent,incongruent,1054,7097,297,125,20,0.042038702778734366,0.14039103088659366,0.0983523281078593,0.027178465073191334,True,1.3141706971034006,3.7216633189522987
C_to_I,C→I,congruent,incongruent,1127,7062,534,106,26,0.07562321610683795,0.20031745595750536,0.12469423985066741,0.03331352959162224,True,1.1190449948686856,3.0619286489841655
C_to_I,C→I,congruent,incongruent,1182,8696,264,47,4,0.03056485283798907,0.08142532725182504,0.05086047441383597,0.029440350252769584,True,1.0337260009016798,2.8115220764107858
C_to_I,C→I,congruent,incongruent,1354,7905,661,461,58,0.08358551959412772,0.12203484040489729,0.03844932081076957,0.014955088937343314,True,0.4212981271262408,1.523938538108754
C_to_I,C→I,congruent,incongruent,1369,7493,319,130,6,0.04274939495146939,0.05320867133129988,0.01045927637983049,0.017389921438280494,True,0.22985283930988665,1.2584148071110615
C_to_I,C→I,congruent,incongruent,1478,5963,660,176,18,0.11046537683574556,0.09771409954338549,-0.012751277292360072,0.020621298291050593,True,-0.13688927875330803,0.8720667771076486
C_to_I,C→I,congruent,incongruent,1488,6589,342,101,27,0.052050670221192766,0.21465192935950717,0.1626012591383144,0.03472936244528767,True,1.604974141189245,4.977730882874532
C_to_I,C→I,congruent,incongruent,1744,6894,409,116,21,0.05942514603584922,0.1550288964280964,0.09560375039224717,0.029150374255550126,True,1.0660828626868213,2.9039818957197183
C_to_I,C→I,congruent,incongruent,1941,18126,1416,172,30,0.07811733383597975,0.15654043311032015,0.0784230992743404,0.02505691520198074,True,0.7840083482231606,2.1902339141158103
C_to_I,C→I,congruent,incongruent,2046,8783,419,40,2,0.04783385865518267,0.06323964046568653,0.015405781810503859,0.027369066062586246,True,0.2955096394340968,1.3438110432999582
C_to_I,C→I,congruent,incongruent,2090,6577,616,158,23,0.09356212423341728,0.13208677160157975,0.03852464736816247,0.024349072249170985,True,0.38826417476830577,1.4744192372044338
C_to_I,C→I,congruent,incongruent,2143,6615,341,46,2,0.05169698120814355,0.05875638879528898,0.007059407587145433,0.025557429147353827,True,0.1354726030426634,1.1450778237564034
C_to_I,C→I,congruent,incongruent,2317,8377,617,145,17,0.07366917103205119,0.10876396702691664,0.03509479599486545,0.023089277506499722,True,0.4282178231898932,1.5345202986724875
C_to_I,C→I,congruent,incongruent,2410,7489,444,93,23,0.05937759299770832,0.1973100907199668,0.1379324977222585,0.0346629218703683,True,1.3594329399961549,3.8939845527123356
C_to_I,C→I,congruent,incongruent,2553,7529,589,78,5,0.07822428755553187,0.06835728208791252,-0.009867005467619358,0.02347133050178333,True,-0.14547954256838525,0.864607577543424
C_to_I,C→I,congruent,incongruent,2683,8418,809,92,8,0.09601607080552885,0.08399631905103892,-0.012019751754489924,0.024387841819915552,True,-0.1469514049942604,0.8633359302114468
C_to_I,C→I,congruent,incongruent,2718,6400,460,57,18,0.07190543543897794,0.21930176607717755,0.14739633063819962,0.042214628148942134,True,1.2880417876739856,3.6256797489308905
C_to_I,C→I,congruent,incongruent,2918,44469,5109,1474,83,0.11485608871429132,0.056836478092660576,-0.05801961062163074,0.006140002014895667,True,-0.7669910329298757,0.4644083575237287
C_to_I,C→I,congruent,incongruent,3288,6738,705,141,23,0.1044726282314482,0.1445870145734667,0.0401143863420185,0.02642934623974449,True,0.3707848077306095,1.4488712539440902
C_to_I,C→I,congruent,incongruent,3403,6192,166,52,15,0.027119680691758997,0.19829993125542736,0.17118025056366837,0.04170296950487897,True,2.18304751384051,8.873306620573151
C_to_I,C→I,congruent,incongruent,3471,6128,718,181,45,0.11691512064787266,0.21842112584081208,0.10150600519293942,0.02811544213510366,True,0.7470820129548552,2.1108316419850484
C_to_I,C→I,congruent,incongruent,3497,7339,836,51,6,0.11371840345511487,0.1001045005680339,-0.013613902887080975,0.0317424112129579,True,-0.142754517067067,0.8669668683447008
C_to_I,C→I,congruent,incongruent,3605,6609,156,46,12,0.023914193568216384,0.17691148996768674,0.15299729639947035,0.04127857952532452,True,2.171664153488286,8.772871304034673
C_to_I,C→I,congruent,incongruent,3875,21616,2459,357,29,0.11369265164072982,0.08081402708145664,-0.03287862455927318,0.013854121620453274,True,-0.3777728979045758,0.6853861356202633
C_to_I,C→I,congruent,incongruent,3988,9798,824,104,8,0.08407070702278886,0.07692961566845784,-0.007141091354331025,0.02241020386946861,True,-0.09653359046443688,0.907979397637833
C_to_I,C→I,congruent,incongruent,4193,13545,888,281,54,0.06559163657315713,0.17824363600959328,0.11265199943643615,0.021478675091178605,True,1.128172765155231,3.090005173423163
C_to_I,C→I,congruent,incongruent,4275,7891,409,72,4,0.05195356957597696,0.0630257063753432,0.011072136799366243,0.023134389167549424,True,0.2049398851247899,1.2274512746650497
C_to_I,C→I,congruent,incongruent,4344,7295,579,79,6,0.07935667058716045,0.07627708943893131,-0.003079581148229135,0.024573898463555583,True,-0.042919334641452256,0.9579886634493681
C_to_I,C→I,congruent,incongruent,4398,7504,390,56,6,0.05210020685812413,0.09481549487462572,0.04271528801650159,0.030066245252255902,True,0.6448739220363136,1.9057467414562768
C_to_I,C→I,congruent,incongruent,4431,11213,1436,145,6,0.1278901137754446,0.04886237478519344,-0.07902773899025116,0.01617481003103806,True,-1.0489070766664481,0.35032041331567815
C_to_I,C→I,congruent,incongruent,4484,13217,279,48,3,0.02127192163079689,0.0689427122835366,0.047670790652739714,0.027093173114294253,True,1.2258209737581072,3.4069619613274487
C_to_I,C→I,congruent,incongruent,4790,6722,634,211,17,0.09421790468931318,0.08000824089463036,-0.014209663794682817,0.017501532593023155,True,-0.1790465422772578,0.8360669860300143
C_to_I,C→I,congruent,incongruent,4969,9874,691,199,25,0.07000891815273426,0.1177136171082511,0.047704698955516836,0.021018602441738792,True,0.5722903610456109,1.772321662896193
C_to_I,C→I,congruent,incongruent,5058,15921,2373,664,126,0.14887388655382897,0.1835560527986413,0.034682166244812324,0.01486349254693753,True,0.25102258915615017,1.2853391187293217
C_to_I,C→I,congruent,incongruent,5119,7762,237,60,4,0.030763243436493955,0.070693493416216,0.03993024997972205,0.02575249474915904,True,0.8741032521119481,2.396725071861192
C_to_I,C→I,congruent,incongruent,5256,6587,757,55,9,0.11470189256560705,0.12786757407917304,0.013165681513565994,0.03455033027224578,True,0.12364178261352277,1.1316104358537096
C_to_I,C→I,congruent,incongruent,5295,10013,476,92,6,0.04765123699871032,0.0686864297858602,0.02103519278714988,0.022146567553190222,True,0.3879783459764905,1.4739978659581203
C_to_I,C→I,congruent,incongruent,5336,6754,101,11,0,0.015306699978630562,0.059894177787036505,0.04458747780840594,0.03338029235187967,False,1.4106264382708131,4.098522071137134
C_to_I,C→I,congruent,incongruent,5356,8336,817,311,79,0.0979114750494429,0.23445287716151628,0.13654140211207338,0.022856748421498548,True,1.0373127495664303,2.8216244058923183
C_to_I,C→I,congruent,incongruent,5383,7438,866,177,47,0.11622512997940956,0.23174777008212388,0.11552264010271432,0.028906486928074532,True,0.830204751077495,2.2937883478219776
C_to_I,C→I,congruent,incongruent,5402,9686,788,91,16,0.0813370227115588,0.14635622491007522,0.06501920219851641,0.03104934301523824,True,0.6608475956968036,1.936432951250549
C_to_I,C→I,congruent,incongruent,5573,36702,3712,522,42,0.10111346380907821,0.08021771262365346,-0.02089575118542475,0.011569155471063835,True,-0.25447912671096606,0.775320236405258
C_to_I,C→I,congruent,incongruent,5675,41458,2400,456,31,0.057907655561862656,0.06868266853995725,0.010775012978094592,0.011418062601433136,True,0.18215052435326484,1.1997947786214291
C_to_I,C→I,congruent,incongruent,5886,6771,983,163,21,0.1447908571400994,0.118892434200798,-0.025898422939301405,0.023133450999915636,True,-0.22690482964997583,0.7969966291290596
C_to_I,C→I,congruent,incongruent,6003,6381,226,51,8,0.03566757858190676,0.12241733329817701,0.08674975471627025,0.034506255668820957,True,1.327458771475436,3.771447090615731
C_to_I,C→I,congruent,incongruent,6181,6838,304,70,8,0.044639978733372214,0.101006741322576,0.05636676258920379,0.028886798420064173,True,0.877370138017751,2.4045677027336034
C_to_I,C→I,congruent,incongruent,6194,10520,144,63,1,0.013919680464413043,0.039089265311974444,0.0251695848475614,0.019164321392148465,True,1.0584004798922044,2.88175787120316
C_to_I,C→I,congruent,incongruent,6474,9264,1883,366,120,0.20273534502950968,0.3039108460880523,0.10117550105854262,0.023214207247080388,True,0.5405419203429114,1.7169370532340134
C_to_I,C→I,congruent,incongruent,6519,8542,696,158,31,0.08145933930479674,0.17277138839266104,0.0913120490878643,0.027053268654236715,True,0.8565703553162989,2.3550697746154774
C_to_I,C→I,congruent,incongruent,6591,9773,554,169,20,0.05676656805985681,0.11064065302158906,0.053874084961732245,0.0218424231898075,True,0.72615245277375,2.0671119767101813
C_to_I,C→I,congruent,incongruent,6609,8257,64,8,2,0.008073260518400852,0.10663385992515848,0.09856059940675763,0.044730752230487954,False,2.685496411493081,14.665479686263673
C_to_I,C→I,congruent,incongruent,6786,7457,861,57,11,0.11526346656684593,0.14610643692938405,0.030842970362538122,0.03611988978402148,True,0.2725982002848064,1.3133724261263782
C_to_I,C→I,congruent,incongruent,6858,8898,558,82,0,0.06277226818624679,0.02464318408796481,-0.03812908409828197,0.014289507697379373,True,-0.9748901047090155,0.37723380750436364
C_to_I,C→I,congruent,incongruent,6946,7493,809,168,38,0.10780831394830792,0.19828641935208796,0.09047810540378004,0.027899607804305483,True,0.7162873599416237,2.046819980944439
C_to_I,C→I,congruent,incongruent,7097,6743,757,251,44,0.11206337006877139,0.16217962900909436,0.05011625894032297,0.021958834140363995,True,0.42773668119136543,1.5337821540996204
C_to_I,C→I,congruent,incongruent,7109,7343,112,33,5,0.015575523056748542,0.11129855946750034,0.09572303641075179,0.036930238642979174,True,2.068811509556369,7.915410136033917
C_to_I,C→I,congruent,incongruent,7332,8636,838,98,10,0.09694619605149091,0.09494539773933493,-0.0020007983121559797,0.02518792285780834,True,-0.023067319680770026,0.9771966969892384
C_to_I,C→I,congruent,incongruent,7522,9171,615,116,17,0.06710068867987196,0.12916145066095447,0.06206076198108251,0.027009391809368365,True,0.7237095484137788,2.062068382866678
C_to_I,C→I,congruent,incongruent,7643,7802,1045,277,53,0.1336591848864629,0.17733427584814815,0.04367509096168526,0.021806160739963266,True,0.33447178334566785,1.39720216481655
C_to_I,C→I,congruent,incongruent,7652,11082,1002,336,68,0.09037009687067218,0.18944548693721414,0.09907539006654195,0.020400539023533514,True,0.8555071088677275,2.3525670857647683
C_to_I,C→I,congruent,incongruent,7735,10926,601,189,60,0.055083716438742575,0.2766400248370022,0.2215563083982596,0.029664586273653877,True,1.8810523121961975,6.560404825106307
C_to_I,C→I,congruent,incongruent,7862,8316,746,177,37,0.08964758626378189,0.1853730054699515,0.09572541920616962,0.026586446906187132,True,0.8375852246052384,2.310780218897823
C_to_I,C→I,congruent,incongruent,8503,6354,915,218,52,0.14359851420988973,0.21420664344827348,0.07060812923838375,0.02593398193011998,True,0.48596530179086117,1.6257435848417474
I_to_I,I→I,incongruent,incongruent,163,11424,1152,1147,126,0.10075656458305082,0.1087426339039021,0.007986069320851275,0.009461510521680353,True,0.08519712348743314,1.0889316995573082
I_to_I,I→I,incongruent,incongruent,166,18891,1072,1058,71,0.0567878007964242,0.06744583690415623,0.010658036107732034,0.007751648820063165,True,0.18336738099214145,1.2012556455156098
I_to_I,I→I,incongruent,incongruent,182,9229,396,422,19,0.043051305051716164,0.04771651358641047,0.004665208534694307,0.010134061219131959,True,0.10777199896924339,1.1137937703065977
I_to_I,I→I,incongruent,incongruent,221,17555,694,706,72,0.039615840762878926,0.10063430471214864,0.06101846394926971,0.011108976710612643,True,0.9979077815684563,2.7126005344418727
I_to_I,I→I,incongruent,incongruent,335,19646,771,715,44,0.03931934168599944,0.062321591888756606,0.023002250202757167,0.008903461446798969,True,0.4848264029346159,1.623893081300629
I_to_I,I→I,incongruent,incongruent,522,8628,131,102,7,0.015462374725194341,0.07082625300325456,0.05536387827806021,0.02153333049395754,True,1.5796964690999826,4.853482405753862
I_to_I,I→I,incongruent,incongruent,569,6542,636,626,148,0.09709378716287198,0.2269375495024292,0.12984376233955722,0.016629854414698293,True,1.0042563291302915,2.7298763882168413
I_to_I,I→I,incongruent,incongruent,677,7307,500,578,92,0.06847095065613303,0.15388597255288136,0.08541502189674834,0.014805720908013294,True,0.9059755532463558,2.4743446009262984
I_to_I,I→I,incongruent,incongruent,878,5539,525,458,85,0.09465316512714436,0.17693533645843038,0.08228217133128601,0.017536034774062494,True,0.7208483627752811,2.056176854820928
I_to_I,I→I,incongruent,incongruent,899,7015,178,174,5,0.02566028225205598,0.03756835786823461,0.011908075616178633,0.013119942803749925,True,0.39351477776379395,1.4821811868937338
I_to_I,I→I,incongruent,incongruent,984,7817,369,344,22,0.047352021802211264,0.06524572410002548,0.017893702297814215,0.012820785683224896,True,0.3395127596017793,1.404263210082537
I_to_I,I→I,incongruent,incongruent,1018,7224,1134,1359,154,0.15653950209326548,0.11227976329524336,-0.044259738798022114,0.009455026438687477,True,-0.38345831922556206,0.6815004829246927
I_to_I,I→I,incongruent,incongruent,1054,6757,241,269,35,0.03590389036040535,0.12325316740364006,0.08734927704323471,0.018822281845754105,True,1.328367567487809,3.774876124602759
I_to_I,I→I,incongruent,incongruent,1127,6758,465,501,84,0.06885205608842103,0.16100798755089601,0.09215593146247499,0.01609063325467534,True,0.9537108749980592,2.595322730063316
I_to_I,I→I,incongruent,incongruent,1182,8541,279,232,20,0.03286762928889567,0.08479692243699917,0.0519292931481035,0.01698622885418289,True,1.0029603796613147,2.726340897764463
I_to_I,I→I,incongruent,incongruent,1354,7715,574,648,90,0.07441124897568503,0.13530762198243476,0.06089637300674973,0.013372454670462315,True,0.6659999525167082,1.9464358920044056
I_to_I,I→I,incongruent,incongruent,1369,7325,385,334,23,0.052688075365375814,0.06967035501403056,0.016982279648654744,0.01341140778911531,True,0.2974751891479728,1.3464549682433693
I_to_I,I→I,incongruent,incongruent,1478,5628,557,628,81,0.0988130243573993,0.1258781822162018,0.027065157858802508,0.01342810933127532,True,0.27257822059473624,1.313346185614497
I_to_I,I→I,incongruent,incongruent,1488,6162,315,349,48,0.05128134898867303,0.13133555282652198,0.08005420383784895,0.017342813561093042,True,1.0285837733791694,2.797101698417516
I_to_I,I→I,incongruent,incongruent,1744,6764,356,393,65,0.05277009387345492,0.15728253726888214,0.10451244339542723,0.017695297451612406,True,1.2090092540138901,3.3501638463993473
I_to_I,I→I,incongruent,incongruent,1941,16395,1306,1389,281,0.0796508685276393,0.1988281655596907,0.1191772970320514,0.01076555683105942,True,1.0534656612844067,2.8675719500993595
I_to_I,I→I,incongruent,incongruent,2046,8310,384,404,23,0.04635261118909523,0.058673108578934284,0.012320497389839057,0.01138226078175081,True,0.24870740209354825,1.2823667603411022
I_to_I,I→I,incongruent,incongruent,2090,6300,495,590,75,0.07855858721709144,0.12394539225268647,0.04538680503559503,0.013551481777330909,True,0.5065071735391014,1.6594847681188305
I_to_I,I→I,incongruent,incongruent,2143,6196,274,294,14,0.04442643976106448,0.05103831463649239,0.0066118748754279075,0.012313185888149664,True,0.14568515846651486,1.1568319119760353
I_to_I,I→I,incongruent,incongruent,2317,7790,655,643,48,0.08404397984653174,0.07475756971161272,-0.009286410134919015,0.010537254534414828,True,-0.12717719662487825,0.8805776233890609
I_to_I,I→I,incongruent,incongruent,2410,7090,451,443,45,0.06368212144866973,0.09952919916150396,0.03584707771283423,0.01391897432844945,True,0.4855844989028535,1.6251246148497398
I_to_I,I→I,incongruent,incongruent,2553,6995,432,531,59,0.06184115795258353,0.10871715040631258,0.04687599245372905,0.0133343811701442,True,0.6154378769608,1.8504666989176441
I_to_I,I→I,incongruent,incongruent,2683,7549,573,688,78,0.07590723836461837,0.11137212337633969,0.03546488501172132,0.012045776104787406,True,0.42249890678544944,1.5257695516090752
I_to_I,I→I,incongruent,incongruent,2718,5992,361,431,75,0.060353407566055166,0.16583416068045106,0.10548075311439589,0.017401452797766632,True,1.129842455978072,3.095168836364438
I_to_I,I→I,incongruent,incongruent,2918,41057,4369,4745,186,0.10638431640712126,0.039506930044354766,-0.0668773863627665,0.003200414309087346,True,-1.0627530316962988,0.34550331822492253
I_to_I,I→I,incongruent,incongruent,3288,6301,748,782,80,0.11844861564718984,0.10106255379911325,-0.01738606184807659,0.011266095964814976,True,-0.17826973205963448,0.8367167037283815
I_to_I,I→I,incongruent,incongruent,3403,5993,184,163,23,0.03100217705335511,0.1285124514195365,0.09751027436618137,0.02356734896280516,True,1.5280291559728347,4.6090840792255365
I_to_I,I→I,incongruent,incongruent,3471,5502,638,698,127,0.11567686696799265,0.17630550456559188,0.06062863759759923,0.014666617213791157,True,0.49244046495930993,1.6363046953803815
I_to_I,I→I,incongruent,incongruent,3497,6691,663,775,63,0.09895592008686063,0.08105861771081793,-0.0178973023760427,0.01022691681140357,True,-0.21917008729892773,0.8031850949516809
I_to_I,I→I,incongruent,incongruent,3605,6310,150,169,25,0.02409960011293107,0.13440748749339632,0.11030788738046525,0.023645741552836268,True,1.8386271634356626,6.287900073839465
I_to_I,I→I,incongruent,incongruent,3875,19695,1936,2233,187,0.09825548139558704,0.08361818548046648,-0.014637295915120557,0.00618012833241868,True,-0.17741187813222625,0.83743479240236
I_to_I,I→I,incongruent,incongruent,3988,8821,673,704,48,0.07629615606874361,0.06862386538909852,-0.0076722906796450885,0.009685337158972468,True,-0.11425389368680561,0.8920314459763421
I_to_I,I→I,incongruent,incongruent,4193,13083,776,809,142,0.05936533022927777,0.17091942989743408,0.11155409966815631,0.013079465425897469,True,1.1837193735993434,3.266500974399302
I_to_I,I→I,incongruent,incongruent,4275,7466,370,353,26,0.04969971818652408,0.07394143964657675,0.02424172146005267,0.01342829341315759,True,0.4231147089942824,1.5267094132238548
I_to_I,I→I,incongruent,incongruent,4344,6821,517,539,62,0.07579944244013234,0.11239974560067642,0.03660030316054408,0.013504745303945976,True,0.43437836121960016,1.5440029484514874
I_to_I,I→I,incongruent,incongruent,4398,7181,362,387,38,0.05055346060887652,0.09618459777365077,0.045631137164774245,0.014491866166705968,True,0.6924919225450452,1.9986899132395
I_to_I,I→I,incongruent,incongruent,4431,9552,1328,1421,154,0.1387712142613327,0.10751324584697336,-0.03125796841435935,0.008838276840070464,True,-0.2908640615356597,0.7476173010585146
I_to_I,I→I,incongruent,incongruent,4484,13254,258,197,4,0.019635180143007986,0.029685372910907882,0.010050192767899896,0.011079035121308322,True,0.4236359581593687,1.5275054166708704
I_to_I,I→I,incongruent,incongruent,4790,6301,535,604,54,0.08485487994747888,0.08861303381820129,0.003758153870722411,0.01172857177528586,True,0.047451528681316635,1.0485953730889455
I_to_I,I→I,incongruent,incongruent,4969,9247,676,713,76,0.07311925791198147,0.10501397358298734,0.031894715671005866,0.011490656883967477,True,0.3970184476244354,1.4873833684879922
I_to_I,I→I,incongruent,incongruent,5058,14123,1900,2203,368,0.13437062382742648,0.16545148730609935,0.031080863478672865,0.008352167551265386,True,0.2446421619125818,1.2771642134264574
I_to_I,I→I,incongruent,incongruent,5119,7447,232,224,21,0.0313925927522572,0.09116724656000555,0.05977465380774835,0.017814419806987267,True,1.1298220181831402,3.095105578584908
I_to_I,I→I,incongruent,incongruent,5256,5960,654,744,178,0.10951298606892683,0.23104922977284925,0.12153624370392242,0.01557982811687804,True,0.8933292374350248,2.4432502863445595
I_to_I,I→I,incongruent,incongruent,5295,9527,384,425,35,0.04045585505023508,0.08185633971990937,0.04140048466967429,0.012865477855755168,True,0.7488588269075809,2.1145855310920467
I_to_I,I→I,incongruent,incongruent,5336,6687,83,80,3,0.012788232641668645,0.05038708762953926,0.03759885498787061,0.01997657162407689,True,1.4100396533250947,4.096117825542642
I_to_I,I→I,incongruent,incongruent,5356,7751,663,735,156,0.08549160988382598,0.20532762257590284,0.11983601269207686,0.014847457681511684,True,1.0166453377153652,2.7639072190799316
I_to_I,I→I,incongruent,incongruent,5383,6599,709,760,123,0.1072566223243437,0.15762940404326659,0.050372781718922885,0.013427684118819335,True,0.4431015448114859,1.5575304854514598
I_to_I,I→I,incongruent,incongruent,5402,9038,659,741,116,0.07292998981085987,0.15249781341951427,0.0795678236086544,0.013146534523523155,True,0.8273859872510687,2.2873318042124446
I_to_I,I→I,incongruent,incongruent,5573,33826,3395,3574,401,0.10033877735900697,0.111809390848099,0.011470613489092035,0.005490049793283835,True,0.1210752233139929,1.1287098144667758
I_to_I,I→I,incongruent,incongruent,5675,38982,2107,2181,177,0.05407330255401304,0.08107284151463633,0.026999538960623286,0.005903149044035926,True,0.43396566946838355,1.5433658826357528
I_to_I,I→I,incongruent,incongruent,5886,5795,916,944,170,0.15751558914551275,0.17592811130741073,0.018412522161897982,0.013038625836389928,True,0.13264841000193006,1.14184846524783
I_to_I,I→I,incongruent,incongruent,6003,6191,273,211,40,0.044301590741014425,0.17175713864020037,0.12745554789918595,0.023926961223697328,True,1.4981968791866558,4.473615324653321
I_to_I,I→I,incongruent,incongruent,6181,6584,273,284,39,0.04167297901575196,0.1299036049035603,0.08823062588780833,0.01882497065439553,True,1.2335248143985682,3.4333100136325974
I_to_I,I→I,incongruent,incongruent,6194,10366,166,137,5,0.01624334804343926,0.04544531400720003,0.029201965963760772,0.015683572135434514,True,1.0589598665651647,2.88337033910549
I_to_I,I→I,incongruent,incongruent,6474,7830,1467,1987,595,0.18680038724082654,0.29510443282702786,0.10830404558620133,0.01104085893432628,True,0.600215649850164,1.8225117824085277
I_to_I,I→I,incongruent,incongruent,6519,8112,631,678,148,0.07777981213250511,0.21048976979394016,0.13270995766143506,0.015495214353023432,True,1.1509263581116342,3.1611198828130997
I_to_I,I→I,incongruent,incongruent,6591,9492,585,500,54,0.061692453531075164,0.10569608354902085,0.04400363001794569,0.013452370477702978,True,0.5864383265779329,1.7975746264959354
I_to_I,I→I,incongruent,incongruent,6609,8214,70,51,3,0.008847146061856024,0.06653897033249392,0.057691824270637904,0.026079029330553328,True,2.077662416846277,7.985779654966978
I_to_I,I→I,incongruent,incongruent,6786,6693,738,822,131,0.11006656928888699,0.15557126209161698,0.04550469280272999,0.012917600854508054,True,0.3985048597127947,1.4895958770493094
I_to_I,I→I,incongruent,incongruent,6858,8417,540,516,36,0.06421352828847113,0.07024643769358001,0.00603290940510888,0.01115677508645235,True,0.09626344611252602,1.1010490928920313
I_to_I,I→I,incongruent,incongruent,6946,6857,664,785,170,0.09671902387454523,0.2098561424306257,0.11313711855608047,0.014613076498273926,True,0.9084307823990765,2.4804271478921445
I_to_I,I→I,incongruent,incongruent,7097,6201,739,758,82,0.1189044887722367,0.10661199567780061,-0.012292493094436086,0.011664961035951894,True,-0.12297946975481455,0.8842818168969777
I_to_I,I→I,incongruent,incongruent,7109,7305,102,89,9,0.014299148409359643,0.09356145155883706,0.07926230314947742,0.02563137510676886,True,1.9622481472685287,7.1153053519477165
I_to_I,I→I,incongruent,incongruent,7332,7828,915,891,63,0.11668552790169331,0.07095316376630227,-0.04573236413539104,0.009157940312045969,True,-0.5479404019266765,0.5781393196333474
I_to_I,I→I,incongruent,incongruent,7522,8763,521,582,67,0.05953099133944326,0.11266816004638362,0.053137168706940366,0.012921642290464086,True,0.6961094907068786,2.005933404246729
I_to_I,I→I,incongruent,incongruent,7643,6972,984,999,223,0.14077218369652092,0.21764722213533658,0.07687503843881566,0.013455862648700996,True,0.5294609761705877,1.6980167903848857
I_to_I,I→I,incongruent,incongruent,7652,10397,1005,1041,166,0.09658628312926568,0.15643190188926823,0.05984561876000255,0.011418417282202834,True,0.5507240242327338,1.7345083894586768
I_to_I,I→I,incongruent,incongruent,7735,10456,506,625,115,0.04849899444562274,0.17761527730888726,0.12911628286326454,0.01496306346613342,True,1.4439092086045042,4.2372276896174865
I_to_I,I→I,incongruent,incongruent,7862,7733,575,692,91,0.07436758170170883,0.12853557369328694,0.05416799199157811,0.01271937442740836,True,0.6074877411922375,1.8358135618195242
I_to_I,I→I,incongruent,incongruent,8503,5571,781,937,226,0.13974229263727483,0.23453884673760633,0.0947965541003315,0.014321027200653024,True,0.6345748096107318,1.8862199683300906
