age_group,analysis_group,source,congruency,congruency_code,quantile_bin,rt_lower,rt_upper,median_rt,mean_rt,accuracy,ci95_low,ci95_high,n_trials,n_participants,ci_method
Older,older_80_89,Human,Congruent,0,1,0.151,0.704,0.664,0.6512549800796813,0.9721115537848606,0.9448818897637795,0.98989898989899,502,3,participant_bootstrap
Older,older_80_89,Human,Congruent,0,2,0.704,0.777,0.7415,0.7406334661354582,0.9920318725099602,0.9890637598924892,0.994475138121547,502,4,participant_bootstrap
Older,older_80_89,Human,Congruent,0,3,0.777,0.881,0.823,0.8243605577689245,0.9940239043824701,0.9899328859060402,1.0,502,4,participant_bootstrap
Older,older_80_89,Human,Congruent,0,4,0.881,1.047,0.9575,0.9590298804780877,0.9940239043824701,0.9834710743801653,0.9987893462469734,502,4,participant_bootstrap
Older,older_80_89,Human,Congruent,0,5,1.047,8.018,1.191,1.3146546906187626,0.998003992015968,0.985781990521327,1.0,501,4,participant_bootstrap
Older,older_80_89,Human,Incongruent,1,1,0.174,0.779,0.72,0.7034669338677355,0.8837675350701403,0.8208955223880597,0.9417879417879418,499,4,participant_bootstrap
Older,older_80_89,Human,Incongruent,1,2,0.78,0.878,0.83,0.8277208835341366,0.963855421686747,0.9570637119113573,0.9785714285714285,498,4,participant_bootstrap
Older,older_80_89,Human,Incongruent,1,3,0.878,0.989,0.9335,0.9331124497991968,0.9839357429718876,0.9770114942528736,0.994413407821229,498,4,participant_bootstrap
Older,older_80_89,Human,Incongruent,1,4,0.99,1.135,1.055,1.0571546184738956,0.9839357429718876,0.9731051344743277,0.990521327014218,498,4,participant_bootstrap
Older,older_80_89,Human,Incongruent,1,5,1.136,6.419,1.263,1.4010180722891568,0.9899598393574297,0.9736842105263158,0.9934579439252337,498,4,participant_bootstrap
Older,older_80_89,Model,Congruent,0,1,0.31233165,0.6591928,0.56559375,0.5480101569521914,1.0,1.0,1.0,502,4,participant_bootstrap
Older,older_80_89,Model,Congruent,0,2,0.65935314,0.77478975,0.72034031,0.7196708786454183,1.0,1.0,1.0,502,4,participant_bootstrap
Older,older_80_89,Model,Congruent,0,3,0.774847,0.8770765,0.82043648,0.8227432314541832,1.0,1.0,1.0,502,4,participant_bootstrap
Older,older_80_89,Model,Congruent,0,4,0.8771677,0.9876071,0.9247109,0.9266128076693227,1.0,1.0,1.0,502,4,participant_bootstrap
Older,older_80_89,Model,Congruent,0,5,0.9877735,1.34,1.0728776,1.0974879771057884,1.0,1.0,1.0,501,4,participant_bootstrap
Older,older_80_89,Model,Incongruent,1,1,0.32,0.76338094,0.6623686,0.635097996252505,0.5771543086172345,0.5632183908045977,0.5932584269662922,499,4,participant_bootstrap
Older,older_80_89,Model,Incongruent,1,2,0.7634393,0.90124196,0.83438722,0.8351519668273092,0.5642570281124498,0.5129511668797954,0.6085192697768763,498,4,participant_bootstrap
Older,older_80_89,Model,Incongruent,1,3,0.90174973,1.0472578,0.96811812,0.9727371501204817,0.6465863453815262,0.6274509803921569,0.668859649122807,498,4,participant_bootstrap
Older,older_80_89,Model,Incongruent,1,4,1.0476733,1.2772038,1.13042235,1.1409776457831329,0.7289156626506024,0.694949494949495,0.7509157509157509,498,4,participant_bootstrap
Older,older_80_89,Model,Incongruent,1,5,1.2784421,2.01,1.4641958000000002,1.4979954993975904,0.7771084337349398,0.7588532883642496,0.7978494623655914,498,4,participant_bootstrap
Young,young_20_29,Human,Congruent,0,1,0.161,0.491,0.461,0.45533133732534925,0.9780439121756487,0.9429677859323244,0.9896974409740563,501,11,participant_bootstrap
Young,young_20_29,Human,Congruent,0,2,0.491,0.538,0.516,0.5155728542914171,0.9840319361277445,0.9703088722262398,1.0,501,12,participant_bootstrap
Young,young_20_29,Human,Congruent,0,3,0.538,0.584,0.56,0.5606700000000001,0.984,0.97685403400874,0.993367032628545,500,12,participant_bootstrap
Young,young_20_29,Human,Congruent,0,4,0.584,0.648,0.61,0.6124780000000001,0.978,0.9701134622434879,0.9875909099677836,500,12,participant_bootstrap
Young,young_20_29,Human,Congruent,0,5,0.648,2.112,0.7095,0.762116,0.986,0.9782147842903074,1.0,500,12,participant_bootstrap
Young,young_20_29,Human,Incongruent,1,1,0.161,0.52,0.488,0.4793720000000001,0.854,0.7277090924865521,0.9202550930472665,500,11,participant_bootstrap
Young,young_20_29,Human,Incongruent,1,2,0.52,0.576,0.551,0.5500360000000001,0.888,0.8474222658252462,0.9201745148187153,500,12,participant_bootstrap
Young,young_20_29,Human,Incongruent,1,3,0.576,0.632,0.604,0.60365,0.922,0.8990118985522936,0.9413372439478584,500,12,participant_bootstrap
Young,young_20_29,Human,Incongruent,1,4,0.632,0.703,0.664,0.6649539078156312,0.9478957915831663,0.920536464901219,0.968058113475492,499,12,participant_bootstrap
Young,young_20_29,Human,Incongruent,1,5,0.703,3.53,0.772,0.8269919839679358,0.9719438877755511,0.9618668981099713,0.9811561250185158,499,12,participant_bootstrap
Young,young_20_29,Model,Congruent,0,1,0.26999998,0.4827946,0.4344479,0.4189108374251497,1.0,1.0,1.0,501,12,participant_bootstrap
Young,young_20_29,Model,Congruent,0,2,0.4829753,0.55220973,0.52154213,0.5206635436726547,1.0,1.0,1.0,501,12,participant_bootstrap
Young,young_20_29,Model,Congruent,0,3,0.5522215,0.61616707,0.5831278200000001,0.5833838058999999,1.0,1.0,1.0,500,12,participant_bootstrap
Young,young_20_29,Model,Congruent,0,4,0.6161928,0.688374,0.6471198499999999,0.6496042416200001,1.0,1.0,1.0,500,12,participant_bootstrap
Young,young_20_29,Model,Congruent,0,5,0.6884325,0.92,0.7416389,0.75430751576,1.0,1.0,1.0,500,12,participant_bootstrap
Young,young_20_29,Model,Incongruent,1,1,0.28,0.52667916,0.471617015,0.45942279958,0.62,0.5720861174803429,0.6889976415094339,500,12,participant_bootstrap
Young,young_20_29,Model,Incongruent,1,2,0.52670133,0.5946426,0.56344415,0.56228187186,0.592,0.535242623533594,0.6268098312186134,500,12,participant_bootstrap
Young,young_20_29,Model,Incongruent,1,3,0.59477705,0.6630959,0.6302258000000001,0.6293400813200001,0.624,0.5848301812807288,0.6653500505920428,500,12,participant_bootstrap
Young,young_20_29,Model,Incongruent,1,4,0.6631523,0.73834807,0.69540876,0.6971930329659318,0.6733466933867736,0.6451612903225806,0.7307694683841472,499,12,participant_bootstrap
Young,young_20_29,Model,Incongruent,1,5,0.7383663,1.437276,0.8013806,0.8454380949298596,0.7555110220440882,0.7206742223321047,0.7990640394088669,499,12,participant_bootstrap
