n_trials,crossing_rate,fallback_rate,p_choice_0,p_choice_1,p_choice_2,p_choice_3,target_accuracy,flanker_response_proportion,other_response_proportion,hard_first_crossing_time_mean,final_rt_mean,final_rt_sd,final_rt_median,q10,q25,q50,q75,q90,q95,skewness,kurtosis,min,max,correct_mean_decision_time,error_mean_decision_time,error_minus_correct_decision_time,fast_error_proportion,no_crossing_proportion,analysis_group,age_group,condition,seed,evidence_scale,evidence_gap,target_channel
1000,0.0,1.0,1.0,0.0,0.0,0.0,1.0,0.0,0.0,0.7899999999999998,1.5399999999999996,4.443114211273408e-16,1.54,1.54,1.54,1.54,1.54,1.54,1.54,,,1.54,1.54,0.7899999999999998,,,0.0,1.0,older_80_89,Older,equal_deterministic,20260801,0.8357658386230469,,
1000,0.004,0.996,0.268,0.241,0.246,0.245,0.268,0.241,0.491,0.7881399999999998,1.5381399999999994,0.0340396694916255,1.54,1.54,1.54,1.54,1.54,1.54,1.54,-19.746506198261933,403.76000981972226,0.76,1.54,0.7885447761194029,0.7879918032786886,-0.0005529728407143164,0.732,0.996,older_80_89,Older,noise_only,20260801,0.8357658386230469,,
1000,0.0,1.0,1.0,0.0,0.0,0.0,1.0,0.0,0.0,0.7899999999999998,1.5399999999999996,4.443114211273408e-16,1.54,1.54,1.54,1.54,1.54,1.54,1.54,,,1.54,1.54,0.7899999999999998,,,0.0,1.0,older_80_89,Older,weak_target_advantage,20260801,0.8357658386230469,,
1000,0.0,1.0,1.0,0.0,0.0,0.0,1.0,0.0,0.0,0.7899999999999998,1.5399999999999996,4.443114211273408e-16,1.54,1.54,1.54,1.54,1.54,1.54,1.54,,,1.54,1.54,0.7899999999999998,,,0.0,1.0,older_80_89,Older,moderate_target_advantage,20260801,0.8357658386230469,,
1000,1.0,0.0,1.0,0.0,0.0,0.0,1.0,0.0,0.0,0.2599999999999999,1.01,0.0,1.01,1.01,1.01,1.01,1.01,1.01,1.01,,,1.01,1.01,0.2599999999999999,,,0.0,0.0,older_80_89,Older,strong_target_advantage,20260801,0.8357658386230469,,
1000,1.0,0.0,1.0,0.0,0.0,0.0,1.0,0.0,0.0,0.7100000000000002,1.4600000000000004,4.443114211273408e-16,1.46,1.46,1.46,1.46,1.46,1.46,1.46,,,1.46,1.46,0.7100000000000002,,,0.0,0.0,older_80_89,Older,early_flanker_capture_target_recovery,20260801,0.8357658386230469,,
1000,0.0,1.0,0.0,1.0,0.0,0.0,0.0,1.0,0.0,0.7899999999999998,1.5399999999999996,4.443114211273408e-16,1.54,1.54,1.54,1.54,1.54,1.54,1.54,,,1.54,1.54,,0.7899999999999998,,1.0,1.0,older_80_89,Older,target_first_late_flanker,20260801,0.8357658386230469,,
1000,0.0,1.0,1.0,0.0,0.0,0.0,1.0,0.0,0.0,0.7899999999999998,1.5399999999999996,4.443114211273408e-16,1.54,1.54,1.54,1.54,1.54,1.54,1.54,,,1.54,1.54,0.7899999999999998,,,0.0,1.0,older_80_89,Older,evidence_strength_sweep,20260801,0.8357658386230469,0.0,
1000,0.0,1.0,1.0,0.0,0.0,0.0,1.0,0.0,0.0,0.7899999999999998,1.5399999999999996,4.443114211273408e-16,1.54,1.54,1.54,1.54,1.54,1.54,1.54,,,1.54,1.54,0.7899999999999998,,,0.0,1.0,older_80_89,Older,evidence_strength_sweep,20260801,0.8357658386230469,0.1671531677246094,
1000,0.0,1.0,1.0,0.0,0.0,0.0,1.0,0.0,0.0,0.7899999999999998,1.5399999999999996,4.443114211273408e-16,1.54,1.54,1.54,1.54,1.54,1.54,1.54,,,1.54,1.54,0.7899999999999998,,,0.0,1.0,older_80_89,Older,evidence_strength_sweep,20260801,0.8357658386230469,0.3343063354492188,
1000,0.0,1.0,1.0,0.0,0.0,0.0,1.0,0.0,0.0,0.7899999999999998,1.5399999999999996,4.443114211273408e-16,1.54,1.54,1.54,1.54,1.54,1.54,1.54,,,1.54,1.54,0.7899999999999998,,,0.0,1.0,older_80_89,Older,evidence_strength_sweep,20260801,0.8357658386230469,0.5014595031738281,
1000,1.0,0.0,1.0,0.0,0.0,0.0,1.0,0.0,0.0,0.4400000000000001,1.19,0.0,1.19,1.19,1.19,1.19,1.19,1.19,1.19,,,1.19,1.19,0.4400000000000001,,,0.0,0.0,older_80_89,Older,evidence_strength_sweep,20260801,0.8357658386230469,0.6686126708984376,
1000,1.0,0.0,1.0,0.0,0.0,0.0,1.0,0.0,0.0,0.2599999999999999,1.01,0.0,1.01,1.01,1.01,1.01,1.01,1.01,1.01,,,1.01,1.01,0.2599999999999999,,,0.0,0.0,older_80_89,Older,evidence_strength_sweep,20260801,0.8357658386230469,0.835765838623047,
1000,1.0,0.0,1.0,0.0,0.0,0.0,1.0,0.0,0.0,0.16999999999999996,0.9200000000000002,1.110778552818352e-16,0.92,0.92,0.92,0.92,0.92,0.92,0.92,,,0.92,0.92,0.16999999999999996,,,0.0,0.0,older_80_89,Older,evidence_strength_sweep,20260801,0.8357658386230469,1.0029190063476563,
1000,1.0,0.0,1.0,0.0,0.0,0.0,1.0,0.0,0.0,0.4400000000000001,1.19,0.0,1.19,1.19,1.19,1.19,1.19,1.19,1.19,,,1.19,1.19,0.4400000000000001,,,0.0,0.0,older_80_89,Older,channel_permutation,20260801,0.8357658386230469,,0.0
1000,1.0,0.0,0.0,1.0,0.0,0.0,1.0,0.0,0.0,0.4400000000000001,1.19,0.0,1.19,1.19,1.19,1.19,1.19,1.19,1.19,,,1.19,1.19,0.4400000000000001,,,0.0,0.0,older_80_89,Older,channel_permutation,20260801,0.8357658386230469,,1.0
1000,1.0,0.0,0.0,0.0,1.0,0.0,1.0,0.0,0.0,0.4400000000000001,1.19,0.0,1.19,1.19,1.19,1.19,1.19,1.19,1.19,,,1.19,1.19,0.4400000000000001,,,0.0,0.0,older_80_89,Older,channel_permutation,20260801,0.8357658386230469,,2.0
1000,1.0,0.0,0.0,0.0,0.0,1.0,1.0,0.0,0.0,0.4400000000000001,1.19,0.0,1.19,1.19,1.19,1.19,1.19,1.19,1.19,,,1.19,1.19,0.4400000000000001,,,0.0,0.0,older_80_89,Older,channel_permutation,20260801,0.8357658386230469,,3.0
1000,0.0,1.0,1.0,0.0,0.0,0.0,1.0,0.0,0.0,0.7899999999999998,1.5399999999999996,4.443114211273408e-16,1.54,1.54,1.54,1.54,1.54,1.54,1.54,,,1.54,1.54,0.7899999999999998,,,0.0,1.0,older_80_89,Older,equal_deterministic,20260802,0.8357658386230469,,
1000,0.002,0.998,0.262,0.241,0.238,0.259,0.262,0.241,0.497,0.7889399999999999,1.5389399999999995,0.023728452107953428,1.54,1.54,1.54,1.54,1.54,1.54,1.54,-22.400727258807112,501.3754187054718,0.98,1.54,0.7899999999999998,0.7885636856368564,-0.0014363143631433983,0.738,0.998,older_80_89,Older,noise_only,20260802,0.8357658386230469,,
1000,0.0,1.0,1.0,0.0,0.0,0.0,1.0,0.0,0.0,0.7899999999999998,1.5399999999999996,4.443114211273408e-16,1.54,1.54,1.54,1.54,1.54,1.54,1.54,,,1.54,1.54,0.7899999999999998,,,0.0,1.0,older_80_89,Older,weak_target_advantage,20260802,0.8357658386230469,,
1000,0.0,1.0,1.0,0.0,0.0,0.0,1.0,0.0,0.0,0.7899999999999998,1.5399999999999996,4.443114211273408e-16,1.54,1.54,1.54,1.54,1.54,1.54,1.54,,,1.54,1.54,0.7899999999999998,,,0.0,1.0,older_80_89,Older,moderate_target_advantage,20260802,0.8357658386230469,,
1000,1.0,0.0,1.0,0.0,0.0,0.0,1.0,0.0,0.0,0.2599999999999999,1.01,0.0,1.01,1.01,1.01,1.01,1.01,1.01,1.01,,,1.01,1.01,0.2599999999999999,,,0.0,0.0,older_80_89,Older,strong_target_advantage,20260802,0.8357658386230469,,
1000,1.0,0.0,1.0,0.0,0.0,0.0,1.0,0.0,0.0,0.7100000000000002,1.4600000000000004,4.443114211273408e-16,1.46,1.46,1.46,1.46,1.46,1.46,1.46,,,1.46,1.46,0.7100000000000002,,,0.0,0.0,older_80_89,Older,early_flanker_capture_target_recovery,20260802,0.8357658386230469,,
1000,0.0,1.0,0.0,1.0,0.0,0.0,0.0,1.0,0.0,0.7899999999999998,1.5399999999999996,4.443114211273408e-16,1.54,1.54,1.54,1.54,1.54,1.54,1.54,,,1.54,1.54,,0.7899999999999998,,1.0,1.0,older_80_89,Older,target_first_late_flanker,20260802,0.8357658386230469,,
1000,0.0,1.0,1.0,0.0,0.0,0.0,1.0,0.0,0.0,0.7899999999999998,1.5399999999999996,4.443114211273408e-16,1.54,1.54,1.54,1.54,1.54,1.54,1.54,,,1.54,1.54,0.7899999999999998,,,0.0,1.0,older_80_89,Older,evidence_strength_sweep,20260802,0.8357658386230469,0.0,
1000,0.0,1.0,1.0,0.0,0.0,0.0,1.0,0.0,0.0,0.7899999999999998,1.5399999999999996,4.443114211273408e-16,1.54,1.54,1.54,1.54,1.54,1.54,1.54,,,1.54,1.54,0.7899999999999998,,,0.0,1.0,older_80_89,Older,evidence_strength_sweep,20260802,0.8357658386230469,0.1671531677246094,
1000,0.0,1.0,1.0,0.0,0.0,0.0,1.0,0.0,0.0,0.7899999999999998,1.5399999999999996,4.443114211273408e-16,1.54,1.54,1.54,1.54,1.54,1.54,1.54,,,1.54,1.54,0.7899999999999998,,,0.0,1.0,older_80_89,Older,evidence_strength_sweep,20260802,0.8357658386230469,0.3343063354492188,
1000,0.0,1.0,1.0,0.0,0.0,0.0,1.0,0.0,0.0,0.7899999999999998,1.5399999999999996,4.443114211273408e-16,1.54,1.54,1.54,1.54,1.54,1.54,1.54,,,1.54,1.54,0.7899999999999998,,,0.0,1.0,older_80_89,Older,evidence_strength_sweep,20260802,0.8357658386230469,0.5014595031738281,
1000,1.0,0.0,1.0,0.0,0.0,0.0,1.0,0.0,0.0,0.4400000000000001,1.19,0.0,1.19,1.19,1.19,1.19,1.19,1.19,1.19,,,1.19,1.19,0.4400000000000001,,,0.0,0.0,older_80_89,Older,evidence_strength_sweep,20260802,0.8357658386230469,0.6686126708984376,
1000,1.0,0.0,1.0,0.0,0.0,0.0,1.0,0.0,0.0,0.2599999999999999,1.01,0.0,1.01,1.01,1.01,1.01,1.01,1.01,1.01,,,1.01,1.01,0.2599999999999999,,,0.0,0.0,older_80_89,Older,evidence_strength_sweep,20260802,0.8357658386230469,0.835765838623047,
1000,1.0,0.0,1.0,0.0,0.0,0.0,1.0,0.0,0.0,0.16999999999999996,0.9200000000000002,1.110778552818352e-16,0.92,0.92,0.92,0.92,0.92,0.92,0.92,,,0.92,0.92,0.16999999999999996,,,0.0,0.0,older_80_89,Older,evidence_strength_sweep,20260802,0.8357658386230469,1.0029190063476563,
1000,1.0,0.0,1.0,0.0,0.0,0.0,1.0,0.0,0.0,0.4400000000000001,1.19,0.0,1.19,1.19,1.19,1.19,1.19,1.19,1.19,,,1.19,1.19,0.4400000000000001,,,0.0,0.0,older_80_89,Older,channel_permutation,20260802,0.8357658386230469,,0.0
1000,1.0,0.0,0.0,1.0,0.0,0.0,1.0,0.0,0.0,0.4400000000000001,1.19,0.0,1.19,1.19,1.19,1.19,1.19,1.19,1.19,,,1.19,1.19,0.4400000000000001,,,0.0,0.0,older_80_89,Older,channel_permutation,20260802,0.8357658386230469,,1.0
1000,1.0,0.0,0.0,0.0,1.0,0.0,1.0,0.0,0.0,0.4400000000000001,1.19,0.0,1.19,1.19,1.19,1.19,1.19,1.19,1.19,,,1.19,1.19,0.4400000000000001,,,0.0,0.0,older_80_89,Older,channel_permutation,20260802,0.8357658386230469,,2.0
1000,1.0,0.0,0.0,0.0,0.0,1.0,1.0,0.0,0.0,0.4400000000000001,1.19,0.0,1.19,1.19,1.19,1.19,1.19,1.19,1.19,,,1.19,1.19,0.4400000000000001,,,0.0,0.0,older_80_89,Older,channel_permutation,20260802,0.8357658386230469,,3.0
1000,0.0,1.0,1.0,0.0,0.0,0.0,1.0,0.0,0.0,0.7899999999999998,1.5399999999999996,4.443114211273408e-16,1.54,1.54,1.54,1.54,1.54,1.54,1.54,,,1.54,1.54,0.7899999999999998,,,0.0,1.0,older_80_89,Older,equal_deterministic,20260803,0.8357658386230469,,
1000,0.003,0.997,0.249,0.23,0.255,0.266,0.249,0.23,0.521,0.7894599999999998,1.5394599999999996,0.01084555328353635,1.54,1.54,1.54,1.54,1.54,1.54,1.54,-21.852208148148836,495.1154457402518,1.27,1.54,0.7889156626506024,0.7896404793608524,0.0007248167102499314,0.751,0.997,older_80_89,Older,noise_only,20260803,0.8357658386230469,,
1000,0.0,1.0,1.0,0.0,0.0,0.0,1.0,0.0,0.0,0.7899999999999998,1.5399999999999996,4.443114211273408e-16,1.54,1.54,1.54,1.54,1.54,1.54,1.54,,,1.54,1.54,0.7899999999999998,,,0.0,1.0,older_80_89,Older,weak_target_advantage,20260803,0.8357658386230469,,
1000,0.0,1.0,1.0,0.0,0.0,0.0,1.0,0.0,0.0,0.7899999999999998,1.5399999999999996,4.443114211273408e-16,1.54,1.54,1.54,1.54,1.54,1.54,1.54,,,1.54,1.54,0.7899999999999998,,,0.0,1.0,older_80_89,Older,moderate_target_advantage,20260803,0.8357658386230469,,
1000,1.0,0.0,1.0,0.0,0.0,0.0,1.0,0.0,0.0,0.2599999999999999,1.01,0.0,1.01,1.01,1.01,1.01,1.01,1.01,1.01,,,1.01,1.01,0.2599999999999999,,,0.0,0.0,older_80_89,Older,strong_target_advantage,20260803,0.8357658386230469,,
1000,1.0,0.0,1.0,0.0,0.0,0.0,1.0,0.0,0.0,0.7100000000000002,1.4600000000000004,4.443114211273408e-16,1.46,1.46,1.46,1.46,1.46,1.46,1.46,,,1.46,1.46,0.7100000000000002,,,0.0,0.0,older_80_89,Older,early_flanker_capture_target_recovery,20260803,0.8357658386230469,,
1000,0.0,1.0,0.0,1.0,0.0,0.0,0.0,1.0,0.0,0.7899999999999998,1.5399999999999996,4.443114211273408e-16,1.54,1.54,1.54,1.54,1.54,1.54,1.54,,,1.54,1.54,,0.7899999999999998,,1.0,1.0,older_80_89,Older,target_first_late_flanker,20260803,0.8357658386230469,,
1000,0.0,1.0,1.0,0.0,0.0,0.0,1.0,0.0,0.0,0.7899999999999998,1.5399999999999996,4.443114211273408e-16,1.54,1.54,1.54,1.54,1.54,1.54,1.54,,,1.54,1.54,0.7899999999999998,,,0.0,1.0,older_80_89,Older,evidence_strength_sweep,20260803,0.8357658386230469,0.0,
1000,0.0,1.0,1.0,0.0,0.0,0.0,1.0,0.0,0.0,0.7899999999999998,1.5399999999999996,4.443114211273408e-16,1.54,1.54,1.54,1.54,1.54,1.54,1.54,,,1.54,1.54,0.7899999999999998,,,0.0,1.0,older_80_89,Older,evidence_strength_sweep,20260803,0.8357658386230469,0.1671531677246094,
1000,0.0,1.0,1.0,0.0,0.0,0.0,1.0,0.0,0.0,0.7899999999999998,1.5399999999999996,4.443114211273408e-16,1.54,1.54,1.54,1.54,1.54,1.54,1.54,,,1.54,1.54,0.7899999999999998,,,0.0,1.0,older_80_89,Older,evidence_strength_sweep,20260803,0.8357658386230469,0.3343063354492188,
1000,0.0,1.0,1.0,0.0,0.0,0.0,1.0,0.0,0.0,0.7899999999999998,1.5399999999999996,4.443114211273408e-16,1.54,1.54,1.54,1.54,1.54,1.54,1.54,,,1.54,1.54,0.7899999999999998,,,0.0,1.0,older_80_89,Older,evidence_strength_sweep,20260803,0.8357658386230469,0.5014595031738281,
1000,1.0,0.0,1.0,0.0,0.0,0.0,1.0,0.0,0.0,0.4400000000000001,1.19,0.0,1.19,1.19,1.19,1.19,1.19,1.19,1.19,,,1.19,1.19,0.4400000000000001,,,0.0,0.0,older_80_89,Older,evidence_strength_sweep,20260803,0.8357658386230469,0.6686126708984376,
1000,1.0,0.0,1.0,0.0,0.0,0.0,1.0,0.0,0.0,0.2599999999999999,1.01,0.0,1.01,1.01,1.01,1.01,1.01,1.01,1.01,,,1.01,1.01,0.2599999999999999,,,0.0,0.0,older_80_89,Older,evidence_strength_sweep,20260803,0.8357658386230469,0.835765838623047,
1000,1.0,0.0,1.0,0.0,0.0,0.0,1.0,0.0,0.0,0.16999999999999996,0.9200000000000002,1.110778552818352e-16,0.92,0.92,0.92,0.92,0.92,0.92,0.92,,,0.92,0.92,0.16999999999999996,,,0.0,0.0,older_80_89,Older,evidence_strength_sweep,20260803,0.8357658386230469,1.0029190063476563,
1000,1.0,0.0,1.0,0.0,0.0,0.0,1.0,0.0,0.0,0.4400000000000001,1.19,0.0,1.19,1.19,1.19,1.19,1.19,1.19,1.19,,,1.19,1.19,0.4400000000000001,,,0.0,0.0,older_80_89,Older,channel_permutation,20260803,0.8357658386230469,,0.0
1000,1.0,0.0,0.0,1.0,0.0,0.0,1.0,0.0,0.0,0.4400000000000001,1.19,0.0,1.19,1.19,1.19,1.19,1.19,1.19,1.19,,,1.19,1.19,0.4400000000000001,,,0.0,0.0,older_80_89,Older,channel_permutation,20260803,0.8357658386230469,,1.0
1000,1.0,0.0,0.0,0.0,1.0,0.0,1.0,0.0,0.0,0.4400000000000001,1.19,0.0,1.19,1.19,1.19,1.19,1.19,1.19,1.19,,,1.19,1.19,0.4400000000000001,,,0.0,0.0,older_80_89,Older,channel_permutation,20260803,0.8357658386230469,,2.0
1000,1.0,0.0,0.0,0.0,0.0,1.0,1.0,0.0,0.0,0.4400000000000001,1.19,0.0,1.19,1.19,1.19,1.19,1.19,1.19,1.19,,,1.19,1.19,0.4400000000000001,,,0.0,0.0,older_80_89,Older,channel_permutation,20260803,0.8357658386230469,,3.0
1000,0.0,1.0,1.0,0.0,0.0,0.0,1.0,0.0,0.0,0.7899999999999998,1.5399999999999996,4.443114211273408e-16,1.54,1.54,1.54,1.54,1.54,1.54,1.54,,,1.54,1.54,0.7899999999999998,,,0.0,1.0,older_80_89,Older,equal_deterministic,20260804,0.8357658386230469,,
1000,0.002,0.998,0.259,0.263,0.22,0.258,0.259,0.263,0.478,0.7894399999999998,1.5394399999999997,0.012587487630375049,1.54,1.54,1.54,1.54,1.54,1.54,1.54,-22.672082913468206,517.464680856341,1.23,1.54,0.7899999999999999,0.7892442645074226,-0.0007557354925773474,0.741,0.998,older_80_89,Older,noise_only,20260804,0.8357658386230469,,
1000,0.0,1.0,1.0,0.0,0.0,0.0,1.0,0.0,0.0,0.7899999999999998,1.5399999999999996,4.443114211273408e-16,1.54,1.54,1.54,1.54,1.54,1.54,1.54,,,1.54,1.54,0.7899999999999998,,,0.0,1.0,older_80_89,Older,weak_target_advantage,20260804,0.8357658386230469,,
1000,0.0,1.0,1.0,0.0,0.0,0.0,1.0,0.0,0.0,0.7899999999999998,1.5399999999999996,4.443114211273408e-16,1.54,1.54,1.54,1.54,1.54,1.54,1.54,,,1.54,1.54,0.7899999999999998,,,0.0,1.0,older_80_89,Older,moderate_target_advantage,20260804,0.8357658386230469,,
1000,1.0,0.0,1.0,0.0,0.0,0.0,1.0,0.0,0.0,0.2599999999999999,1.01,0.0,1.01,1.01,1.01,1.01,1.01,1.01,1.01,,,1.01,1.01,0.2599999999999999,,,0.0,0.0,older_80_89,Older,strong_target_advantage,20260804,0.8357658386230469,,
1000,1.0,0.0,1.0,0.0,0.0,0.0,1.0,0.0,0.0,0.7100000000000002,1.4600000000000004,4.443114211273408e-16,1.46,1.46,1.46,1.46,1.46,1.46,1.46,,,1.46,1.46,0.7100000000000002,,,0.0,0.0,older_80_89,Older,early_flanker_capture_target_recovery,20260804,0.8357658386230469,,
1000,0.0,1.0,0.0,1.0,0.0,0.0,0.0,1.0,0.0,0.7899999999999998,1.5399999999999996,4.443114211273408e-16,1.54,1.54,1.54,1.54,1.54,1.54,1.54,,,1.54,1.54,,0.7899999999999998,,1.0,1.0,older_80_89,Older,target_first_late_flanker,20260804,0.8357658386230469,,
1000,0.0,1.0,1.0,0.0,0.0,0.0,1.0,0.0,0.0,0.7899999999999998,1.5399999999999996,4.443114211273408e-16,1.54,1.54,1.54,1.54,1.54,1.54,1.54,,,1.54,1.54,0.7899999999999998,,,0.0,1.0,older_80_89,Older,evidence_strength_sweep,20260804,0.8357658386230469,0.0,
1000,0.0,1.0,1.0,0.0,0.0,0.0,1.0,0.0,0.0,0.7899999999999998,1.5399999999999996,4.443114211273408e-16,1.54,1.54,1.54,1.54,1.54,1.54,1.54,,,1.54,1.54,0.7899999999999998,,,0.0,1.0,older_80_89,Older,evidence_strength_sweep,20260804,0.8357658386230469,0.1671531677246094,
1000,0.0,1.0,1.0,0.0,0.0,0.0,1.0,0.0,0.0,0.7899999999999998,1.5399999999999996,4.443114211273408e-16,1.54,1.54,1.54,1.54,1.54,1.54,1.54,,,1.54,1.54,0.7899999999999998,,,0.0,1.0,older_80_89,Older,evidence_strength_sweep,20260804,0.8357658386230469,0.3343063354492188,
1000,0.0,1.0,1.0,0.0,0.0,0.0,1.0,0.0,0.0,0.7899999999999998,1.5399999999999996,4.443114211273408e-16,1.54,1.54,1.54,1.54,1.54,1.54,1.54,,,1.54,1.54,0.7899999999999998,,,0.0,1.0,older_80_89,Older,evidence_strength_sweep,20260804,0.8357658386230469,0.5014595031738281,
1000,1.0,0.0,1.0,0.0,0.0,0.0,1.0,0.0,0.0,0.4400000000000001,1.19,0.0,1.19,1.19,1.19,1.19,1.19,1.19,1.19,,,1.19,1.19,0.4400000000000001,,,0.0,0.0,older_80_89,Older,evidence_strength_sweep,20260804,0.8357658386230469,0.6686126708984376,
1000,1.0,0.0,1.0,0.0,0.0,0.0,1.0,0.0,0.0,0.2599999999999999,1.01,0.0,1.01,1.01,1.01,1.01,1.01,1.01,1.01,,,1.01,1.01,0.2599999999999999,,,0.0,0.0,older_80_89,Older,evidence_strength_sweep,20260804,0.8357658386230469,0.835765838623047,
1000,1.0,0.0,1.0,0.0,0.0,0.0,1.0,0.0,0.0,0.16999999999999996,0.9200000000000002,1.110778552818352e-16,0.92,0.92,0.92,0.92,0.92,0.92,0.92,,,0.92,0.92,0.16999999999999996,,,0.0,0.0,older_80_89,Older,evidence_strength_sweep,20260804,0.8357658386230469,1.0029190063476563,
1000,1.0,0.0,1.0,0.0,0.0,0.0,1.0,0.0,0.0,0.4400000000000001,1.19,0.0,1.19,1.19,1.19,1.19,1.19,1.19,1.19,,,1.19,1.19,0.4400000000000001,,,0.0,0.0,older_80_89,Older,channel_permutation,20260804,0.8357658386230469,,0.0
1000,1.0,0.0,0.0,1.0,0.0,0.0,1.0,0.0,0.0,0.4400000000000001,1.19,0.0,1.19,1.19,1.19,1.19,1.19,1.19,1.19,,,1.19,1.19,0.4400000000000001,,,0.0,0.0,older_80_89,Older,channel_permutation,20260804,0.8357658386230469,,1.0
1000,1.0,0.0,0.0,0.0,1.0,0.0,1.0,0.0,0.0,0.4400000000000001,1.19,0.0,1.19,1.19,1.19,1.19,1.19,1.19,1.19,,,1.19,1.19,0.4400000000000001,,,0.0,0.0,older_80_89,Older,channel_permutation,20260804,0.8357658386230469,,2.0
1000,1.0,0.0,0.0,0.0,0.0,1.0,1.0,0.0,0.0,0.4400000000000001,1.19,0.0,1.19,1.19,1.19,1.19,1.19,1.19,1.19,,,1.19,1.19,0.4400000000000001,,,0.0,0.0,older_80_89,Older,channel_permutation,20260804,0.8357658386230469,,3.0
1000,0.0,1.0,1.0,0.0,0.0,0.0,1.0,0.0,0.0,0.7899999999999998,1.5399999999999996,4.443114211273408e-16,1.54,1.54,1.54,1.54,1.54,1.54,1.54,,,1.54,1.54,0.7899999999999998,,,0.0,1.0,older_80_89,Older,equal_deterministic,20260805,0.8357658386230469,,
1000,0.002,0.998,0.259,0.252,0.236,0.253,0.259,0.252,0.489,0.7892999999999999,1.5392999999999997,0.020613950008063354,1.54,1.54,1.54,1.54,1.54,1.54,1.54,-31.310776585412267,983.3253507075575,0.89,1.54,0.7899999999999999,0.7890553306342781,-0.0009446693657217953,0.741,0.998,older_80_89,Older,noise_only,20260805,0.8357658386230469,,
1000,0.0,1.0,1.0,0.0,0.0,0.0,1.0,0.0,0.0,0.7899999999999998,1.5399999999999996,4.443114211273408e-16,1.54,1.54,1.54,1.54,1.54,1.54,1.54,,,1.54,1.54,0.7899999999999998,,,0.0,1.0,older_80_89,Older,weak_target_advantage,20260805,0.8357658386230469,,
1000,0.0,1.0,1.0,0.0,0.0,0.0,1.0,0.0,0.0,0.7899999999999998,1.5399999999999996,4.443114211273408e-16,1.54,1.54,1.54,1.54,1.54,1.54,1.54,,,1.54,1.54,0.7899999999999998,,,0.0,1.0,older_80_89,Older,moderate_target_advantage,20260805,0.8357658386230469,,
1000,1.0,0.0,1.0,0.0,0.0,0.0,1.0,0.0,0.0,0.2599999999999999,1.01,0.0,1.01,1.01,1.01,1.01,1.01,1.01,1.01,,,1.01,1.01,0.2599999999999999,,,0.0,0.0,older_80_89,Older,strong_target_advantage,20260805,0.8357658386230469,,
1000,1.0,0.0,1.0,0.0,0.0,0.0,1.0,0.0,0.0,0.7100000000000002,1.4600000000000004,4.443114211273408e-16,1.46,1.46,1.46,1.46,1.46,1.46,1.46,,,1.46,1.46,0.7100000000000002,,,0.0,0.0,older_80_89,Older,early_flanker_capture_target_recovery,20260805,0.8357658386230469,,
1000,0.0,1.0,0.0,1.0,0.0,0.0,0.0,1.0,0.0,0.7899999999999998,1.5399999999999996,4.443114211273408e-16,1.54,1.54,1.54,1.54,1.54,1.54,1.54,,,1.54,1.54,,0.7899999999999998,,1.0,1.0,older_80_89,Older,target_first_late_flanker,20260805,0.8357658386230469,,
1000,0.0,1.0,1.0,0.0,0.0,0.0,1.0,0.0,0.0,0.7899999999999998,1.5399999999999996,4.443114211273408e-16,1.54,1.54,1.54,1.54,1.54,1.54,1.54,,,1.54,1.54,0.7899999999999998,,,0.0,1.0,older_80_89,Older,evidence_strength_sweep,20260805,0.8357658386230469,0.0,
1000,0.0,1.0,1.0,0.0,0.0,0.0,1.0,0.0,0.0,0.7899999999999998,1.5399999999999996,4.443114211273408e-16,1.54,1.54,1.54,1.54,1.54,1.54,1.54,,,1.54,1.54,0.7899999999999998,,,0.0,1.0,older_80_89,Older,evidence_strength_sweep,20260805,0.8357658386230469,0.1671531677246094,
1000,0.0,1.0,1.0,0.0,0.0,0.0,1.0,0.0,0.0,0.7899999999999998,1.5399999999999996,4.443114211273408e-16,1.54,1.54,1.54,1.54,1.54,1.54,1.54,,,1.54,1.54,0.7899999999999998,,,0.0,1.0,older_80_89,Older,evidence_strength_sweep,20260805,0.8357658386230469,0.3343063354492188,
1000,0.0,1.0,1.0,0.0,0.0,0.0,1.0,0.0,0.0,0.7899999999999998,1.5399999999999996,4.443114211273408e-16,1.54,1.54,1.54,1.54,1.54,1.54,1.54,,,1.54,1.54,0.7899999999999998,,,0.0,1.0,older_80_89,Older,evidence_strength_sweep,20260805,0.8357658386230469,0.5014595031738281,
1000,1.0,0.0,1.0,0.0,0.0,0.0,1.0,0.0,0.0,0.4400000000000001,1.19,0.0,1.19,1.19,1.19,1.19,1.19,1.19,1.19,,,1.19,1.19,0.4400000000000001,,,0.0,0.0,older_80_89,Older,evidence_strength_sweep,20260805,0.8357658386230469,0.6686126708984376,
1000,1.0,0.0,1.0,0.0,0.0,0.0,1.0,0.0,0.0,0.2599999999999999,1.01,0.0,1.01,1.01,1.01,1.01,1.01,1.01,1.01,,,1.01,1.01,0.2599999999999999,,,0.0,0.0,older_80_89,Older,evidence_strength_sweep,20260805,0.8357658386230469,0.835765838623047,
1000,1.0,0.0,1.0,0.0,0.0,0.0,1.0,0.0,0.0,0.16999999999999996,0.9200000000000002,1.110778552818352e-16,0.92,0.92,0.92,0.92,0.92,0.92,0.92,,,0.92,0.92,0.16999999999999996,,,0.0,0.0,older_80_89,Older,evidence_strength_sweep,20260805,0.8357658386230469,1.0029190063476563,
1000,1.0,0.0,1.0,0.0,0.0,0.0,1.0,0.0,0.0,0.4400000000000001,1.19,0.0,1.19,1.19,1.19,1.19,1.19,1.19,1.19,,,1.19,1.19,0.4400000000000001,,,0.0,0.0,older_80_89,Older,channel_permutation,20260805,0.8357658386230469,,0.0
1000,1.0,0.0,0.0,1.0,0.0,0.0,1.0,0.0,0.0,0.4400000000000001,1.19,0.0,1.19,1.19,1.19,1.19,1.19,1.19,1.19,,,1.19,1.19,0.4400000000000001,,,0.0,0.0,older_80_89,Older,channel_permutation,20260805,0.8357658386230469,,1.0
1000,1.0,0.0,0.0,0.0,1.0,0.0,1.0,0.0,0.0,0.4400000000000001,1.19,0.0,1.19,1.19,1.19,1.19,1.19,1.19,1.19,,,1.19,1.19,0.4400000000000001,,,0.0,0.0,older_80_89,Older,channel_permutation,20260805,0.8357658386230469,,2.0
1000,1.0,0.0,0.0,0.0,0.0,1.0,1.0,0.0,0.0,0.4400000000000001,1.19,0.0,1.19,1.19,1.19,1.19,1.19,1.19,1.19,,,1.19,1.19,0.4400000000000001,,,0.0,0.0,older_80_89,Older,channel_permutation,20260805,0.8357658386230469,,3.0
1000,0.0,1.0,1.0,0.0,0.0,0.0,1.0,0.0,0.0,0.7899999999999998,1.5399999999999996,4.443114211273408e-16,1.54,1.54,1.54,1.54,1.54,1.54,1.54,,,1.54,1.54,0.7899999999999998,,,0.0,1.0,older_80_89,Older,equal_deterministic,20260806,0.8357658386230469,,
1000,0.002,0.998,0.234,0.258,0.241,0.267,0.234,0.258,0.508,0.7888699999999998,1.5388699999999997,0.025967236999677075,1.54,1.54,1.54,1.54,1.54,1.54,1.54,-24.03550779715993,597.2701724525042,0.84,1.54,0.7870085470085468,0.7894386422976502,0.002430095289103318,0.766,0.998,older_80_89,Older,noise_only,20260806,0.8357658386230469,,
1000,0.0,1.0,1.0,0.0,0.0,0.0,1.0,0.0,0.0,0.7899999999999998,1.5399999999999996,4.443114211273408e-16,1.54,1.54,1.54,1.54,1.54,1.54,1.54,,,1.54,1.54,0.7899999999999998,,,0.0,1.0,older_80_89,Older,weak_target_advantage,20260806,0.8357658386230469,,
1000,0.0,1.0,1.0,0.0,0.0,0.0,1.0,0.0,0.0,0.7899999999999998,1.5399999999999996,4.443114211273408e-16,1.54,1.54,1.54,1.54,1.54,1.54,1.54,,,1.54,1.54,0.7899999999999998,,,0.0,1.0,older_80_89,Older,moderate_target_advantage,20260806,0.8357658386230469,,
1000,1.0,0.0,1.0,0.0,0.0,0.0,1.0,0.0,0.0,0.2599999999999999,1.01,0.0,1.01,1.01,1.01,1.01,1.01,1.01,1.01,,,1.01,1.01,0.2599999999999999,,,0.0,0.0,older_80_89,Older,strong_target_advantage,20260806,0.8357658386230469,,
1000,1.0,0.0,1.0,0.0,0.0,0.0,1.0,0.0,0.0,0.7100000000000002,1.4600000000000004,4.443114211273408e-16,1.46,1.46,1.46,1.46,1.46,1.46,1.46,,,1.46,1.46,0.7100000000000002,,,0.0,0.0,older_80_89,Older,early_flanker_capture_target_recovery,20260806,0.8357658386230469,,
1000,0.0,1.0,0.0,1.0,0.0,0.0,0.0,1.0,0.0,0.7899999999999998,1.5399999999999996,4.443114211273408e-16,1.54,1.54,1.54,1.54,1.54,1.54,1.54,,,1.54,1.54,,0.7899999999999998,,1.0,1.0,older_80_89,Older,target_first_late_flanker,20260806,0.8357658386230469,,
1000,0.0,1.0,1.0,0.0,0.0,0.0,1.0,0.0,0.0,0.7899999999999998,1.5399999999999996,4.443114211273408e-16,1.54,1.54,1.54,1.54,1.54,1.54,1.54,,,1.54,1.54,0.7899999999999998,,,0.0,1.0,older_80_89,Older,evidence_strength_sweep,20260806,0.8357658386230469,0.0,
1000,0.0,1.0,1.0,0.0,0.0,0.0,1.0,0.0,0.0,0.7899999999999998,1.5399999999999996,4.443114211273408e-16,1.54,1.54,1.54,1.54,1.54,1.54,1.54,,,1.54,1.54,0.7899999999999998,,,0.0,1.0,older_80_89,Older,evidence_strength_sweep,20260806,0.8357658386230469,0.1671531677246094,
1000,0.0,1.0,1.0,0.0,0.0,0.0,1.0,0.0,0.0,0.7899999999999998,1.5399999999999996,4.443114211273408e-16,1.54,1.54,1.54,1.54,1.54,1.54,1.54,,,1.54,1.54,0.7899999999999998,,,0.0,1.0,older_80_89,Older,evidence_strength_sweep,20260806,0.8357658386230469,0.3343063354492188,
1000,0.0,1.0,1.0,0.0,0.0,0.0,1.0,0.0,0.0,0.7899999999999998,1.5399999999999996,4.443114211273408e-16,1.54,1.54,1.54,1.54,1.54,1.54,1.54,,,1.54,1.54,0.7899999999999998,,,0.0,1.0,older_80_89,Older,evidence_strength_sweep,20260806,0.8357658386230469,0.5014595031738281,
1000,1.0,0.0,1.0,0.0,0.0,0.0,1.0,0.0,0.0,0.4400000000000001,1.19,0.0,1.19,1.19,1.19,1.19,1.19,1.19,1.19,,,1.19,1.19,0.4400000000000001,,,0.0,0.0,older_80_89,Older,evidence_strength_sweep,20260806,0.8357658386230469,0.6686126708984376,
1000,1.0,0.0,1.0,0.0,0.0,0.0,1.0,0.0,0.0,0.2599999999999999,1.01,0.0,1.01,1.01,1.01,1.01,1.01,1.01,1.01,,,1.01,1.01,0.2599999999999999,,,0.0,0.0,older_80_89,Older,evidence_strength_sweep,20260806,0.8357658386230469,0.835765838623047,
1000,1.0,0.0,1.0,0.0,0.0,0.0,1.0,0.0,0.0,0.16999999999999996,0.9200000000000002,1.110778552818352e-16,0.92,0.92,0.92,0.92,0.92,0.92,0.92,,,0.92,0.92,0.16999999999999996,,,0.0,0.0,older_80_89,Older,evidence_strength_sweep,20260806,0.8357658386230469,1.0029190063476563,
1000,1.0,0.0,1.0,0.0,0.0,0.0,1.0,0.0,0.0,0.4400000000000001,1.19,0.0,1.19,1.19,1.19,1.19,1.19,1.19,1.19,,,1.19,1.19,0.4400000000000001,,,0.0,0.0,older_80_89,Older,channel_permutation,20260806,0.8357658386230469,,0.0
1000,1.0,0.0,0.0,1.0,0.0,0.0,1.0,0.0,0.0,0.4400000000000001,1.19,0.0,1.19,1.19,1.19,1.19,1.19,1.19,1.19,,,1.19,1.19,0.4400000000000001,,,0.0,0.0,older_80_89,Older,channel_permutation,20260806,0.8357658386230469,,1.0
1000,1.0,0.0,0.0,0.0,1.0,0.0,1.0,0.0,0.0,0.4400000000000001,1.19,0.0,1.19,1.19,1.19,1.19,1.19,1.19,1.19,,,1.19,1.19,0.4400000000000001,,,0.0,0.0,older_80_89,Older,channel_permutation,20260806,0.8357658386230469,,2.0
1000,1.0,0.0,0.0,0.0,0.0,1.0,1.0,0.0,0.0,0.4400000000000001,1.19,0.0,1.19,1.19,1.19,1.19,1.19,1.19,1.19,,,1.19,1.19,0.4400000000000001,,,0.0,0.0,older_80_89,Older,channel_permutation,20260806,0.8357658386230469,,3.0
1000,0.0,1.0,1.0,0.0,0.0,0.0,1.0,0.0,0.0,0.7899999999999998,1.5399999999999996,4.443114211273408e-16,1.54,1.54,1.54,1.54,1.54,1.54,1.54,,,1.54,1.54,0.7899999999999998,,,0.0,1.0,older_80_89,Older,equal_deterministic,20260807,0.8357658386230469,,
1000,0.001,0.999,0.235,0.288,0.234,0.243,0.235,0.288,0.477,0.7892099999999999,1.5392099999999995,0.024981993515330196,1.54,1.54,1.54,1.54,1.54,1.54,1.54,-31.57532265869975,995.0010010009989,0.75,1.54,0.7899999999999999,0.788967320261438,-0.0010326797385619146,0.765,0.999,older_80_89,Older,noise_only,20260807,0.8357658386230469,,
1000,0.0,1.0,1.0,0.0,0.0,0.0,1.0,0.0,0.0,0.7899999999999998,1.5399999999999996,4.443114211273408e-16,1.54,1.54,1.54,1.54,1.54,1.54,1.54,,,1.54,1.54,0.7899999999999998,,,0.0,1.0,older_80_89,Older,weak_target_advantage,20260807,0.8357658386230469,,
1000,0.0,1.0,1.0,0.0,0.0,0.0,1.0,0.0,0.0,0.7899999999999998,1.5399999999999996,4.443114211273408e-16,1.54,1.54,1.54,1.54,1.54,1.54,1.54,,,1.54,1.54,0.7899999999999998,,,0.0,1.0,older_80_89,Older,moderate_target_advantage,20260807,0.8357658386230469,,
1000,1.0,0.0,1.0,0.0,0.0,0.0,1.0,0.0,0.0,0.2599999999999999,1.01,0.0,1.01,1.01,1.01,1.01,1.01,1.01,1.01,,,1.01,1.01,0.2599999999999999,,,0.0,0.0,older_80_89,Older,strong_target_advantage,20260807,0.8357658386230469,,
1000,1.0,0.0,1.0,0.0,0.0,0.0,1.0,0.0,0.0,0.7100000000000002,1.4600000000000004,4.443114211273408e-16,1.46,1.46,1.46,1.46,1.46,1.46,1.46,,,1.46,1.46,0.7100000000000002,,,0.0,0.0,older_80_89,Older,early_flanker_capture_target_recovery,20260807,0.8357658386230469,,
1000,0.0,1.0,0.0,1.0,0.0,0.0,0.0,1.0,0.0,0.7899999999999998,1.5399999999999996,4.443114211273408e-16,1.54,1.54,1.54,1.54,1.54,1.54,1.54,,,1.54,1.54,,0.7899999999999998,,1.0,1.0,older_80_89,Older,target_first_late_flanker,20260807,0.8357658386230469,,
1000,0.0,1.0,1.0,0.0,0.0,0.0,1.0,0.0,0.0,0.7899999999999998,1.5399999999999996,4.443114211273408e-16,1.54,1.54,1.54,1.54,1.54,1.54,1.54,,,1.54,1.54,0.7899999999999998,,,0.0,1.0,older_80_89,Older,evidence_strength_sweep,20260807,0.8357658386230469,0.0,
1000,0.0,1.0,1.0,0.0,0.0,0.0,1.0,0.0,0.0,0.7899999999999998,1.5399999999999996,4.443114211273408e-16,1.54,1.54,1.54,1.54,1.54,1.54,1.54,,,1.54,1.54,0.7899999999999998,,,0.0,1.0,older_80_89,Older,evidence_strength_sweep,20260807,0.8357658386230469,0.1671531677246094,
1000,0.0,1.0,1.0,0.0,0.0,0.0,1.0,0.0,0.0,0.7899999999999998,1.5399999999999996,4.443114211273408e-16,1.54,1.54,1.54,1.54,1.54,1.54,1.54,,,1.54,1.54,0.7899999999999998,,,0.0,1.0,older_80_89,Older,evidence_strength_sweep,20260807,0.8357658386230469,0.3343063354492188,
1000,0.0,1.0,1.0,0.0,0.0,0.0,1.0,0.0,0.0,0.7899999999999998,1.5399999999999996,4.443114211273408e-16,1.54,1.54,1.54,1.54,1.54,1.54,1.54,,,1.54,1.54,0.7899999999999998,,,0.0,1.0,older_80_89,Older,evidence_strength_sweep,20260807,0.8357658386230469,0.5014595031738281,
1000,1.0,0.0,1.0,0.0,0.0,0.0,1.0,0.0,0.0,0.4400000000000001,1.19,0.0,1.19,1.19,1.19,1.19,1.19,1.19,1.19,,,1.19,1.19,0.4400000000000001,,,0.0,0.0,older_80_89,Older,evidence_strength_sweep,20260807,0.8357658386230469,0.6686126708984376,
1000,1.0,0.0,1.0,0.0,0.0,0.0,1.0,0.0,0.0,0.2599999999999999,1.01,0.0,1.01,1.01,1.01,1.01,1.01,1.01,1.01,,,1.01,1.01,0.2599999999999999,,,0.0,0.0,older_80_89,Older,evidence_strength_sweep,20260807,0.8357658386230469,0.835765838623047,
1000,1.0,0.0,1.0,0.0,0.0,0.0,1.0,0.0,0.0,0.16999999999999996,0.9200000000000002,1.110778552818352e-16,0.92,0.92,0.92,0.92,0.92,0.92,0.92,,,0.92,0.92,0.16999999999999996,,,0.0,0.0,older_80_89,Older,evidence_strength_sweep,20260807,0.8357658386230469,1.0029190063476563,
1000,1.0,0.0,1.0,0.0,0.0,0.0,1.0,0.0,0.0,0.4400000000000001,1.19,0.0,1.19,1.19,1.19,1.19,1.19,1.19,1.19,,,1.19,1.19,0.4400000000000001,,,0.0,0.0,older_80_89,Older,channel_permutation,20260807,0.8357658386230469,,0.0
1000,1.0,0.0,0.0,1.0,0.0,0.0,1.0,0.0,0.0,0.4400000000000001,1.19,0.0,1.19,1.19,1.19,1.19,1.19,1.19,1.19,,,1.19,1.19,0.4400000000000001,,,0.0,0.0,older_80_89,Older,channel_permutation,20260807,0.8357658386230469,,1.0
1000,1.0,0.0,0.0,0.0,1.0,0.0,1.0,0.0,0.0,0.4400000000000001,1.19,0.0,1.19,1.19,1.19,1.19,1.19,1.19,1.19,,,1.19,1.19,0.4400000000000001,,,0.0,0.0,older_80_89,Older,channel_permutation,20260807,0.8357658386230469,,2.0
1000,1.0,0.0,0.0,0.0,0.0,1.0,1.0,0.0,0.0,0.4400000000000001,1.19,0.0,1.19,1.19,1.19,1.19,1.19,1.19,1.19,,,1.19,1.19,0.4400000000000001,,,0.0,0.0,older_80_89,Older,channel_permutation,20260807,0.8357658386230469,,3.0
1000,0.0,1.0,1.0,0.0,0.0,0.0,1.0,0.0,0.0,0.7899999999999998,1.5399999999999996,4.443114211273408e-16,1.54,1.54,1.54,1.54,1.54,1.54,1.54,,,1.54,1.54,0.7899999999999998,,,0.0,1.0,older_80_89,Older,equal_deterministic,20260808,0.8357658386230469,,
1000,0.001,0.999,0.22,0.252,0.269,0.259,0.22,0.252,0.528,0.7898599999999999,1.5398599999999996,0.004427188724235735,1.54,1.54,1.54,1.54,1.54,1.54,1.54,-31.575322658699474,995.0010010009877,1.4,1.54,0.79,0.7898205128205129,-0.00017948717948712556,0.78,0.999,older_80_89,Older,noise_only,20260808,0.8357658386230469,,
1000,0.0,1.0,1.0,0.0,0.0,0.0,1.0,0.0,0.0,0.7899999999999998,1.5399999999999996,4.443114211273408e-16,1.54,1.54,1.54,1.54,1.54,1.54,1.54,,,1.54,1.54,0.7899999999999998,,,0.0,1.0,older_80_89,Older,weak_target_advantage,20260808,0.8357658386230469,,
1000,0.0,1.0,1.0,0.0,0.0,0.0,1.0,0.0,0.0,0.7899999999999998,1.5399999999999996,4.443114211273408e-16,1.54,1.54,1.54,1.54,1.54,1.54,1.54,,,1.54,1.54,0.7899999999999998,,,0.0,1.0,older_80_89,Older,moderate_target_advantage,20260808,0.8357658386230469,,
1000,1.0,0.0,1.0,0.0,0.0,0.0,1.0,0.0,0.0,0.2599999999999999,1.01,0.0,1.01,1.01,1.01,1.01,1.01,1.01,1.01,,,1.01,1.01,0.2599999999999999,,,0.0,0.0,older_80_89,Older,strong_target_advantage,20260808,0.8357658386230469,,
1000,1.0,0.0,1.0,0.0,0.0,0.0,1.0,0.0,0.0,0.7100000000000002,1.4600000000000004,4.443114211273408e-16,1.46,1.46,1.46,1.46,1.46,1.46,1.46,,,1.46,1.46,0.7100000000000002,,,0.0,0.0,older_80_89,Older,early_flanker_capture_target_recovery,20260808,0.8357658386230469,,
1000,0.0,1.0,0.0,1.0,0.0,0.0,0.0,1.0,0.0,0.7899999999999998,1.5399999999999996,4.443114211273408e-16,1.54,1.54,1.54,1.54,1.54,1.54,1.54,,,1.54,1.54,,0.7899999999999998,,1.0,1.0,older_80_89,Older,target_first_late_flanker,20260808,0.8357658386230469,,
1000,0.0,1.0,1.0,0.0,0.0,0.0,1.0,0.0,0.0,0.7899999999999998,1.5399999999999996,4.443114211273408e-16,1.54,1.54,1.54,1.54,1.54,1.54,1.54,,,1.54,1.54,0.7899999999999998,,,0.0,1.0,older_80_89,Older,evidence_strength_sweep,20260808,0.8357658386230469,0.0,
1000,0.0,1.0,1.0,0.0,0.0,0.0,1.0,0.0,0.0,0.7899999999999998,1.5399999999999996,4.443114211273408e-16,1.54,1.54,1.54,1.54,1.54,1.54,1.54,,,1.54,1.54,0.7899999999999998,,,0.0,1.0,older_80_89,Older,evidence_strength_sweep,20260808,0.8357658386230469,0.1671531677246094,
1000,0.0,1.0,1.0,0.0,0.0,0.0,1.0,0.0,0.0,0.7899999999999998,1.5399999999999996,4.443114211273408e-16,1.54,1.54,1.54,1.54,1.54,1.54,1.54,,,1.54,1.54,0.7899999999999998,,,0.0,1.0,older_80_89,Older,evidence_strength_sweep,20260808,0.8357658386230469,0.3343063354492188,
1000,0.0,1.0,1.0,0.0,0.0,0.0,1.0,0.0,0.0,0.7899999999999998,1.5399999999999996,4.443114211273408e-16,1.54,1.54,1.54,1.54,1.54,1.54,1.54,,,1.54,1.54,0.7899999999999998,,,0.0,1.0,older_80_89,Older,evidence_strength_sweep,20260808,0.8357658386230469,0.5014595031738281,
1000,1.0,0.0,1.0,0.0,0.0,0.0,1.0,0.0,0.0,0.4400000000000001,1.19,0.0,1.19,1.19,1.19,1.19,1.19,1.19,1.19,,,1.19,1.19,0.4400000000000001,,,0.0,0.0,older_80_89,Older,evidence_strength_sweep,20260808,0.8357658386230469,0.6686126708984376,
1000,1.0,0.0,1.0,0.0,0.0,0.0,1.0,0.0,0.0,0.2599999999999999,1.01,0.0,1.01,1.01,1.01,1.01,1.01,1.01,1.01,,,1.01,1.01,0.2599999999999999,,,0.0,0.0,older_80_89,Older,evidence_strength_sweep,20260808,0.8357658386230469,0.835765838623047,
1000,1.0,0.0,1.0,0.0,0.0,0.0,1.0,0.0,0.0,0.16999999999999996,0.9200000000000002,1.110778552818352e-16,0.92,0.92,0.92,0.92,0.92,0.92,0.92,,,0.92,0.92,0.16999999999999996,,,0.0,0.0,older_80_89,Older,evidence_strength_sweep,20260808,0.8357658386230469,1.0029190063476563,
1000,1.0,0.0,1.0,0.0,0.0,0.0,1.0,0.0,0.0,0.4400000000000001,1.19,0.0,1.19,1.19,1.19,1.19,1.19,1.19,1.19,,,1.19,1.19,0.4400000000000001,,,0.0,0.0,older_80_89,Older,channel_permutation,20260808,0.8357658386230469,,0.0
1000,1.0,0.0,0.0,1.0,0.0,0.0,1.0,0.0,0.0,0.4400000000000001,1.19,0.0,1.19,1.19,1.19,1.19,1.19,1.19,1.19,,,1.19,1.19,0.4400000000000001,,,0.0,0.0,older_80_89,Older,channel_permutation,20260808,0.8357658386230469,,1.0
1000,1.0,0.0,0.0,0.0,1.0,0.0,1.0,0.0,0.0,0.4400000000000001,1.19,0.0,1.19,1.19,1.19,1.19,1.19,1.19,1.19,,,1.19,1.19,0.4400000000000001,,,0.0,0.0,older_80_89,Older,channel_permutation,20260808,0.8357658386230469,,2.0
1000,1.0,0.0,0.0,0.0,0.0,1.0,1.0,0.0,0.0,0.4400000000000001,1.19,0.0,1.19,1.19,1.19,1.19,1.19,1.19,1.19,,,1.19,1.19,0.4400000000000001,,,0.0,0.0,older_80_89,Older,channel_permutation,20260808,0.8357658386230469,,3.0
1000,0.0,1.0,1.0,0.0,0.0,0.0,1.0,0.0,0.0,0.7899999999999998,1.5399999999999996,4.443114211273408e-16,1.54,1.54,1.54,1.54,1.54,1.54,1.54,,,1.54,1.54,0.7899999999999998,,,0.0,1.0,older_80_89,Older,equal_deterministic,20260809,0.8357658386230469,,
1000,0.003,0.997,0.24,0.278,0.226,0.256,0.24,0.278,0.482,0.7890799999999998,1.5390799999999996,0.022173074781032177,1.54,1.54,1.54,1.54,1.54,1.54,1.54,-29.106239264857443,880.5048977777915,0.86,1.54,0.7899999999999998,0.7887894736842106,-0.0012105263157892177,0.76,0.997,older_80_89,Older,noise_only,20260809,0.8357658386230469,,
1000,0.0,1.0,1.0,0.0,0.0,0.0,1.0,0.0,0.0,0.7899999999999998,1.5399999999999996,4.443114211273408e-16,1.54,1.54,1.54,1.54,1.54,1.54,1.54,,,1.54,1.54,0.7899999999999998,,,0.0,1.0,older_80_89,Older,weak_target_advantage,20260809,0.8357658386230469,,
1000,0.0,1.0,1.0,0.0,0.0,0.0,1.0,0.0,0.0,0.7899999999999998,1.5399999999999996,4.443114211273408e-16,1.54,1.54,1.54,1.54,1.54,1.54,1.54,,,1.54,1.54,0.7899999999999998,,,0.0,1.0,older_80_89,Older,moderate_target_advantage,20260809,0.8357658386230469,,
1000,1.0,0.0,1.0,0.0,0.0,0.0,1.0,0.0,0.0,0.2599999999999999,1.01,0.0,1.01,1.01,1.01,1.01,1.01,1.01,1.01,,,1.01,1.01,0.2599999999999999,,,0.0,0.0,older_80_89,Older,strong_target_advantage,20260809,0.8357658386230469,,
1000,1.0,0.0,1.0,0.0,0.0,0.0,1.0,0.0,0.0,0.7100000000000002,1.4600000000000004,4.443114211273408e-16,1.46,1.46,1.46,1.46,1.46,1.46,1.46,,,1.46,1.46,0.7100000000000002,,,0.0,0.0,older_80_89,Older,early_flanker_capture_target_recovery,20260809,0.8357658386230469,,
1000,0.0,1.0,0.0,1.0,0.0,0.0,0.0,1.0,0.0,0.7899999999999998,1.5399999999999996,4.443114211273408e-16,1.54,1.54,1.54,1.54,1.54,1.54,1.54,,,1.54,1.54,,0.7899999999999998,,1.0,1.0,older_80_89,Older,target_first_late_flanker,20260809,0.8357658386230469,,
1000,0.0,1.0,1.0,0.0,0.0,0.0,1.0,0.0,0.0,0.7899999999999998,1.5399999999999996,4.443114211273408e-16,1.54,1.54,1.54,1.54,1.54,1.54,1.54,,,1.54,1.54,0.7899999999999998,,,0.0,1.0,older_80_89,Older,evidence_strength_sweep,20260809,0.8357658386230469,0.0,
1000,0.0,1.0,1.0,0.0,0.0,0.0,1.0,0.0,0.0,0.7899999999999998,1.5399999999999996,4.443114211273408e-16,1.54,1.54,1.54,1.54,1.54,1.54,1.54,,,1.54,1.54,0.7899999999999998,,,0.0,1.0,older_80_89,Older,evidence_strength_sweep,20260809,0.8357658386230469,0.1671531677246094,
1000,0.0,1.0,1.0,0.0,0.0,0.0,1.0,0.0,0.0,0.7899999999999998,1.5399999999999996,4.443114211273408e-16,1.54,1.54,1.54,1.54,1.54,1.54,1.54,,,1.54,1.54,0.7899999999999998,,,0.0,1.0,older_80_89,Older,evidence_strength_sweep,20260809,0.8357658386230469,0.3343063354492188,
1000,0.0,1.0,1.0,0.0,0.0,0.0,1.0,0.0,0.0,0.7899999999999998,1.5399999999999996,4.443114211273408e-16,1.54,1.54,1.54,1.54,1.54,1.54,1.54,,,1.54,1.54,0.7899999999999998,,,0.0,1.0,older_80_89,Older,evidence_strength_sweep,20260809,0.8357658386230469,0.5014595031738281,
1000,1.0,0.0,1.0,0.0,0.0,0.0,1.0,0.0,0.0,0.4400000000000001,1.19,0.0,1.19,1.19,1.19,1.19,1.19,1.19,1.19,,,1.19,1.19,0.4400000000000001,,,0.0,0.0,older_80_89,Older,evidence_strength_sweep,20260809,0.8357658386230469,0.6686126708984376,
1000,1.0,0.0,1.0,0.0,0.0,0.0,1.0,0.0,0.0,0.2599999999999999,1.01,0.0,1.01,1.01,1.01,1.01,1.01,1.01,1.01,,,1.01,1.01,0.2599999999999999,,,0.0,0.0,older_80_89,Older,evidence_strength_sweep,20260809,0.8357658386230469,0.835765838623047,
1000,1.0,0.0,1.0,0.0,0.0,0.0,1.0,0.0,0.0,0.16999999999999996,0.9200000000000002,1.110778552818352e-16,0.92,0.92,0.92,0.92,0.92,0.92,0.92,,,0.92,0.92,0.16999999999999996,,,0.0,0.0,older_80_89,Older,evidence_strength_sweep,20260809,0.8357658386230469,1.0029190063476563,
1000,1.0,0.0,1.0,0.0,0.0,0.0,1.0,0.0,0.0,0.4400000000000001,1.19,0.0,1.19,1.19,1.19,1.19,1.19,1.19,1.19,,,1.19,1.19,0.4400000000000001,,,0.0,0.0,older_80_89,Older,channel_permutation,20260809,0.8357658386230469,,0.0
1000,1.0,0.0,0.0,1.0,0.0,0.0,1.0,0.0,0.0,0.4400000000000001,1.19,0.0,1.19,1.19,1.19,1.19,1.19,1.19,1.19,,,1.19,1.19,0.4400000000000001,,,0.0,0.0,older_80_89,Older,channel_permutation,20260809,0.8357658386230469,,1.0
1000,1.0,0.0,0.0,0.0,1.0,0.0,1.0,0.0,0.0,0.4400000000000001,1.19,0.0,1.19,1.19,1.19,1.19,1.19,1.19,1.19,,,1.19,1.19,0.4400000000000001,,,0.0,0.0,older_80_89,Older,channel_permutation,20260809,0.8357658386230469,,2.0
1000,1.0,0.0,0.0,0.0,0.0,1.0,1.0,0.0,0.0,0.4400000000000001,1.19,0.0,1.19,1.19,1.19,1.19,1.19,1.19,1.19,,,1.19,1.19,0.4400000000000001,,,0.0,0.0,older_80_89,Older,channel_permutation,20260809,0.8357658386230469,,3.0
1000,0.0,1.0,1.0,0.0,0.0,0.0,1.0,0.0,0.0,0.7899999999999998,1.5399999999999996,4.443114211273408e-16,1.54,1.54,1.54,1.54,1.54,1.54,1.54,,,1.54,1.54,0.7899999999999998,,,0.0,1.0,older_80_89,Older,equal_deterministic,20260810,0.8357658386230469,,
1000,0.0,1.0,0.251,0.219,0.269,0.261,0.251,0.219,0.53,0.7899999999999998,1.5399999999999996,4.443114211273408e-16,1.54,1.54,1.54,1.54,1.54,1.54,1.54,,,1.54,1.54,0.7899999999999999,0.79,1.1102230246251565e-16,0.749,1.0,older_80_89,Older,noise_only,20260810,0.8357658386230469,,
1000,0.0,1.0,1.0,0.0,0.0,0.0,1.0,0.0,0.0,0.7899999999999998,1.5399999999999996,4.443114211273408e-16,1.54,1.54,1.54,1.54,1.54,1.54,1.54,,,1.54,1.54,0.7899999999999998,,,0.0,1.0,older_80_89,Older,weak_target_advantage,20260810,0.8357658386230469,,
1000,0.0,1.0,1.0,0.0,0.0,0.0,1.0,0.0,0.0,0.7899999999999998,1.5399999999999996,4.443114211273408e-16,1.54,1.54,1.54,1.54,1.54,1.54,1.54,,,1.54,1.54,0.7899999999999998,,,0.0,1.0,older_80_89,Older,moderate_target_advantage,20260810,0.8357658386230469,,
1000,1.0,0.0,1.0,0.0,0.0,0.0,1.0,0.0,0.0,0.2599999999999999,1.01,0.0,1.01,1.01,1.01,1.01,1.01,1.01,1.01,,,1.01,1.01,0.2599999999999999,,,0.0,0.0,older_80_89,Older,strong_target_advantage,20260810,0.8357658386230469,,
1000,1.0,0.0,1.0,0.0,0.0,0.0,1.0,0.0,0.0,0.7100000000000002,1.4600000000000004,4.443114211273408e-16,1.46,1.46,1.46,1.46,1.46,1.46,1.46,,,1.46,1.46,0.7100000000000002,,,0.0,0.0,older_80_89,Older,early_flanker_capture_target_recovery,20260810,0.8357658386230469,,
1000,0.0,1.0,0.0,1.0,0.0,0.0,0.0,1.0,0.0,0.7899999999999998,1.5399999999999996,4.443114211273408e-16,1.54,1.54,1.54,1.54,1.54,1.54,1.54,,,1.54,1.54,,0.7899999999999998,,1.0,1.0,older_80_89,Older,target_first_late_flanker,20260810,0.8357658386230469,,
1000,0.0,1.0,1.0,0.0,0.0,0.0,1.0,0.0,0.0,0.7899999999999998,1.5399999999999996,4.443114211273408e-16,1.54,1.54,1.54,1.54,1.54,1.54,1.54,,,1.54,1.54,0.7899999999999998,,,0.0,1.0,older_80_89,Older,evidence_strength_sweep,20260810,0.8357658386230469,0.0,
1000,0.0,1.0,1.0,0.0,0.0,0.0,1.0,0.0,0.0,0.7899999999999998,1.5399999999999996,4.443114211273408e-16,1.54,1.54,1.54,1.54,1.54,1.54,1.54,,,1.54,1.54,0.7899999999999998,,,0.0,1.0,older_80_89,Older,evidence_strength_sweep,20260810,0.8357658386230469,0.1671531677246094,
1000,0.0,1.0,1.0,0.0,0.0,0.0,1.0,0.0,0.0,0.7899999999999998,1.5399999999999996,4.443114211273408e-16,1.54,1.54,1.54,1.54,1.54,1.54,1.54,,,1.54,1.54,0.7899999999999998,,,0.0,1.0,older_80_89,Older,evidence_strength_sweep,20260810,0.8357658386230469,0.3343063354492188,
1000,0.0,1.0,1.0,0.0,0.0,0.0,1.0,0.0,0.0,0.7899999999999998,1.5399999999999996,4.443114211273408e-16,1.54,1.54,1.54,1.54,1.54,1.54,1.54,,,1.54,1.54,0.7899999999999998,,,0.0,1.0,older_80_89,Older,evidence_strength_sweep,20260810,0.8357658386230469,0.5014595031738281,
1000,1.0,0.0,1.0,0.0,0.0,0.0,1.0,0.0,0.0,0.4400000000000001,1.19,0.0,1.19,1.19,1.19,1.19,1.19,1.19,1.19,,,1.19,1.19,0.4400000000000001,,,0.0,0.0,older_80_89,Older,evidence_strength_sweep,20260810,0.8357658386230469,0.6686126708984376,
1000,1.0,0.0,1.0,0.0,0.0,0.0,1.0,0.0,0.0,0.2599999999999999,1.01,0.0,1.01,1.01,1.01,1.01,1.01,1.01,1.01,,,1.01,1.01,0.2599999999999999,,,0.0,0.0,older_80_89,Older,evidence_strength_sweep,20260810,0.8357658386230469,0.835765838623047,
1000,1.0,0.0,1.0,0.0,0.0,0.0,1.0,0.0,0.0,0.16999999999999996,0.9200000000000002,1.110778552818352e-16,0.92,0.92,0.92,0.92,0.92,0.92,0.92,,,0.92,0.92,0.16999999999999996,,,0.0,0.0,older_80_89,Older,evidence_strength_sweep,20260810,0.8357658386230469,1.0029190063476563,
1000,1.0,0.0,1.0,0.0,0.0,0.0,1.0,0.0,0.0,0.4400000000000001,1.19,0.0,1.19,1.19,1.19,1.19,1.19,1.19,1.19,,,1.19,1.19,0.4400000000000001,,,0.0,0.0,older_80_89,Older,channel_permutation,20260810,0.8357658386230469,,0.0
1000,1.0,0.0,0.0,1.0,0.0,0.0,1.0,0.0,0.0,0.4400000000000001,1.19,0.0,1.19,1.19,1.19,1.19,1.19,1.19,1.19,,,1.19,1.19,0.4400000000000001,,,0.0,0.0,older_80_89,Older,channel_permutation,20260810,0.8357658386230469,,1.0
1000,1.0,0.0,0.0,0.0,1.0,0.0,1.0,0.0,0.0,0.4400000000000001,1.19,0.0,1.19,1.19,1.19,1.19,1.19,1.19,1.19,,,1.19,1.19,0.4400000000000001,,,0.0,0.0,older_80_89,Older,channel_permutation,20260810,0.8357658386230469,,2.0
1000,1.0,0.0,0.0,0.0,0.0,1.0,1.0,0.0,0.0,0.4400000000000001,1.19,0.0,1.19,1.19,1.19,1.19,1.19,1.19,1.19,,,1.19,1.19,0.4400000000000001,,,0.0,0.0,older_80_89,Older,channel_permutation,20260810,0.8357658386230469,,3.0
1000,0.0,1.0,1.0,0.0,0.0,0.0,1.0,0.0,0.0,0.7899999999999998,1.3400000000000003,2.221557105636704e-16,1.34,1.34,1.34,1.34,1.34,1.34,1.34,,,1.34,1.34,0.7899999999999998,,,0.0,1.0,young_20_29,Young,equal_deterministic,20260801,0.8357658386230469,,
1000,0.084,0.916,0.27,0.238,0.249,0.243,0.27,0.238,0.492,0.7489599999999998,1.2989600000000001,0.15399296163212212,1.34,1.34,1.34,1.34,1.34,1.34,1.34,-3.8591711995793005,13.752159884462689,0.55,1.34,0.7472962962962962,0.7495753424657535,0.0022790461694572883,0.73,0.916,young_20_29,Young,noise_only,20260801,0.8357658386230469,,
1000,0.0,1.0,1.0,0.0,0.0,0.0,1.0,0.0,0.0,0.7899999999999998,1.3400000000000003,2.221557105636704e-16,1.34,1.34,1.34,1.34,1.34,1.34,1.34,,,1.34,1.34,0.7899999999999998,,,0.0,1.0,young_20_29,Young,weak_target_advantage,20260801,0.8357658386230469,,
1000,1.0,0.0,1.0,0.0,0.0,0.0,1.0,0.0,0.0,0.5499999999999999,1.0999999999999999,2.221557105636704e-16,1.1,1.1,1.1,1.1,1.1,1.1,1.1,,,1.1,1.1,0.5499999999999999,,,0.0,0.0,young_20_29,Young,moderate_target_advantage,20260801,0.8357658386230469,,
1000,1.0,0.0,1.0,0.0,0.0,0.0,1.0,0.0,0.0,0.14000000000000007,0.69,1.110778552818352e-16,0.6900000000000001,0.6900000000000001,0.6900000000000001,0.6900000000000001,0.6900000000000001,0.6900000000000001,0.6900000000000001,,,0.6900000000000001,0.6900000000000001,0.14000000000000007,,,0.0,0.0,young_20_29,Young,strong_target_advantage,20260801,0.8357658386230469,,
1000,1.0,0.0,1.0,0.0,0.0,0.0,1.0,0.0,0.0,0.5199999999999998,1.07,0.0,1.07,1.07,1.07,1.07,1.07,1.07,1.07,,,1.07,1.07,0.5199999999999998,,,0.0,0.0,young_20_29,Young,early_flanker_capture_target_recovery,20260801,0.8357658386230469,,
1000,1.0,0.0,1.0,0.0,0.0,0.0,1.0,0.0,0.0,0.2400000000000001,0.7899999999999998,2.221557105636704e-16,0.79,0.79,0.79,0.79,0.79,0.79,0.79,,,0.79,0.79,0.2400000000000001,,,0.0,0.0,young_20_29,Young,target_first_late_flanker,20260801,0.8357658386230469,,
1000,0.0,1.0,1.0,0.0,0.0,0.0,1.0,0.0,0.0,0.7899999999999998,1.3400000000000003,2.221557105636704e-16,1.34,1.34,1.34,1.34,1.34,1.34,1.34,,,1.34,1.34,0.7899999999999998,,,0.0,1.0,young_20_29,Young,evidence_strength_sweep,20260801,0.8357658386230469,0.0,
1000,0.0,1.0,1.0,0.0,0.0,0.0,1.0,0.0,0.0,0.7899999999999998,1.3400000000000003,2.221557105636704e-16,1.34,1.34,1.34,1.34,1.34,1.34,1.34,,,1.34,1.34,0.7899999999999998,,,0.0,1.0,young_20_29,Young,evidence_strength_sweep,20260801,0.8357658386230469,0.1671531677246094,
1000,0.0,1.0,1.0,0.0,0.0,0.0,1.0,0.0,0.0,0.7899999999999998,1.3400000000000003,2.221557105636704e-16,1.34,1.34,1.34,1.34,1.34,1.34,1.34,,,1.34,1.34,0.7899999999999998,,,0.0,1.0,young_20_29,Young,evidence_strength_sweep,20260801,0.8357658386230469,0.3343063354492188,
1000,1.0,0.0,1.0,0.0,0.0,0.0,1.0,0.0,0.0,0.5499999999999999,1.0999999999999999,2.221557105636704e-16,1.1,1.1,1.1,1.1,1.1,1.1,1.1,,,1.1,1.1,0.5499999999999999,,,0.0,0.0,young_20_29,Young,evidence_strength_sweep,20260801,0.8357658386230469,0.5014595031738281,
1000,1.0,0.0,1.0,0.0,0.0,0.0,1.0,0.0,0.0,0.2400000000000001,0.7899999999999998,2.221557105636704e-16,0.79,0.79,0.79,0.79,0.79,0.79,0.79,,,0.79,0.79,0.2400000000000001,,,0.0,0.0,young_20_29,Young,evidence_strength_sweep,20260801,0.8357658386230469,0.6686126708984376,
1000,1.0,0.0,1.0,0.0,0.0,0.0,1.0,0.0,0.0,0.14000000000000007,0.69,1.110778552818352e-16,0.6900000000000001,0.6900000000000001,0.6900000000000001,0.6900000000000001,0.6900000000000001,0.6900000000000001,0.6900000000000001,,,0.6900000000000001,0.6900000000000001,0.14000000000000007,,,0.0,0.0,young_20_29,Young,evidence_strength_sweep,20260801,0.8357658386230469,0.835765838623047,
1000,1.0,0.0,1.0,0.0,0.0,0.0,1.0,0.0,0.0,0.09,0.64,0.0,0.64,0.64,0.64,0.64,0.64,0.64,0.64,,,0.64,0.64,0.09,,,0.0,0.0,young_20_29,Young,evidence_strength_sweep,20260801,0.8357658386230469,1.0029190063476563,
1000,1.0,0.0,1.0,0.0,0.0,0.0,1.0,0.0,0.0,0.2400000000000001,0.7899999999999998,2.221557105636704e-16,0.79,0.79,0.79,0.79,0.79,0.79,0.79,,,0.79,0.79,0.2400000000000001,,,0.0,0.0,young_20_29,Young,channel_permutation,20260801,0.8357658386230469,,0.0
1000,1.0,0.0,0.0,1.0,0.0,0.0,1.0,0.0,0.0,0.2400000000000001,0.7899999999999998,2.221557105636704e-16,0.79,0.79,0.79,0.79,0.79,0.79,0.79,,,0.79,0.79,0.2400000000000001,,,0.0,0.0,young_20_29,Young,channel_permutation,20260801,0.8357658386230469,,1.0
1000,1.0,0.0,0.0,0.0,1.0,0.0,1.0,0.0,0.0,0.2400000000000001,0.7899999999999998,2.221557105636704e-16,0.79,0.79,0.79,0.79,0.79,0.79,0.79,,,0.79,0.79,0.2400000000000001,,,0.0,0.0,young_20_29,Young,channel_permutation,20260801,0.8357658386230469,,2.0
1000,1.0,0.0,0.0,0.0,0.0,1.0,1.0,0.0,0.0,0.2400000000000001,0.7899999999999998,2.221557105636704e-16,0.79,0.79,0.79,0.79,0.79,0.79,0.79,,,0.79,0.79,0.2400000000000001,,,0.0,0.0,young_20_29,Young,channel_permutation,20260801,0.8357658386230469,,3.0
1000,0.0,1.0,1.0,0.0,0.0,0.0,1.0,0.0,0.0,0.7899999999999998,1.3400000000000003,2.221557105636704e-16,1.34,1.34,1.34,1.34,1.34,1.34,1.34,,,1.34,1.34,0.7899999999999998,,,0.0,1.0,young_20_29,Young,equal_deterministic,20260802,0.8357658386230469,,
1000,0.073,0.927,0.257,0.243,0.238,0.262,0.257,0.243,0.5,0.75511,1.3051100000000002,0.1415189581487778,1.34,1.34,1.34,1.34,1.34,1.34,1.34,-4.240442481745124,17.083782061891622,0.55,1.34,0.7529961089494163,0.7558411843876179,0.002845075438201672,0.743,0.927,young_20_29,Young,noise_only,20260802,0.8357658386230469,,
1000,0.0,1.0,1.0,0.0,0.0,0.0,1.0,0.0,0.0,0.7899999999999998,1.3400000000000003,2.221557105636704e-16,1.34,1.34,1.34,1.34,1.34,1.34,1.34,,,1.34,1.34,0.7899999999999998,,,0.0,1.0,young_20_29,Young,weak_target_advantage,20260802,0.8357658386230469,,
1000,1.0,0.0,1.0,0.0,0.0,0.0,1.0,0.0,0.0,0.5499999999999999,1.0999999999999999,2.221557105636704e-16,1.1,1.1,1.1,1.1,1.1,1.1,1.1,,,1.1,1.1,0.5499999999999999,,,0.0,0.0,young_20_29,Young,moderate_target_advantage,20260802,0.8357658386230469,,
1000,1.0,0.0,1.0,0.0,0.0,0.0,1.0,0.0,0.0,0.14000000000000007,0.69,1.110778552818352e-16,0.6900000000000001,0.6900000000000001,0.6900000000000001,0.6900000000000001,0.6900000000000001,0.6900000000000001,0.6900000000000001,,,0.6900000000000001,0.6900000000000001,0.14000000000000007,,,0.0,0.0,young_20_29,Young,strong_target_advantage,20260802,0.8357658386230469,,
1000,1.0,0.0,1.0,0.0,0.0,0.0,1.0,0.0,0.0,0.5199999999999998,1.07,0.0,1.07,1.07,1.07,1.07,1.07,1.07,1.07,,,1.07,1.07,0.5199999999999998,,,0.0,0.0,young_20_29,Young,early_flanker_capture_target_recovery,20260802,0.8357658386230469,,
1000,1.0,0.0,1.0,0.0,0.0,0.0,1.0,0.0,0.0,0.2400000000000001,0.7899999999999998,2.221557105636704e-16,0.79,0.79,0.79,0.79,0.79,0.79,0.79,,,0.79,0.79,0.2400000000000001,,,0.0,0.0,young_20_29,Young,target_first_late_flanker,20260802,0.8357658386230469,,
1000,0.0,1.0,1.0,0.0,0.0,0.0,1.0,0.0,0.0,0.7899999999999998,1.3400000000000003,2.221557105636704e-16,1.34,1.34,1.34,1.34,1.34,1.34,1.34,,,1.34,1.34,0.7899999999999998,,,0.0,1.0,young_20_29,Young,evidence_strength_sweep,20260802,0.8357658386230469,0.0,
1000,0.0,1.0,1.0,0.0,0.0,0.0,1.0,0.0,0.0,0.7899999999999998,1.3400000000000003,2.221557105636704e-16,1.34,1.34,1.34,1.34,1.34,1.34,1.34,,,1.34,1.34,0.7899999999999998,,,0.0,1.0,young_20_29,Young,evidence_strength_sweep,20260802,0.8357658386230469,0.1671531677246094,
1000,0.0,1.0,1.0,0.0,0.0,0.0,1.0,0.0,0.0,0.7899999999999998,1.3400000000000003,2.221557105636704e-16,1.34,1.34,1.34,1.34,1.34,1.34,1.34,,,1.34,1.34,0.7899999999999998,,,0.0,1.0,young_20_29,Young,evidence_strength_sweep,20260802,0.8357658386230469,0.3343063354492188,
1000,1.0,0.0,1.0,0.0,0.0,0.0,1.0,0.0,0.0,0.5499999999999999,1.0999999999999999,2.221557105636704e-16,1.1,1.1,1.1,1.1,1.1,1.1,1.1,,,1.1,1.1,0.5499999999999999,,,0.0,0.0,young_20_29,Young,evidence_strength_sweep,20260802,0.8357658386230469,0.5014595031738281,
1000,1.0,0.0,1.0,0.0,0.0,0.0,1.0,0.0,0.0,0.2400000000000001,0.7899999999999998,2.221557105636704e-16,0.79,0.79,0.79,0.79,0.79,0.79,0.79,,,0.79,0.79,0.2400000000000001,,,0.0,0.0,young_20_29,Young,evidence_strength_sweep,20260802,0.8357658386230469,0.6686126708984376,
1000,1.0,0.0,1.0,0.0,0.0,0.0,1.0,0.0,0.0,0.14000000000000007,0.69,1.110778552818352e-16,0.6900000000000001,0.6900000000000001,0.6900000000000001,0.6900000000000001,0.6900000000000001,0.6900000000000001,0.6900000000000001,,,0.6900000000000001,0.6900000000000001,0.14000000000000007,,,0.0,0.0,young_20_29,Young,evidence_strength_sweep,20260802,0.8357658386230469,0.835765838623047,
1000,1.0,0.0,1.0,0.0,0.0,0.0,1.0,0.0,0.0,0.09,0.64,0.0,0.64,0.64,0.64,0.64,0.64,0.64,0.64,,,0.64,0.64,0.09,,,0.0,0.0,young_20_29,Young,evidence_strength_sweep,20260802,0.8357658386230469,1.0029190063476563,
1000,1.0,0.0,1.0,0.0,0.0,0.0,1.0,0.0,0.0,0.2400000000000001,0.7899999999999998,2.221557105636704e-16,0.79,0.79,0.79,0.79,0.79,0.79,0.79,,,0.79,0.79,0.2400000000000001,,,0.0,0.0,young_20_29,Young,channel_permutation,20260802,0.8357658386230469,,0.0
1000,1.0,0.0,0.0,1.0,0.0,0.0,1.0,0.0,0.0,0.2400000000000001,0.7899999999999998,2.221557105636704e-16,0.79,0.79,0.79,0.79,0.79,0.79,0.79,,,0.79,0.79,0.2400000000000001,,,0.0,0.0,young_20_29,Young,channel_permutation,20260802,0.8357658386230469,,1.0
1000,1.0,0.0,0.0,0.0,1.0,0.0,1.0,0.0,0.0,0.2400000000000001,0.7899999999999998,2.221557105636704e-16,0.79,0.79,0.79,0.79,0.79,0.79,0.79,,,0.79,0.79,0.2400000000000001,,,0.0,0.0,young_20_29,Young,channel_permutation,20260802,0.8357658386230469,,2.0
1000,1.0,0.0,0.0,0.0,0.0,1.0,1.0,0.0,0.0,0.2400000000000001,0.7899999999999998,2.221557105636704e-16,0.79,0.79,0.79,0.79,0.79,0.79,0.79,,,0.79,0.79,0.2400000000000001,,,0.0,0.0,young_20_29,Young,channel_permutation,20260802,0.8357658386230469,,3.0
1000,0.0,1.0,1.0,0.0,0.0,0.0,1.0,0.0,0.0,0.7899999999999998,1.3400000000000003,2.221557105636704e-16,1.34,1.34,1.34,1.34,1.34,1.34,1.34,,,1.34,1.34,0.7899999999999998,,,0.0,1.0,young_20_29,Young,equal_deterministic,20260803,0.8357658386230469,,
1000,0.087,0.913,0.244,0.23,0.253,0.273,0.244,0.23,0.526,0.7457899999999998,1.29579,0.16170691087589617,1.34,1.34,1.34,1.34,1.34,1.34,1.34,-3.7532048024487796,12.885065684890586,0.55,1.34,0.7489754098360656,0.7447619047619048,-0.004213505074160739,0.756,0.913,young_20_29,Young,noise_only,20260803,0.8357658386230469,,
1000,0.0,1.0,1.0,0.0,0.0,0.0,1.0,0.0,0.0,0.7899999999999998,1.3400000000000003,2.221557105636704e-16,1.34,1.34,1.34,1.34,1.34,1.34,1.34,,,1.34,1.34,0.7899999999999998,,,0.0,1.0,young_20_29,Young,weak_target_advantage,20260803,0.8357658386230469,,
1000,1.0,0.0,1.0,0.0,0.0,0.0,1.0,0.0,0.0,0.5499999999999999,1.0999999999999999,2.221557105636704e-16,1.1,1.1,1.1,1.1,1.1,1.1,1.1,,,1.1,1.1,0.5499999999999999,,,0.0,0.0,young_20_29,Young,moderate_target_advantage,20260803,0.8357658386230469,,
1000,1.0,0.0,1.0,0.0,0.0,0.0,1.0,0.0,0.0,0.14000000000000007,0.69,1.110778552818352e-16,0.6900000000000001,0.6900000000000001,0.6900000000000001,0.6900000000000001,0.6900000000000001,0.6900000000000001,0.6900000000000001,,,0.6900000000000001,0.6900000000000001,0.14000000000000007,,,0.0,0.0,young_20_29,Young,strong_target_advantage,20260803,0.8357658386230469,,
1000,1.0,0.0,1.0,0.0,0.0,0.0,1.0,0.0,0.0,0.5199999999999998,1.07,0.0,1.07,1.07,1.07,1.07,1.07,1.07,1.07,,,1.07,1.07,0.5199999999999998,,,0.0,0.0,young_20_29,Young,early_flanker_capture_target_recovery,20260803,0.8357658386230469,,
1000,1.0,0.0,1.0,0.0,0.0,0.0,1.0,0.0,0.0,0.2400000000000001,0.7899999999999998,2.221557105636704e-16,0.79,0.79,0.79,0.79,0.79,0.79,0.79,,,0.79,0.79,0.2400000000000001,,,0.0,0.0,young_20_29,Young,target_first_late_flanker,20260803,0.8357658386230469,,
1000,0.0,1.0,1.0,0.0,0.0,0.0,1.0,0.0,0.0,0.7899999999999998,1.3400000000000003,2.221557105636704e-16,1.34,1.34,1.34,1.34,1.34,1.34,1.34,,,1.34,1.34,0.7899999999999998,,,0.0,1.0,young_20_29,Young,evidence_strength_sweep,20260803,0.8357658386230469,0.0,
1000,0.0,1.0,1.0,0.0,0.0,0.0,1.0,0.0,0.0,0.7899999999999998,1.3400000000000003,2.221557105636704e-16,1.34,1.34,1.34,1.34,1.34,1.34,1.34,,,1.34,1.34,0.7899999999999998,,,0.0,1.0,young_20_29,Young,evidence_strength_sweep,20260803,0.8357658386230469,0.1671531677246094,
1000,0.0,1.0,1.0,0.0,0.0,0.0,1.0,0.0,0.0,0.7899999999999998,1.3400000000000003,2.221557105636704e-16,1.34,1.34,1.34,1.34,1.34,1.34,1.34,,,1.34,1.34,0.7899999999999998,,,0.0,1.0,young_20_29,Young,evidence_strength_sweep,20260803,0.8357658386230469,0.3343063354492188,
1000,1.0,0.0,1.0,0.0,0.0,0.0,1.0,0.0,0.0,0.5499999999999999,1.0999999999999999,2.221557105636704e-16,1.1,1.1,1.1,1.1,1.1,1.1,1.1,,,1.1,1.1,0.5499999999999999,,,0.0,0.0,young_20_29,Young,evidence_strength_sweep,20260803,0.8357658386230469,0.5014595031738281,
1000,1.0,0.0,1.0,0.0,0.0,0.0,1.0,0.0,0.0,0.2400000000000001,0.7899999999999998,2.221557105636704e-16,0.79,0.79,0.79,0.79,0.79,0.79,0.79,,,0.79,0.79,0.2400000000000001,,,0.0,0.0,young_20_29,Young,evidence_strength_sweep,20260803,0.8357658386230469,0.6686126708984376,
1000,1.0,0.0,1.0,0.0,0.0,0.0,1.0,0.0,0.0,0.14000000000000007,0.69,1.110778552818352e-16,0.6900000000000001,0.6900000000000001,0.6900000000000001,0.6900000000000001,0.6900000000000001,0.6900000000000001,0.6900000000000001,,,0.6900000000000001,0.6900000000000001,0.14000000000000007,,,0.0,0.0,young_20_29,Young,evidence_strength_sweep,20260803,0.8357658386230469,0.835765838623047,
1000,1.0,0.0,1.0,0.0,0.0,0.0,1.0,0.0,0.0,0.09,0.64,0.0,0.64,0.64,0.64,0.64,0.64,0.64,0.64,,,0.64,0.64,0.09,,,0.0,0.0,young_20_29,Young,evidence_strength_sweep,20260803,0.8357658386230469,1.0029190063476563,
1000,1.0,0.0,1.0,0.0,0.0,0.0,1.0,0.0,0.0,0.2400000000000001,0.7899999999999998,2.221557105636704e-16,0.79,0.79,0.79,0.79,0.79,0.79,0.79,,,0.79,0.79,0.2400000000000001,,,0.0,0.0,young_20_29,Young,channel_permutation,20260803,0.8357658386230469,,0.0
1000,1.0,0.0,0.0,1.0,0.0,0.0,1.0,0.0,0.0,0.2400000000000001,0.7899999999999998,2.221557105636704e-16,0.79,0.79,0.79,0.79,0.79,0.79,0.79,,,0.79,0.79,0.2400000000000001,,,0.0,0.0,young_20_29,Young,channel_permutation,20260803,0.8357658386230469,,1.0
1000,1.0,0.0,0.0,0.0,1.0,0.0,1.0,0.0,0.0,0.2400000000000001,0.7899999999999998,2.221557105636704e-16,0.79,0.79,0.79,0.79,0.79,0.79,0.79,,,0.79,0.79,0.2400000000000001,,,0.0,0.0,young_20_29,Young,channel_permutation,20260803,0.8357658386230469,,2.0
1000,1.0,0.0,0.0,0.0,0.0,1.0,1.0,0.0,0.0,0.2400000000000001,0.7899999999999998,2.221557105636704e-16,0.79,0.79,0.79,0.79,0.79,0.79,0.79,,,0.79,0.79,0.2400000000000001,,,0.0,0.0,young_20_29,Young,channel_permutation,20260803,0.8357658386230469,,3.0
1000,0.0,1.0,1.0,0.0,0.0,0.0,1.0,0.0,0.0,0.7899999999999998,1.3400000000000003,2.221557105636704e-16,1.34,1.34,1.34,1.34,1.34,1.34,1.34,,,1.34,1.34,0.7899999999999998,,,0.0,1.0,young_20_29,Young,equal_deterministic,20260804,0.8357658386230469,,
1000,0.089,0.911,0.258,0.258,0.229,0.255,0.258,0.258,0.484,0.7472499999999999,1.29725,0.1549184857828053,1.34,1.34,1.34,1.34,1.34,1.34,1.34,-3.7325316005132945,12.853905178703778,0.55,1.34,0.7542248062015503,0.7448247978436658,-0.00940000835788446,0.742,0.911,young_20_29,Young,noise_only,20260804,0.8357658386230469,,
1000,0.0,1.0,1.0,0.0,0.0,0.0,1.0,0.0,0.0,0.7899999999999998,1.3400000000000003,2.221557105636704e-16,1.34,1.34,1.34,1.34,1.34,1.34,1.34,,,1.34,1.34,0.7899999999999998,,,0.0,1.0,young_20_29,Young,weak_target_advantage,20260804,0.8357658386230469,,
1000,1.0,0.0,1.0,0.0,0.0,0.0,1.0,0.0,0.0,0.5499999999999999,1.0999999999999999,2.221557105636704e-16,1.1,1.1,1.1,1.1,1.1,1.1,1.1,,,1.1,1.1,0.5499999999999999,,,0.0,0.0,young_20_29,Young,moderate_target_advantage,20260804,0.8357658386230469,,
1000,1.0,0.0,1.0,0.0,0.0,0.0,1.0,0.0,0.0,0.14000000000000007,0.69,1.110778552818352e-16,0.6900000000000001,0.6900000000000001,0.6900000000000001,0.6900000000000001,0.6900000000000001,0.6900000000000001,0.6900000000000001,,,0.6900000000000001,0.6900000000000001,0.14000000000000007,,,0.0,0.0,young_20_29,Young,strong_target_advantage,20260804,0.8357658386230469,,
1000,1.0,0.0,1.0,0.0,0.0,0.0,1.0,0.0,0.0,0.5199999999999998,1.07,0.0,1.07,1.07,1.07,1.07,1.07,1.07,1.07,,,1.07,1.07,0.5199999999999998,,,0.0,0.0,young_20_29,Young,early_flanker_capture_target_recovery,20260804,0.8357658386230469,,
1000,1.0,0.0,1.0,0.0,0.0,0.0,1.0,0.0,0.0,0.2400000000000001,0.7899999999999998,2.221557105636704e-16,0.79,0.79,0.79,0.79,0.79,0.79,0.79,,,0.79,0.79,0.2400000000000001,,,0.0,0.0,young_20_29,Young,target_first_late_flanker,20260804,0.8357658386230469,,
1000,0.0,1.0,1.0,0.0,0.0,0.0,1.0,0.0,0.0,0.7899999999999998,1.3400000000000003,2.221557105636704e-16,1.34,1.34,1.34,1.34,1.34,1.34,1.34,,,1.34,1.34,0.7899999999999998,,,0.0,1.0,young_20_29,Young,evidence_strength_sweep,20260804,0.8357658386230469,0.0,
1000,0.0,1.0,1.0,0.0,0.0,0.0,1.0,0.0,0.0,0.7899999999999998,1.3400000000000003,2.221557105636704e-16,1.34,1.34,1.34,1.34,1.34,1.34,1.34,,,1.34,1.34,0.7899999999999998,,,0.0,1.0,young_20_29,Young,evidence_strength_sweep,20260804,0.8357658386230469,0.1671531677246094,
1000,0.0,1.0,1.0,0.0,0.0,0.0,1.0,0.0,0.0,0.7899999999999998,1.3400000000000003,2.221557105636704e-16,1.34,1.34,1.34,1.34,1.34,1.34,1.34,,,1.34,1.34,0.7899999999999998,,,0.0,1.0,young_20_29,Young,evidence_strength_sweep,20260804,0.8357658386230469,0.3343063354492188,
1000,1.0,0.0,1.0,0.0,0.0,0.0,1.0,0.0,0.0,0.5499999999999999,1.0999999999999999,2.221557105636704e-16,1.1,1.1,1.1,1.1,1.1,1.1,1.1,,,1.1,1.1,0.5499999999999999,,,0.0,0.0,young_20_29,Young,evidence_strength_sweep,20260804,0.8357658386230469,0.5014595031738281,
1000,1.0,0.0,1.0,0.0,0.0,0.0,1.0,0.0,0.0,0.2400000000000001,0.7899999999999998,2.221557105636704e-16,0.79,0.79,0.79,0.79,0.79,0.79,0.79,,,0.79,0.79,0.2400000000000001,,,0.0,0.0,young_20_29,Young,evidence_strength_sweep,20260804,0.8357658386230469,0.6686126708984376,
1000,1.0,0.0,1.0,0.0,0.0,0.0,1.0,0.0,0.0,0.14000000000000007,0.69,1.110778552818352e-16,0.6900000000000001,0.6900000000000001,0.6900000000000001,0.6900000000000001,0.6900000000000001,0.6900000000000001,0.6900000000000001,,,0.6900000000000001,0.6900000000000001,0.14000000000000007,,,0.0,0.0,young_20_29,Young,evidence_strength_sweep,20260804,0.8357658386230469,0.835765838623047,
1000,1.0,0.0,1.0,0.0,0.0,0.0,1.0,0.0,0.0,0.09,0.64,0.0,0.64,0.64,0.64,0.64,0.64,0.64,0.64,,,0.64,0.64,0.09,,,0.0,0.0,young_20_29,Young,evidence_strength_sweep,20260804,0.8357658386230469,1.0029190063476563,
1000,1.0,0.0,1.0,0.0,0.0,0.0,1.0,0.0,0.0,0.2400000000000001,0.7899999999999998,2.221557105636704e-16,0.79,0.79,0.79,0.79,0.79,0.79,0.79,,,0.79,0.79,0.2400000000000001,,,0.0,0.0,young_20_29,Young,channel_permutation,20260804,0.8357658386230469,,0.0
1000,1.0,0.0,0.0,1.0,0.0,0.0,1.0,0.0,0.0,0.2400000000000001,0.7899999999999998,2.221557105636704e-16,0.79,0.79,0.79,0.79,0.79,0.79,0.79,,,0.79,0.79,0.2400000000000001,,,0.0,0.0,young_20_29,Young,channel_permutation,20260804,0.8357658386230469,,1.0
1000,1.0,0.0,0.0,0.0,1.0,0.0,1.0,0.0,0.0,0.2400000000000001,0.7899999999999998,2.221557105636704e-16,0.79,0.79,0.79,0.79,0.79,0.79,0.79,,,0.79,0.79,0.2400000000000001,,,0.0,0.0,young_20_29,Young,channel_permutation,20260804,0.8357658386230469,,2.0
1000,1.0,0.0,0.0,0.0,0.0,1.0,1.0,0.0,0.0,0.2400000000000001,0.7899999999999998,2.221557105636704e-16,0.79,0.79,0.79,0.79,0.79,0.79,0.79,,,0.79,0.79,0.2400000000000001,,,0.0,0.0,young_20_29,Young,channel_permutation,20260804,0.8357658386230469,,3.0
1000,0.0,1.0,1.0,0.0,0.0,0.0,1.0,0.0,0.0,0.7899999999999998,1.3400000000000003,2.221557105636704e-16,1.34,1.34,1.34,1.34,1.34,1.34,1.34,,,1.34,1.34,0.7899999999999998,,,0.0,1.0,young_20_29,Young,equal_deterministic,20260805,0.8357658386230469,,
1000,0.088,0.912,0.257,0.253,0.242,0.248,0.257,0.253,0.49,0.7499899999999998,1.2999900000000002,0.1515191669656283,1.34,1.34,1.34,1.34,1.34,1.34,1.34,-3.9386883427283266,14.378377096943542,0.55,1.34,0.7659922178988327,0.7444549125168238,-0.02153730538200882,0.743,0.912,young_20_29,Young,noise_only,20260805,0.8357658386230469,,
1000,0.0,1.0,1.0,0.0,0.0,0.0,1.0,0.0,0.0,0.7899999999999998,1.3400000000000003,2.221557105636704e-16,1.34,1.34,1.34,1.34,1.34,1.34,1.34,,,1.34,1.34,0.7899999999999998,,,0.0,1.0,young_20_29,Young,weak_target_advantage,20260805,0.8357658386230469,,
1000,1.0,0.0,1.0,0.0,0.0,0.0,1.0,0.0,0.0,0.5499999999999999,1.0999999999999999,2.221557105636704e-16,1.1,1.1,1.1,1.1,1.1,1.1,1.1,,,1.1,1.1,0.5499999999999999,,,0.0,0.0,young_20_29,Young,moderate_target_advantage,20260805,0.8357658386230469,,
1000,1.0,0.0,1.0,0.0,0.0,0.0,1.0,0.0,0.0,0.14000000000000007,0.69,1.110778552818352e-16,0.6900000000000001,0.6900000000000001,0.6900000000000001,0.6900000000000001,0.6900000000000001,0.6900000000000001,0.6900000000000001,,,0.6900000000000001,0.6900000000000001,0.14000000000000007,,,0.0,0.0,young_20_29,Young,strong_target_advantage,20260805,0.8357658386230469,,
1000,1.0,0.0,1.0,0.0,0.0,0.0,1.0,0.0,0.0,0.5199999999999998,1.07,0.0,1.07,1.07,1.07,1.07,1.07,1.07,1.07,,,1.07,1.07,0.5199999999999998,,,0.0,0.0,young_20_29,Young,early_flanker_capture_target_recovery,20260805,0.8357658386230469,,
1000,1.0,0.0,1.0,0.0,0.0,0.0,1.0,0.0,0.0,0.2400000000000001,0.7899999999999998,2.221557105636704e-16,0.79,0.79,0.79,0.79,0.79,0.79,0.79,,,0.79,0.79,0.2400000000000001,,,0.0,0.0,young_20_29,Young,target_first_late_flanker,20260805,0.8357658386230469,,
1000,0.0,1.0,1.0,0.0,0.0,0.0,1.0,0.0,0.0,0.7899999999999998,1.3400000000000003,2.221557105636704e-16,1.34,1.34,1.34,1.34,1.34,1.34,1.34,,,1.34,1.34,0.7899999999999998,,,0.0,1.0,young_20_29,Young,evidence_strength_sweep,20260805,0.8357658386230469,0.0,
1000,0.0,1.0,1.0,0.0,0.0,0.0,1.0,0.0,0.0,0.7899999999999998,1.3400000000000003,2.221557105636704e-16,1.34,1.34,1.34,1.34,1.34,1.34,1.34,,,1.34,1.34,0.7899999999999998,,,0.0,1.0,young_20_29,Young,evidence_strength_sweep,20260805,0.8357658386230469,0.1671531677246094,
1000,0.0,1.0,1.0,0.0,0.0,0.0,1.0,0.0,0.0,0.7899999999999998,1.3400000000000003,2.221557105636704e-16,1.34,1.34,1.34,1.34,1.34,1.34,1.34,,,1.34,1.34,0.7899999999999998,,,0.0,1.0,young_20_29,Young,evidence_strength_sweep,20260805,0.8357658386230469,0.3343063354492188,
1000,1.0,0.0,1.0,0.0,0.0,0.0,1.0,0.0,0.0,0.5499999999999999,1.0999999999999999,2.221557105636704e-16,1.1,1.1,1.1,1.1,1.1,1.1,1.1,,,1.1,1.1,0.5499999999999999,,,0.0,0.0,young_20_29,Young,evidence_strength_sweep,20260805,0.8357658386230469,0.5014595031738281,
1000,1.0,0.0,1.0,0.0,0.0,0.0,1.0,0.0,0.0,0.2400000000000001,0.7899999999999998,2.221557105636704e-16,0.79,0.79,0.79,0.79,0.79,0.79,0.79,,,0.79,0.79,0.2400000000000001,,,0.0,0.0,young_20_29,Young,evidence_strength_sweep,20260805,0.8357658386230469,0.6686126708984376,
1000,1.0,0.0,1.0,0.0,0.0,0.0,1.0,0.0,0.0,0.14000000000000007,0.69,1.110778552818352e-16,0.6900000000000001,0.6900000000000001,0.6900000000000001,0.6900000000000001,0.6900000000000001,0.6900000000000001,0.6900000000000001,,,0.6900000000000001,0.6900000000000001,0.14000000000000007,,,0.0,0.0,young_20_29,Young,evidence_strength_sweep,20260805,0.8357658386230469,0.835765838623047,
1000,1.0,0.0,1.0,0.0,0.0,0.0,1.0,0.0,0.0,0.09,0.64,0.0,0.64,0.64,0.64,0.64,0.64,0.64,0.64,,,0.64,0.64,0.09,,,0.0,0.0,young_20_29,Young,evidence_strength_sweep,20260805,0.8357658386230469,1.0029190063476563,
1000,1.0,0.0,1.0,0.0,0.0,0.0,1.0,0.0,0.0,0.2400000000000001,0.7899999999999998,2.221557105636704e-16,0.79,0.79,0.79,0.79,0.79,0.79,0.79,,,0.79,0.79,0.2400000000000001,,,0.0,0.0,young_20_29,Young,channel_permutation,20260805,0.8357658386230469,,0.0
1000,1.0,0.0,0.0,1.0,0.0,0.0,1.0,0.0,0.0,0.2400000000000001,0.7899999999999998,2.221557105636704e-16,0.79,0.79,0.79,0.79,0.79,0.79,0.79,,,0.79,0.79,0.2400000000000001,,,0.0,0.0,young_20_29,Young,channel_permutation,20260805,0.8357658386230469,,1.0
1000,1.0,0.0,0.0,0.0,1.0,0.0,1.0,0.0,0.0,0.2400000000000001,0.7899999999999998,2.221557105636704e-16,0.79,0.79,0.79,0.79,0.79,0.79,0.79,,,0.79,0.79,0.2400000000000001,,,0.0,0.0,young_20_29,Young,channel_permutation,20260805,0.8357658386230469,,2.0
1000,1.0,0.0,0.0,0.0,0.0,1.0,1.0,0.0,0.0,0.2400000000000001,0.7899999999999998,2.221557105636704e-16,0.79,0.79,0.79,0.79,0.79,0.79,0.79,,,0.79,0.79,0.2400000000000001,,,0.0,0.0,young_20_29,Young,channel_permutation,20260805,0.8357658386230469,,3.0
1000,0.0,1.0,1.0,0.0,0.0,0.0,1.0,0.0,0.0,0.7899999999999998,1.3400000000000003,2.221557105636704e-16,1.34,1.34,1.34,1.34,1.34,1.34,1.34,,,1.34,1.34,0.7899999999999998,,,0.0,1.0,young_20_29,Young,equal_deterministic,20260806,0.8357658386230469,,
1000,0.081,0.919,0.233,0.259,0.244,0.264,0.233,0.259,0.508,0.7475199999999999,1.29752,0.15921557461253344,1.34,1.34,1.34,1.34,1.34,1.34,1.34,-3.7865727635654403,13.059624183025065,0.55,1.34,0.7523605150214592,0.7460495436766623,-0.006310971344796856,0.767,0.919,young_20_29,Young,noise_only,20260806,0.8357658386230469,,
1000,0.0,1.0,1.0,0.0,0.0,0.0,1.0,0.0,0.0,0.7899999999999998,1.3400000000000003,2.221557105636704e-16,1.34,1.34,1.34,1.34,1.34,1.34,1.34,,,1.34,1.34,0.7899999999999998,,,0.0,1.0,young_20_29,Young,weak_target_advantage,20260806,0.8357658386230469,,
1000,1.0,0.0,1.0,0.0,0.0,0.0,1.0,0.0,0.0,0.5499999999999999,1.0999999999999999,2.221557105636704e-16,1.1,1.1,1.1,1.1,1.1,1.1,1.1,,,1.1,1.1,0.5499999999999999,,,0.0,0.0,young_20_29,Young,moderate_target_advantage,20260806,0.8357658386230469,,
1000,1.0,0.0,1.0,0.0,0.0,0.0,1.0,0.0,0.0,0.14000000000000007,0.69,1.110778552818352e-16,0.6900000000000001,0.6900000000000001,0.6900000000000001,0.6900000000000001,0.6900000000000001,0.6900000000000001,0.6900000000000001,,,0.6900000000000001,0.6900000000000001,0.14000000000000007,,,0.0,0.0,young_20_29,Young,strong_target_advantage,20260806,0.8357658386230469,,
1000,1.0,0.0,1.0,0.0,0.0,0.0,1.0,0.0,0.0,0.5199999999999998,1.07,0.0,1.07,1.07,1.07,1.07,1.07,1.07,1.07,,,1.07,1.07,0.5199999999999998,,,0.0,0.0,young_20_29,Young,early_flanker_capture_target_recovery,20260806,0.8357658386230469,,
1000,1.0,0.0,1.0,0.0,0.0,0.0,1.0,0.0,0.0,0.2400000000000001,0.7899999999999998,2.221557105636704e-16,0.79,0.79,0.79,0.79,0.79,0.79,0.79,,,0.79,0.79,0.2400000000000001,,,0.0,0.0,young_20_29,Young,target_first_late_flanker,20260806,0.8357658386230469,,
1000,0.0,1.0,1.0,0.0,0.0,0.0,1.0,0.0,0.0,0.7899999999999998,1.3400000000000003,2.221557105636704e-16,1.34,1.34,1.34,1.34,1.34,1.34,1.34,,,1.34,1.34,0.7899999999999998,,,0.0,1.0,young_20_29,Young,evidence_strength_sweep,20260806,0.8357658386230469,0.0,
1000,0.0,1.0,1.0,0.0,0.0,0.0,1.0,0.0,0.0,0.7899999999999998,1.3400000000000003,2.221557105636704e-16,1.34,1.34,1.34,1.34,1.34,1.34,1.34,,,1.34,1.34,0.7899999999999998,,,0.0,1.0,young_20_29,Young,evidence_strength_sweep,20260806,0.8357658386230469,0.1671531677246094,
1000,0.0,1.0,1.0,0.0,0.0,0.0,1.0,0.0,0.0,0.7899999999999998,1.3400000000000003,2.221557105636704e-16,1.34,1.34,1.34,1.34,1.34,1.34,1.34,,,1.34,1.34,0.7899999999999998,,,0.0,1.0,young_20_29,Young,evidence_strength_sweep,20260806,0.8357658386230469,0.3343063354492188,
1000,1.0,0.0,1.0,0.0,0.0,0.0,1.0,0.0,0.0,0.5499999999999999,1.0999999999999999,2.221557105636704e-16,1.1,1.1,1.1,1.1,1.1,1.1,1.1,,,1.1,1.1,0.5499999999999999,,,0.0,0.0,young_20_29,Young,evidence_strength_sweep,20260806,0.8357658386230469,0.5014595031738281,
1000,1.0,0.0,1.0,0.0,0.0,0.0,1.0,0.0,0.0,0.2400000000000001,0.7899999999999998,2.221557105636704e-16,0.79,0.79,0.79,0.79,0.79,0.79,0.79,,,0.79,0.79,0.2400000000000001,,,0.0,0.0,young_20_29,Young,evidence_strength_sweep,20260806,0.8357658386230469,0.6686126708984376,
1000,1.0,0.0,1.0,0.0,0.0,0.0,1.0,0.0,0.0,0.14000000000000007,0.69,1.110778552818352e-16,0.6900000000000001,0.6900000000000001,0.6900000000000001,0.6900000000000001,0.6900000000000001,0.6900000000000001,0.6900000000000001,,,0.6900000000000001,0.6900000000000001,0.14000000000000007,,,0.0,0.0,young_20_29,Young,evidence_strength_sweep,20260806,0.8357658386230469,0.835765838623047,
1000,1.0,0.0,1.0,0.0,0.0,0.0,1.0,0.0,0.0,0.09,0.64,0.0,0.64,0.64,0.64,0.64,0.64,0.64,0.64,,,0.64,0.64,0.09,,,0.0,0.0,young_20_29,Young,evidence_strength_sweep,20260806,0.8357658386230469,1.0029190063476563,
1000,1.0,0.0,1.0,0.0,0.0,0.0,1.0,0.0,0.0,0.2400000000000001,0.7899999999999998,2.221557105636704e-16,0.79,0.79,0.79,0.79,0.79,0.79,0.79,,,0.79,0.79,0.2400000000000001,,,0.0,0.0,young_20_29,Young,channel_permutation,20260806,0.8357658386230469,,0.0
1000,1.0,0.0,0.0,1.0,0.0,0.0,1.0,0.0,0.0,0.2400000000000001,0.7899999999999998,2.221557105636704e-16,0.79,0.79,0.79,0.79,0.79,0.79,0.79,,,0.79,0.79,0.2400000000000001,,,0.0,0.0,young_20_29,Young,channel_permutation,20260806,0.8357658386230469,,1.0
1000,1.0,0.0,0.0,0.0,1.0,0.0,1.0,0.0,0.0,0.2400000000000001,0.7899999999999998,2.221557105636704e-16,0.79,0.79,0.79,0.79,0.79,0.79,0.79,,,0.79,0.79,0.2400000000000001,,,0.0,0.0,young_20_29,Young,channel_permutation,20260806,0.8357658386230469,,2.0
1000,1.0,0.0,0.0,0.0,0.0,1.0,1.0,0.0,0.0,0.2400000000000001,0.7899999999999998,2.221557105636704e-16,0.79,0.79,0.79,0.79,0.79,0.79,0.79,,,0.79,0.79,0.2400000000000001,,,0.0,0.0,young_20_29,Young,channel_permutation,20260806,0.8357658386230469,,3.0
1000,0.0,1.0,1.0,0.0,0.0,0.0,1.0,0.0,0.0,0.7899999999999998,1.3400000000000003,2.221557105636704e-16,1.34,1.34,1.34,1.34,1.34,1.34,1.34,,,1.34,1.34,0.7899999999999998,,,0.0,1.0,young_20_29,Young,equal_deterministic,20260807,0.8357658386230469,,
1000,0.088,0.912,0.241,0.29,0.231,0.238,0.241,0.29,0.469,0.7464499999999998,1.2964499999999999,0.15833941034647334,1.34,1.34,1.34,1.34,1.34,1.34,1.34,-3.7415508646150526,12.864935861153864,0.55,1.34,0.7408713692946056,0.7482213438735179,0.007349974578912288,0.759,0.912,young_20_29,Young,noise_only,20260807,0.8357658386230469,,
1000,0.0,1.0,1.0,0.0,0.0,0.0,1.0,0.0,0.0,0.7899999999999998,1.3400000000000003,2.221557105636704e-16,1.34,1.34,1.34,1.34,1.34,1.34,1.34,,,1.34,1.34,0.7899999999999998,,,0.0,1.0,young_20_29,Young,weak_target_advantage,20260807,0.8357658386230469,,
1000,1.0,0.0,1.0,0.0,0.0,0.0,1.0,0.0,0.0,0.5499999999999999,1.0999999999999999,2.221557105636704e-16,1.1,1.1,1.1,1.1,1.1,1.1,1.1,,,1.1,1.1,0.5499999999999999,,,0.0,0.0,young_20_29,Young,moderate_target_advantage,20260807,0.8357658386230469,,
1000,1.0,0.0,1.0,0.0,0.0,0.0,1.0,0.0,0.0,0.14000000000000007,0.69,1.110778552818352e-16,0.6900000000000001,0.6900000000000001,0.6900000000000001,0.6900000000000001,0.6900000000000001,0.6900000000000001,0.6900000000000001,,,0.6900000000000001,0.6900000000000001,0.14000000000000007,,,0.0,0.0,young_20_29,Young,strong_target_advantage,20260807,0.8357658386230469,,
1000,1.0,0.0,1.0,0.0,0.0,0.0,1.0,0.0,0.0,0.5199999999999998,1.07,0.0,1.07,1.07,1.07,1.07,1.07,1.07,1.07,,,1.07,1.07,0.5199999999999998,,,0.0,0.0,young_20_29,Young,early_flanker_capture_target_recovery,20260807,0.8357658386230469,,
1000,1.0,0.0,1.0,0.0,0.0,0.0,1.0,0.0,0.0,0.2400000000000001,0.7899999999999998,2.221557105636704e-16,0.79,0.79,0.79,0.79,0.79,0.79,0.79,,,0.79,0.79,0.2400000000000001,,,0.0,0.0,young_20_29,Young,target_first_late_flanker,20260807,0.8357658386230469,,
1000,0.0,1.0,1.0,0.0,0.0,0.0,1.0,0.0,0.0,0.7899999999999998,1.3400000000000003,2.221557105636704e-16,1.34,1.34,1.34,1.34,1.34,1.34,1.34,,,1.34,1.34,0.7899999999999998,,,0.0,1.0,young_20_29,Young,evidence_strength_sweep,20260807,0.8357658386230469,0.0,
1000,0.0,1.0,1.0,0.0,0.0,0.0,1.0,0.0,0.0,0.7899999999999998,1.3400000000000003,2.221557105636704e-16,1.34,1.34,1.34,1.34,1.34,1.34,1.34,,,1.34,1.34,0.7899999999999998,,,0.0,1.0,young_20_29,Young,evidence_strength_sweep,20260807,0.8357658386230469,0.1671531677246094,
1000,0.0,1.0,1.0,0.0,0.0,0.0,1.0,0.0,0.0,0.7899999999999998,1.3400000000000003,2.221557105636704e-16,1.34,1.34,1.34,1.34,1.34,1.34,1.34,,,1.34,1.34,0.7899999999999998,,,0.0,1.0,young_20_29,Young,evidence_strength_sweep,20260807,0.8357658386230469,0.3343063354492188,
1000,1.0,0.0,1.0,0.0,0.0,0.0,1.0,0.0,0.0,0.5499999999999999,1.0999999999999999,2.221557105636704e-16,1.1,1.1,1.1,1.1,1.1,1.1,1.1,,,1.1,1.1,0.5499999999999999,,,0.0,0.0,young_20_29,Young,evidence_strength_sweep,20260807,0.8357658386230469,0.5014595031738281,
1000,1.0,0.0,1.0,0.0,0.0,0.0,1.0,0.0,0.0,0.2400000000000001,0.7899999999999998,2.221557105636704e-16,0.79,0.79,0.79,0.79,0.79,0.79,0.79,,,0.79,0.79,0.2400000000000001,,,0.0,0.0,young_20_29,Young,evidence_strength_sweep,20260807,0.8357658386230469,0.6686126708984376,
1000,1.0,0.0,1.0,0.0,0.0,0.0,1.0,0.0,0.0,0.14000000000000007,0.69,1.110778552818352e-16,0.6900000000000001,0.6900000000000001,0.6900000000000001,0.6900000000000001,0.6900000000000001,0.6900000000000001,0.6900000000000001,,,0.6900000000000001,0.6900000000000001,0.14000000000000007,,,0.0,0.0,young_20_29,Young,evidence_strength_sweep,20260807,0.8357658386230469,0.835765838623047,
1000,1.0,0.0,1.0,0.0,0.0,0.0,1.0,0.0,0.0,0.09,0.64,0.0,0.64,0.64,0.64,0.64,0.64,0.64,0.64,,,0.64,0.64,0.09,,,0.0,0.0,young_20_29,Young,evidence_strength_sweep,20260807,0.8357658386230469,1.0029190063476563,
1000,1.0,0.0,1.0,0.0,0.0,0.0,1.0,0.0,0.0,0.2400000000000001,0.7899999999999998,2.221557105636704e-16,0.79,0.79,0.79,0.79,0.79,0.79,0.79,,,0.79,0.79,0.2400000000000001,,,0.0,0.0,young_20_29,Young,channel_permutation,20260807,0.8357658386230469,,0.0
1000,1.0,0.0,0.0,1.0,0.0,0.0,1.0,0.0,0.0,0.2400000000000001,0.7899999999999998,2.221557105636704e-16,0.79,0.79,0.79,0.79,0.79,0.79,0.79,,,0.79,0.79,0.2400000000000001,,,0.0,0.0,young_20_29,Young,channel_permutation,20260807,0.8357658386230469,,1.0
1000,1.0,0.0,0.0,0.0,1.0,0.0,1.0,0.0,0.0,0.2400000000000001,0.7899999999999998,2.221557105636704e-16,0.79,0.79,0.79,0.79,0.79,0.79,0.79,,,0.79,0.79,0.2400000000000001,,,0.0,0.0,young_20_29,Young,channel_permutation,20260807,0.8357658386230469,,2.0
1000,1.0,0.0,0.0,0.0,0.0,1.0,1.0,0.0,0.0,0.2400000000000001,0.7899999999999998,2.221557105636704e-16,0.79,0.79,0.79,0.79,0.79,0.79,0.79,,,0.79,0.79,0.2400000000000001,,,0.0,0.0,young_20_29,Young,channel_permutation,20260807,0.8357658386230469,,3.0
1000,0.0,1.0,1.0,0.0,0.0,0.0,1.0,0.0,0.0,0.7899999999999998,1.3400000000000003,2.221557105636704e-16,1.34,1.34,1.34,1.34,1.34,1.34,1.34,,,1.34,1.34,0.7899999999999998,,,0.0,1.0,young_20_29,Young,equal_deterministic,20260808,0.8357658386230469,,
1000,0.089,0.911,0.217,0.252,0.268,0.263,0.217,0.252,0.531,0.75106,1.3010599999999999,0.14426811737071255,1.34,1.34,1.34,1.34,1.34,1.34,1.34,-3.942670249609549,14.781846753480309,0.55,1.34,0.7580184331797235,0.749131545338442,-0.008886887841281554,0.783,0.911,young_20_29,Young,noise_only,20260808,0.8357658386230469,,
1000,0.0,1.0,1.0,0.0,0.0,0.0,1.0,0.0,0.0,0.7899999999999998,1.3400000000000003,2.221557105636704e-16,1.34,1.34,1.34,1.34,1.34,1.34,1.34,,,1.34,1.34,0.7899999999999998,,,0.0,1.0,young_20_29,Young,weak_target_advantage,20260808,0.8357658386230469,,
1000,1.0,0.0,1.0,0.0,0.0,0.0,1.0,0.0,0.0,0.5499999999999999,1.0999999999999999,2.221557105636704e-16,1.1,1.1,1.1,1.1,1.1,1.1,1.1,,,1.1,1.1,0.5499999999999999,,,0.0,0.0,young_20_29,Young,moderate_target_advantage,20260808,0.8357658386230469,,
1000,1.0,0.0,1.0,0.0,0.0,0.0,1.0,0.0,0.0,0.14000000000000007,0.69,1.110778552818352e-16,0.6900000000000001,0.6900000000000001,0.6900000000000001,0.6900000000000001,0.6900000000000001,0.6900000000000001,0.6900000000000001,,,0.6900000000000001,0.6900000000000001,0.14000000000000007,,,0.0,0.0,young_20_29,Young,strong_target_advantage,20260808,0.8357658386230469,,
1000,1.0,0.0,1.0,0.0,0.0,0.0,1.0,0.0,0.0,0.5199999999999998,1.07,0.0,1.07,1.07,1.07,1.07,1.07,1.07,1.07,,,1.07,1.07,0.5199999999999998,,,0.0,0.0,young_20_29,Young,early_flanker_capture_target_recovery,20260808,0.8357658386230469,,
1000,1.0,0.0,1.0,0.0,0.0,0.0,1.0,0.0,0.0,0.2400000000000001,0.7899999999999998,2.221557105636704e-16,0.79,0.79,0.79,0.79,0.79,0.79,0.79,,,0.79,0.79,0.2400000000000001,,,0.0,0.0,young_20_29,Young,target_first_late_flanker,20260808,0.8357658386230469,,
1000,0.0,1.0,1.0,0.0,0.0,0.0,1.0,0.0,0.0,0.7899999999999998,1.3400000000000003,2.221557105636704e-16,1.34,1.34,1.34,1.34,1.34,1.34,1.34,,,1.34,1.34,0.7899999999999998,,,0.0,1.0,young_20_29,Young,evidence_strength_sweep,20260808,0.8357658386230469,0.0,
1000,0.0,1.0,1.0,0.0,0.0,0.0,1.0,0.0,0.0,0.7899999999999998,1.3400000000000003,2.221557105636704e-16,1.34,1.34,1.34,1.34,1.34,1.34,1.34,,,1.34,1.34,0.7899999999999998,,,0.0,1.0,young_20_29,Young,evidence_strength_sweep,20260808,0.8357658386230469,0.1671531677246094,
1000,0.0,1.0,1.0,0.0,0.0,0.0,1.0,0.0,0.0,0.7899999999999998,1.3400000000000003,2.221557105636704e-16,1.34,1.34,1.34,1.34,1.34,1.34,1.34,,,1.34,1.34,0.7899999999999998,,,0.0,1.0,young_20_29,Young,evidence_strength_sweep,20260808,0.8357658386230469,0.3343063354492188,
1000,1.0,0.0,1.0,0.0,0.0,0.0,1.0,0.0,0.0,0.5499999999999999,1.0999999999999999,2.221557105636704e-16,1.1,1.1,1.1,1.1,1.1,1.1,1.1,,,1.1,1.1,0.5499999999999999,,,0.0,0.0,young_20_29,Young,evidence_strength_sweep,20260808,0.8357658386230469,0.5014595031738281,
1000,1.0,0.0,1.0,0.0,0.0,0.0,1.0,0.0,0.0,0.2400000000000001,0.7899999999999998,2.221557105636704e-16,0.79,0.79,0.79,0.79,0.79,0.79,0.79,,,0.79,0.79,0.2400000000000001,,,0.0,0.0,young_20_29,Young,evidence_strength_sweep,20260808,0.8357658386230469,0.6686126708984376,
1000,1.0,0.0,1.0,0.0,0.0,0.0,1.0,0.0,0.0,0.14000000000000007,0.69,1.110778552818352e-16,0.6900000000000001,0.6900000000000001,0.6900000000000001,0.6900000000000001,0.6900000000000001,0.6900000000000001,0.6900000000000001,,,0.6900000000000001,0.6900000000000001,0.14000000000000007,,,0.0,0.0,young_20_29,Young,evidence_strength_sweep,20260808,0.8357658386230469,0.835765838623047,
1000,1.0,0.0,1.0,0.0,0.0,0.0,1.0,0.0,0.0,0.09,0.64,0.0,0.64,0.64,0.64,0.64,0.64,0.64,0.64,,,0.64,0.64,0.09,,,0.0,0.0,young_20_29,Young,evidence_strength_sweep,20260808,0.8357658386230469,1.0029190063476563,
1000,1.0,0.0,1.0,0.0,0.0,0.0,1.0,0.0,0.0,0.2400000000000001,0.7899999999999998,2.221557105636704e-16,0.79,0.79,0.79,0.79,0.79,0.79,0.79,,,0.79,0.79,0.2400000000000001,,,0.0,0.0,young_20_29,Young,channel_permutation,20260808,0.8357658386230469,,0.0
1000,1.0,0.0,0.0,1.0,0.0,0.0,1.0,0.0,0.0,0.2400000000000001,0.7899999999999998,2.221557105636704e-16,0.79,0.79,0.79,0.79,0.79,0.79,0.79,,,0.79,0.79,0.2400000000000001,,,0.0,0.0,young_20_29,Young,channel_permutation,20260808,0.8357658386230469,,1.0
1000,1.0,0.0,0.0,0.0,1.0,0.0,1.0,0.0,0.0,0.2400000000000001,0.7899999999999998,2.221557105636704e-16,0.79,0.79,0.79,0.79,0.79,0.79,0.79,,,0.79,0.79,0.2400000000000001,,,0.0,0.0,young_20_29,Young,channel_permutation,20260808,0.8357658386230469,,2.0
1000,1.0,0.0,0.0,0.0,0.0,1.0,1.0,0.0,0.0,0.2400000000000001,0.7899999999999998,2.221557105636704e-16,0.79,0.79,0.79,0.79,0.79,0.79,0.79,,,0.79,0.79,0.2400000000000001,,,0.0,0.0,young_20_29,Young,channel_permutation,20260808,0.8357658386230469,,3.0
1000,0.0,1.0,1.0,0.0,0.0,0.0,1.0,0.0,0.0,0.7899999999999998,1.3400000000000003,2.221557105636704e-16,1.34,1.34,1.34,1.34,1.34,1.34,1.34,,,1.34,1.34,0.7899999999999998,,,0.0,1.0,young_20_29,Young,equal_deterministic,20260809,0.8357658386230469,,
1000,0.09,0.91,0.24,0.266,0.231,0.263,0.24,0.266,0.494,0.7466699999999998,1.29667,0.1557667306403212,1.34,1.34,1.34,1.34,1.34,1.34,1.34,-3.7226672604015474,12.84550621304688,0.55,1.34,0.7594999999999998,0.7426184210526318,-0.01688157894736808,0.76,0.91,young_20_29,Young,noise_only,20260809,0.8357658386230469,,
1000,0.0,1.0,1.0,0.0,0.0,0.0,1.0,0.0,0.0,0.7899999999999998,1.3400000000000003,2.221557105636704e-16,1.34,1.34,1.34,1.34,1.34,1.34,1.34,,,1.34,1.34,0.7899999999999998,,,0.0,1.0,young_20_29,Young,weak_target_advantage,20260809,0.8357658386230469,,
1000,1.0,0.0,1.0,0.0,0.0,0.0,1.0,0.0,0.0,0.5499999999999999,1.0999999999999999,2.221557105636704e-16,1.1,1.1,1.1,1.1,1.1,1.1,1.1,,,1.1,1.1,0.5499999999999999,,,0.0,0.0,young_20_29,Young,moderate_target_advantage,20260809,0.8357658386230469,,
1000,1.0,0.0,1.0,0.0,0.0,0.0,1.0,0.0,0.0,0.14000000000000007,0.69,1.110778552818352e-16,0.6900000000000001,0.6900000000000001,0.6900000000000001,0.6900000000000001,0.6900000000000001,0.6900000000000001,0.6900000000000001,,,0.6900000000000001,0.6900000000000001,0.14000000000000007,,,0.0,0.0,young_20_29,Young,strong_target_advantage,20260809,0.8357658386230469,,
1000,1.0,0.0,1.0,0.0,0.0,0.0,1.0,0.0,0.0,0.5199999999999998,1.07,0.0,1.07,1.07,1.07,1.07,1.07,1.07,1.07,,,1.07,1.07,0.5199999999999998,,,0.0,0.0,young_20_29,Young,early_flanker_capture_target_recovery,20260809,0.8357658386230469,,
1000,1.0,0.0,1.0,0.0,0.0,0.0,1.0,0.0,0.0,0.2400000000000001,0.7899999999999998,2.221557105636704e-16,0.79,0.79,0.79,0.79,0.79,0.79,0.79,,,0.79,0.79,0.2400000000000001,,,0.0,0.0,young_20_29,Young,target_first_late_flanker,20260809,0.8357658386230469,,
1000,0.0,1.0,1.0,0.0,0.0,0.0,1.0,0.0,0.0,0.7899999999999998,1.3400000000000003,2.221557105636704e-16,1.34,1.34,1.34,1.34,1.34,1.34,1.34,,,1.34,1.34,0.7899999999999998,,,0.0,1.0,young_20_29,Young,evidence_strength_sweep,20260809,0.8357658386230469,0.0,
1000,0.0,1.0,1.0,0.0,0.0,0.0,1.0,0.0,0.0,0.7899999999999998,1.3400000000000003,2.221557105636704e-16,1.34,1.34,1.34,1.34,1.34,1.34,1.34,,,1.34,1.34,0.7899999999999998,,,0.0,1.0,young_20_29,Young,evidence_strength_sweep,20260809,0.8357658386230469,0.1671531677246094,
1000,0.0,1.0,1.0,0.0,0.0,0.0,1.0,0.0,0.0,0.7899999999999998,1.3400000000000003,2.221557105636704e-16,1.34,1.34,1.34,1.34,1.34,1.34,1.34,,,1.34,1.34,0.7899999999999998,,,0.0,1.0,young_20_29,Young,evidence_strength_sweep,20260809,0.8357658386230469,0.3343063354492188,
1000,1.0,0.0,1.0,0.0,0.0,0.0,1.0,0.0,0.0,0.5499999999999999,1.0999999999999999,2.221557105636704e-16,1.1,1.1,1.1,1.1,1.1,1.1,1.1,,,1.1,1.1,0.5499999999999999,,,0.0,0.0,young_20_29,Young,evidence_strength_sweep,20260809,0.8357658386230469,0.5014595031738281,
1000,1.0,0.0,1.0,0.0,0.0,0.0,1.0,0.0,0.0,0.2400000000000001,0.7899999999999998,2.221557105636704e-16,0.79,0.79,0.79,0.79,0.79,0.79,0.79,,,0.79,0.79,0.2400000000000001,,,0.0,0.0,young_20_29,Young,evidence_strength_sweep,20260809,0.8357658386230469,0.6686126708984376,
1000,1.0,0.0,1.0,0.0,0.0,0.0,1.0,0.0,0.0,0.14000000000000007,0.69,1.110778552818352e-16,0.6900000000000001,0.6900000000000001,0.6900000000000001,0.6900000000000001,0.6900000000000001,0.6900000000000001,0.6900000000000001,,,0.6900000000000001,0.6900000000000001,0.14000000000000007,,,0.0,0.0,young_20_29,Young,evidence_strength_sweep,20260809,0.8357658386230469,0.835765838623047,
1000,1.0,0.0,1.0,0.0,0.0,0.0,1.0,0.0,0.0,0.09,0.64,0.0,0.64,0.64,0.64,0.64,0.64,0.64,0.64,,,0.64,0.64,0.09,,,0.0,0.0,young_20_29,Young,evidence_strength_sweep,20260809,0.8357658386230469,1.0029190063476563,
1000,1.0,0.0,1.0,0.0,0.0,0.0,1.0,0.0,0.0,0.2400000000000001,0.7899999999999998,2.221557105636704e-16,0.79,0.79,0.79,0.79,0.79,0.79,0.79,,,0.79,0.79,0.2400000000000001,,,0.0,0.0,young_20_29,Young,channel_permutation,20260809,0.8357658386230469,,0.0
1000,1.0,0.0,0.0,1.0,0.0,0.0,1.0,0.0,0.0,0.2400000000000001,0.7899999999999998,2.221557105636704e-16,0.79,0.79,0.79,0.79,0.79,0.79,0.79,,,0.79,0.79,0.2400000000000001,,,0.0,0.0,young_20_29,Young,channel_permutation,20260809,0.8357658386230469,,1.0
1000,1.0,0.0,0.0,0.0,1.0,0.0,1.0,0.0,0.0,0.2400000000000001,0.7899999999999998,2.221557105636704e-16,0.79,0.79,0.79,0.79,0.79,0.79,0.79,,,0.79,0.79,0.2400000000000001,,,0.0,0.0,young_20_29,Young,channel_permutation,20260809,0.8357658386230469,,2.0
1000,1.0,0.0,0.0,0.0,0.0,1.0,1.0,0.0,0.0,0.2400000000000001,0.7899999999999998,2.221557105636704e-16,0.79,0.79,0.79,0.79,0.79,0.79,0.79,,,0.79,0.79,0.2400000000000001,,,0.0,0.0,young_20_29,Young,channel_permutation,20260809,0.8357658386230469,,3.0
1000,0.0,1.0,1.0,0.0,0.0,0.0,1.0,0.0,0.0,0.7899999999999998,1.3400000000000003,2.221557105636704e-16,1.34,1.34,1.34,1.34,1.34,1.34,1.34,,,1.34,1.34,0.7899999999999998,,,0.0,1.0,young_20_29,Young,equal_deterministic,20260810,0.8357658386230469,,
1000,0.086,0.914,0.251,0.225,0.259,0.265,0.251,0.225,0.524,0.7526699999999998,1.30267,0.14276046949926877,1.34,1.34,1.34,1.34,1.34,1.34,1.34,-4.108379526516716,16.298793946869896,0.55,1.34,0.7515537848605577,0.7530440587449935,0.0014902738844357888,0.749,0.914,young_20_29,Young,noise_only,20260810,0.8357658386230469,,
1000,0.0,1.0,1.0,0.0,0.0,0.0,1.0,0.0,0.0,0.7899999999999998,1.3400000000000003,2.221557105636704e-16,1.34,1.34,1.34,1.34,1.34,1.34,1.34,,,1.34,1.34,0.7899999999999998,,,0.0,1.0,young_20_29,Young,weak_target_advantage,20260810,0.8357658386230469,,
1000,1.0,0.0,1.0,0.0,0.0,0.0,1.0,0.0,0.0,0.5499999999999999,1.0999999999999999,2.221557105636704e-16,1.1,1.1,1.1,1.1,1.1,1.1,1.1,,,1.1,1.1,0.5499999999999999,,,0.0,0.0,young_20_29,Young,moderate_target_advantage,20260810,0.8357658386230469,,
1000,1.0,0.0,1.0,0.0,0.0,0.0,1.0,0.0,0.0,0.14000000000000007,0.69,1.110778552818352e-16,0.6900000000000001,0.6900000000000001,0.6900000000000001,0.6900000000000001,0.6900000000000001,0.6900000000000001,0.6900000000000001,,,0.6900000000000001,0.6900000000000001,0.14000000000000007,,,0.0,0.0,young_20_29,Young,strong_target_advantage,20260810,0.8357658386230469,,
1000,1.0,0.0,1.0,0.0,0.0,0.0,1.0,0.0,0.0,0.5199999999999998,1.07,0.0,1.07,1.07,1.07,1.07,1.07,1.07,1.07,,,1.07,1.07,0.5199999999999998,,,0.0,0.0,young_20_29,Young,early_flanker_capture_target_recovery,20260810,0.8357658386230469,,
1000,1.0,0.0,1.0,0.0,0.0,0.0,1.0,0.0,0.0,0.2400000000000001,0.7899999999999998,2.221557105636704e-16,0.79,0.79,0.79,0.79,0.79,0.79,0.79,,,0.79,0.79,0.2400000000000001,,,0.0,0.0,young_20_29,Young,target_first_late_flanker,20260810,0.8357658386230469,,
1000,0.0,1.0,1.0,0.0,0.0,0.0,1.0,0.0,0.0,0.7899999999999998,1.3400000000000003,2.221557105636704e-16,1.34,1.34,1.34,1.34,1.34,1.34,1.34,,,1.34,1.34,0.7899999999999998,,,0.0,1.0,young_20_29,Young,evidence_strength_sweep,20260810,0.8357658386230469,0.0,
1000,0.0,1.0,1.0,0.0,0.0,0.0,1.0,0.0,0.0,0.7899999999999998,1.3400000000000003,2.221557105636704e-16,1.34,1.34,1.34,1.34,1.34,1.34,1.34,,,1.34,1.34,0.7899999999999998,,,0.0,1.0,young_20_29,Young,evidence_strength_sweep,20260810,0.8357658386230469,0.1671531677246094,
1000,0.0,1.0,1.0,0.0,0.0,0.0,1.0,0.0,0.0,0.7899999999999998,1.3400000000000003,2.221557105636704e-16,1.34,1.34,1.34,1.34,1.34,1.34,1.34,,,1.34,1.34,0.7899999999999998,,,0.0,1.0,young_20_29,Young,evidence_strength_sweep,20260810,0.8357658386230469,0.3343063354492188,
1000,1.0,0.0,1.0,0.0,0.0,0.0,1.0,0.0,0.0,0.5499999999999999,1.0999999999999999,2.221557105636704e-16,1.1,1.1,1.1,1.1,1.1,1.1,1.1,,,1.1,1.1,0.5499999999999999,,,0.0,0.0,young_20_29,Young,evidence_strength_sweep,20260810,0.8357658386230469,0.5014595031738281,
1000,1.0,0.0,1.0,0.0,0.0,0.0,1.0,0.0,0.0,0.2400000000000001,0.7899999999999998,2.221557105636704e-16,0.79,0.79,0.79,0.79,0.79,0.79,0.79,,,0.79,0.79,0.2400000000000001,,,0.0,0.0,young_20_29,Young,evidence_strength_sweep,20260810,0.8357658386230469,0.6686126708984376,
1000,1.0,0.0,1.0,0.0,0.0,0.0,1.0,0.0,0.0,0.14000000000000007,0.69,1.110778552818352e-16,0.6900000000000001,0.6900000000000001,0.6900000000000001,0.6900000000000001,0.6900000000000001,0.6900000000000001,0.6900000000000001,,,0.6900000000000001,0.6900000000000001,0.14000000000000007,,,0.0,0.0,young_20_29,Young,evidence_strength_sweep,20260810,0.8357658386230469,0.835765838623047,
1000,1.0,0.0,1.0,0.0,0.0,0.0,1.0,0.0,0.0,0.09,0.64,0.0,0.64,0.64,0.64,0.64,0.64,0.64,0.64,,,0.64,0.64,0.09,,,0.0,0.0,young_20_29,Young,evidence_strength_sweep,20260810,0.8357658386230469,1.0029190063476563,
1000,1.0,0.0,1.0,0.0,0.0,0.0,1.0,0.0,0.0,0.2400000000000001,0.7899999999999998,2.221557105636704e-16,0.79,0.79,0.79,0.79,0.79,0.79,0.79,,,0.79,0.79,0.2400000000000001,,,0.0,0.0,young_20_29,Young,channel_permutation,20260810,0.8357658386230469,,0.0
1000,1.0,0.0,0.0,1.0,0.0,0.0,1.0,0.0,0.0,0.2400000000000001,0.7899999999999998,2.221557105636704e-16,0.79,0.79,0.79,0.79,0.79,0.79,0.79,,,0.79,0.79,0.2400000000000001,,,0.0,0.0,young_20_29,Young,channel_permutation,20260810,0.8357658386230469,,1.0
1000,1.0,0.0,0.0,0.0,1.0,0.0,1.0,0.0,0.0,0.2400000000000001,0.7899999999999998,2.221557105636704e-16,0.79,0.79,0.79,0.79,0.79,0.79,0.79,,,0.79,0.79,0.2400000000000001,,,0.0,0.0,young_20_29,Young,channel_permutation,20260810,0.8357658386230469,,2.0
1000,1.0,0.0,0.0,0.0,0.0,1.0,1.0,0.0,0.0,0.2400000000000001,0.7899999999999998,2.221557105636704e-16,0.79,0.79,0.79,0.79,0.79,0.79,0.79,,,0.79,0.79,0.2400000000000001,,,0.0,0.0,young_20_29,Young,channel_permutation,20260810,0.8357658386230469,,3.0
